version 2
JvmtiExport can_access_local_variables 0
JvmtiExport can_hotswap_or_post_breakpoint 0
JvmtiExport can_post_on_exceptions 0
# 437 ciObject found
instanceKlass lombok/javac/JavacAST
ciInstanceKlass java/lang/Cloneable 1 0 7 100 1 100 1 1 1
instanceKlass  @bci com/sun/tools/javac/code/Symtab lambda$getAllClasses$4 ()Ljava/util/Iterator; 9 <appendix> argL0 ; # com/sun/tools/javac/code/Symtab$$Lambda+0x0000019d5c341160
instanceKlass  @bci com/sun/tools/javac/code/Symtab getAllClasses ()Ljava/lang/Iterable; 1 <appendix> member <vmtarget> ; # com/sun/tools/javac/code/Symtab$$Lambda+0x0000019d5c340f18
instanceKlass  @bci com/sun/tools/javac/processing/JavacProcessingEnvironment$1 visitClassDef (Lcom/sun/tools/javac/tree/JCTree$JCClassDecl;)V 200 <appendix> member <vmtarget> ; # com/sun/tools/javac/processing/JavacProcessingEnvironment$1$$Lambda+0x0000019d5c340ce0
instanceKlass com/sun/tools/javac/processing/JavacProcessingEnvironment$ImplicitCompleter
instanceKlass com/sun/tools/javac/processing/JavacProcessingEnvironment$2
instanceKlass lombok/mapstruct/NotifierHider$AstModificationNotifier
instanceKlass org/mapstruct/ap/internal/util/AnnotationProcessorContext$FaultyDelegatingIterator
instanceKlass org/mapstruct/ap/spi/AstModifyingAnnotationProcessor
instanceKlass  @bci java/util/Collections$UnmodifiableMap$UnmodifiableEntrySet entryConsumer (Ljava/util/function/Consumer;)Ljava/util/function/Consumer; 1 <appendix> member <vmtarget> ; # java/util/Collections$UnmodifiableMap$UnmodifiableEntrySet$$Lambda+0x0000019d5c1eb1f0
instanceKlass  @bci java/util/stream/Collectors uniqKeysMapMerger ()Ljava/util/function/BinaryOperator; 0 <appendix> argL0 ; # java/util/stream/Collectors$$Lambda+0x0000019d5c1eafa8
instanceKlass  @bci java/util/stream/Collectors uniqKeysMapAccumulator (Ljava/util/function/Function;Ljava/util/function/Function;)Ljava/util/function/BiConsumer; 2 <appendix> member <vmtarget> ; # java/util/stream/Collectors$$Lambda+0x0000019d5c1ead70
instanceKlass  @bci java/util/stream/Collectors toMap (Ljava/util/function/Function;Ljava/util/function/Function;)Ljava/util/stream/Collector; 4 <appendix> argL0 ; # java/util/stream/Collectors$$Lambda+0x0000019d5c1eab50
instanceKlass  @bci org/mapstruct/ap/MappingProcessor resolveAdditionalOptions (Ljava/util/Map;)Ljava/util/Map; 27 <appendix> argL0 ; # org/mapstruct/ap/MappingProcessor$$Lambda+0x0000019d5c34ef80
instanceKlass  @bci org/mapstruct/ap/MappingProcessor resolveAdditionalOptions (Ljava/util/Map;)Ljava/util/Map; 22 <appendix> argL0 ; # org/mapstruct/ap/MappingProcessor$$Lambda+0x0000019d5c34ed40
instanceKlass  @bci org/mapstruct/ap/MappingProcessor resolveAdditionalOptions (Ljava/util/Map;)Ljava/util/Map; 12 <appendix> member <vmtarget> ; # org/mapstruct/ap/MappingProcessor$$Lambda+0x0000019d5c34eae8
instanceKlass java/util/Collections$UnmodifiableMap$UnmodifiableEntrySet$UnmodifiableEntrySetSpliterator
instanceKlass org/mapstruct/ap/spi/BuilderProvider
instanceKlass org/mapstruct/ap/spi/AccessorNamingStrategy
instanceKlass org/mapstruct/ap/internal/util/AnnotationProcessorContext
instanceKlass org/mapstruct/ap/spi/MapStructProcessingEnvironment
instanceKlass org/mapstruct/ap/internal/option/Options
instanceKlass org/mapstruct/ap/internal/util/Services
instanceKlass org/mapstruct/ap/spi/AdditionalSupportedOptionsProvider
instanceKlass org/mapstruct/ap/internal/processor/ModelElementProcessor$ProcessorContext
# instanceKlass java/lang/invoke/LambdaForm$MH+0x0000019d5c34c800
# instanceKlass java/lang/invoke/LambdaForm$MH+0x0000019d5c34c400
# instanceKlass java/lang/invoke/LambdaForm$MH+0x0000019d5c34c000
# instanceKlass java/lang/invoke/LambdaForm$MH+0x0000019d5c34bc00
# instanceKlass java/lang/invoke/LambdaForm$MH+0x0000019d5c34b800
# instanceKlass java/lang/invoke/LambdaForm$MH+0x0000019d5c34b400
instanceKlass com/sun/tools/javac/tree/Pretty$1
# instanceKlass java/lang/invoke/LambdaForm$MH+0x0000019d5c34b000
# instanceKlass java/lang/invoke/LambdaForm$MH+0x0000019d5c34ac00
# instanceKlass java/lang/invoke/LambdaForm$MH+0x0000019d5c34a800
# instanceKlass java/lang/invoke/LambdaForm$MH+0x0000019d5c34a400
# instanceKlass java/lang/invoke/LambdaForm$MH+0x0000019d5c34a000
# instanceKlass java/lang/invoke/LambdaForm$MH+0x0000019d5c349c00
# instanceKlass java/lang/invoke/LambdaForm$MH+0x0000019d5c349800
# instanceKlass java/lang/invoke/LambdaForm$MH+0x0000019d5c349400
# instanceKlass java/lang/invoke/LambdaForm$MH+0x0000019d5c349000
# instanceKlass java/lang/invoke/LambdaForm$MH+0x0000019d5c348c00
# instanceKlass java/lang/invoke/LambdaForm$MH+0x0000019d5c348800
# instanceKlass java/lang/invoke/LambdaForm$MH+0x0000019d5c348400
instanceKlass lombok/javac/handlers/JavacHandlerUtil$CopyJavadoc$6
# instanceKlass java/lang/invoke/LambdaForm$MH+0x0000019d5c348000
# instanceKlass java/lang/invoke/LambdaForm$MH+0x0000019d5c347c00
# instanceKlass java/lang/invoke/LambdaForm$MH+0x0000019d5c347800
# instanceKlass java/lang/invoke/LambdaForm$MH+0x0000019d5c347400
# instanceKlass java/lang/invoke/LambdaForm$MH+0x0000019d5c347000
# instanceKlass java/lang/invoke/LambdaForm$DMH+0x0000019d5c346c00
# instanceKlass java/lang/invoke/LambdaForm$MH+0x0000019d5c346800
instanceKlass lombok/Setter$AnyAnnotation
# instanceKlass java/lang/invoke/LambdaForm$MH+0x0000019d5c346400
# instanceKlass java/lang/invoke/LambdaForm$MH+0x0000019d5c346000
# instanceKlass java/lang/invoke/LambdaForm$MH+0x0000019d5c345c00
instanceKlass com/sun/tools/javac/code/DeferredCompletionFailureHandler$DeferredCompleter
# instanceKlass java/lang/invoke/LambdaForm$MH+0x0000019d5c345800
# instanceKlass java/lang/invoke/LambdaForm$MH+0x0000019d5c345400
# instanceKlass java/lang/invoke/LambdaForm$MH+0x0000019d5c345000
# instanceKlass java/lang/invoke/LambdaForm$MH+0x0000019d5c344c00
# instanceKlass java/lang/invoke/LambdaForm$DMH+0x0000019d5c344800
# instanceKlass java/lang/invoke/LambdaForm$MH+0x0000019d5c344400
# instanceKlass java/lang/invoke/LambdaForm$MH+0x0000019d5c344000
instanceKlass com/sun/tools/javac/comp/Annotate$Queues
instanceKlass com/sun/tools/javac/comp/Annotate$AnnotationContext
instanceKlass lombok/javac/handlers/JavacHandlerUtil$EnterReflect
# instanceKlass java/lang/invoke/LambdaForm$MH+0x0000019d5c33bc00
# instanceKlass java/lang/invoke/LambdaForm$MH+0x0000019d5c33b800
instanceKlass lombok/core/CleanupRegistry$CleanupKey
instanceKlass lombok/javac/handlers/JavacHandlerUtil$CopyJavadoc$2$1
instanceKlass lombok/javac/Javac$JavadocOps_8
instanceKlass lombok/core/CleanupTask
# instanceKlass java/lang/invoke/LambdaForm$MH+0x0000019d5c33b400
# instanceKlass java/lang/invoke/LambdaForm$MH+0x0000019d5c33b000
# instanceKlass java/lang/invoke/LambdaForm$MH+0x0000019d5c33ac00
# instanceKlass java/lang/invoke/LambdaForm$MH+0x0000019d5c33a800
# instanceKlass java/lang/invoke/LambdaForm$MH+0x0000019d5c33a400
# instanceKlass java/lang/invoke/LambdaForm$MH+0x0000019d5c33a000
# instanceKlass java/lang/invoke/LambdaForm$MH+0x0000019d5c339c00
# instanceKlass java/lang/invoke/LambdaForm$DMH+0x0000019d5c339800
# instanceKlass java/lang/invoke/LambdaForm$MH+0x0000019d5c339400
# instanceKlass java/lang/invoke/LambdaForm$MH+0x0000019d5c339000
# instanceKlass java/lang/invoke/LambdaForm$MH+0x0000019d5c338c00
# instanceKlass java/lang/invoke/LambdaForm$BMH+0x0000019d5c338800
# instanceKlass java/lang/invoke/LambdaForm$DMH+0x0000019d5c338400
# instanceKlass java/lang/invoke/LambdaForm$MH+0x0000019d5c338000
# instanceKlass java/lang/invoke/LambdaForm$DMH+0x0000019d5c337c00
# instanceKlass java/lang/invoke/LambdaForm$DMH+0x0000019d5c337800
# instanceKlass java/lang/invoke/LambdaForm$MH+0x0000019d5c337400
# instanceKlass java/lang/invoke/LambdaForm$MH+0x0000019d5c337000
# instanceKlass java/lang/invoke/LambdaForm$MH+0x0000019d5c336c00
# instanceKlass java/lang/invoke/LambdaForm$DMH+0x0000019d5c336800
# instanceKlass java/lang/invoke/LambdaForm$MH+0x0000019d5c336400
# instanceKlass java/lang/invoke/LambdaForm$MH+0x0000019d5c336000
# instanceKlass java/lang/invoke/LambdaForm$MH+0x0000019d5c335c00
# instanceKlass java/lang/invoke/LambdaForm$MH+0x0000019d5c335800
# instanceKlass java/lang/invoke/LambdaForm$BMH+0x0000019d5c335400
# instanceKlass java/lang/invoke/LambdaForm$DMH+0x0000019d5c335000
# instanceKlass java/lang/invoke/LambdaForm$DMH+0x0000019d5c334c00
# instanceKlass java/lang/invoke/LambdaForm$MH+0x0000019d5c334800
# instanceKlass java/lang/invoke/LambdaForm$MH+0x0000019d5c334400
# instanceKlass java/lang/invoke/LambdaForm$MH+0x0000019d5c334000
instanceKlass lombok/core/AnnotationValues$1
instanceKlass lombok/delombok/FormatPreferences
instanceKlass lombok/delombok/LombokOptionsFactory
instanceKlass lombok/core/configuration/AllowHelper
instanceKlass  @bci java/util/regex/Pattern SingleI (II)Ljava/util/regex/Pattern$BmpCharPredicate; 2 <appendix> member <vmtarget> ; # java/util/regex/Pattern$$Lambda+0x0000019d5c1e9c20
instanceKlass lombok/experimental/FieldDefaults
instanceKlass lombok/core/handlers/HandlerUtil
instanceKlass lombok/core/AnnotationValues
instanceKlass lombok/core/AnnotationValues$AnnotationValue
instanceKlass lombok/Getter$AnyAnnotation
instanceKlass lombok/core/FieldAugment
instanceKlass lombok/javac/JavacAugments
instanceKlass lombok/core/configuration/ConfigurationSource
# instanceKlass java/lang/invoke/LambdaForm$MH+0x0000019d5c32f400
# instanceKlass java/lang/invoke/LambdaForm$MH+0x0000019d5c32f000
# instanceKlass java/lang/invoke/LambdaForm$MH+0x0000019d5c32ec00
# instanceKlass java/lang/invoke/LambdaForm$MH+0x0000019d5c32e800
# instanceKlass java/lang/invoke/LambdaForm$MH+0x0000019d5c32e400
# instanceKlass java/lang/invoke/LambdaForm$MH+0x0000019d5c32e000
# instanceKlass java/lang/invoke/LambdaForm$MH+0x0000019d5c32dc00
# instanceKlass java/lang/invoke/LambdaForm$MH+0x0000019d5c32d800
# instanceKlass java/lang/invoke/LambdaForm$MH+0x0000019d5c32d400
# instanceKlass java/lang/invoke/LambdaForm$MH+0x0000019d5c32d000
# instanceKlass java/lang/invoke/LambdaForm$MH+0x0000019d5c32cc00
# instanceKlass java/lang/invoke/LambdaForm$MH+0x0000019d5c32c800
# instanceKlass java/lang/invoke/LambdaForm$MH+0x0000019d5c32c400
# instanceKlass java/lang/invoke/LambdaForm$MH+0x0000019d5c32c000
# instanceKlass java/lang/invoke/LambdaForm$MH+0x0000019d5c32bc00
# instanceKlass java/lang/invoke/LambdaForm$MH+0x0000019d5c32b800
# instanceKlass java/lang/invoke/LambdaForm$MH+0x0000019d5c32b400
# instanceKlass java/lang/invoke/LambdaForm$MH+0x0000019d5c32b000
# instanceKlass java/lang/invoke/LambdaForm$MH+0x0000019d5c32ac00
# instanceKlass java/lang/invoke/LambdaForm$MH+0x0000019d5c32a800
# instanceKlass java/lang/invoke/LambdaForm$MH+0x0000019d5c32a400
# instanceKlass java/lang/invoke/LambdaForm$MH+0x0000019d5c32a000
# instanceKlass java/lang/invoke/LambdaForm$MH+0x0000019d5c329c00
# instanceKlass java/lang/invoke/LambdaForm$MH+0x0000019d5c329800
# instanceKlass java/lang/invoke/LambdaForm$MH+0x0000019d5c329400
# instanceKlass java/lang/invoke/LambdaForm$MH+0x0000019d5c329000
# instanceKlass java/lang/invoke/LambdaForm$MH+0x0000019d5c328c00
# instanceKlass java/lang/invoke/LambdaForm$MH+0x0000019d5c328800
# instanceKlass java/lang/invoke/LambdaForm$MH+0x0000019d5c328400
# instanceKlass java/lang/invoke/LambdaForm$MH+0x0000019d5c328000
instanceKlass lombok/core/TypeResolver
instanceKlass lombok/core/AST$FieldAccess
instanceKlass lombok/core/LombokImmutableList$1
instanceKlass lombok/javac/JavacImportList
instanceKlass lombok/javac/PackageName
instanceKlass lombok/core/configuration/FileSystemSourceCache$Content
instanceKlass lombok/core/configuration/ConfigurationFile
instanceKlass lombok/core/configuration/BubblingConfigurationResolver
instanceKlass lombok/core/LombokConfiguration$3
instanceKlass lombok/core/configuration/FileSystemSourceCache$1
instanceKlass lombok/core/configuration/ConfigurationProblemReporter$1
instanceKlass lombok/core/configuration/ConfigurationProblemReporter
instanceKlass lombok/core/configuration/ConfigurationParser
instanceKlass lombok/core/configuration/ConfigurationFileToSource
instanceKlass lombok/core/configuration/FileSystemSourceCache
instanceKlass lombok/core/LombokConfiguration$1
instanceKlass lombok/core/configuration/ConfigurationResolverFactory
instanceKlass lombok/core/configuration/ConfigurationResolver
instanceKlass lombok/core/LombokConfiguration
instanceKlass sun/nio/fs/WindowsUriSupport
instanceKlass lombok/core/ImportList
instanceKlass java/util/function/UnaryOperator
instanceKlass  @bci java/lang/Class methodToString (Ljava/lang/String;[Ljava/lang/Class;)Ljava/lang/String; 42 <appendix> argL0 ; # java/lang/Class$$Lambda+0x0000019d5c1e9390
instanceKlass lombok/javac/JavacAST$ErrorLog
instanceKlass java/util/IdentityHashMap$EntryIterator$Entry
instanceKlass com/sun/tools/javac/model/JavacElements$1
instanceKlass javax/annotation/processing/SupportedOptions
instanceKlass com/sun/tools/javac/util/MatchingUtils
instanceKlass javax/annotation/processing/SupportedAnnotationTypes
instanceKlass lombok/javac/HandlerLibrary$VisitorContainer
instanceKlass lombok/experimental/WithBy
instanceKlass lombok/With
instanceKlass lombok/Value
instanceKlass lombok/javac/JavacASTAdapter
instanceKlass lombok/experimental/UtilityClass
instanceKlass lombok/ToString
instanceKlass lombok/Synchronized
instanceKlass lombok/experimental/SuperBuilder
instanceKlass lombok/javac/handlers/JavacSingularsRecipes$StatementMaker
instanceKlass lombok/javac/handlers/JavacSingularsRecipes$ExpressionMaker
instanceKlass lombok/javac/handlers/HandleBuilder$BuilderJob
instanceKlass lombok/experimental/StandardException
instanceKlass lombok/SneakyThrows
instanceKlass lombok/Singular
instanceKlass lombok/Setter
instanceKlass lombok/core/PrintAST
instanceKlass lombok/NonNull
instanceKlass lombok/extern/slf4j/XSlf4j
instanceKlass lombok/extern/slf4j/Slf4j
instanceKlass lombok/extern/log4j/Log4j
instanceKlass lombok/extern/log4j/Log4j2
instanceKlass lombok/extern/java/Log
instanceKlass lombok/extern/jbosslog/JBossLog
instanceKlass lombok/extern/flogger/Flogger
instanceKlass lombok/CustomLog
instanceKlass lombok/extern/apachecommons/CommonsLog
instanceKlass lombok/Locked$Write
instanceKlass lombok/Locked$Read
instanceKlass lombok/Locked
instanceKlass lombok/extern/jackson/Jacksonized
instanceKlass lombok/experimental/Helper
instanceKlass lombok/Getter
instanceKlass lombok/experimental/FieldNameConstants
instanceKlass lombok/core/LombokImmutableList
instanceKlass lombok/core/JavaIdentifiers
instanceKlass lombok/experimental/ExtensionMethod
instanceKlass lombok/EqualsAndHashCode
instanceKlass lombok/experimental/Delegate
instanceKlass lombok/Data
instanceKlass lombok/RequiredArgsConstructor
instanceKlass lombok/NoArgsConstructor
instanceKlass lombok/AllArgsConstructor
instanceKlass lombok/Cleanup
instanceKlass lombok/Builder$Default
instanceKlass lombok/Builder
instanceKlass lombok/javac/handlers/HandleConstructor
instanceKlass lombok/core/LombokInternalAliasing
instanceKlass lombok/core/AlreadyHandledAnnotations
instanceKlass lombok/javac/ResolutionResetNeeded
instanceKlass lombok/core/HandlerPriority
instanceKlass lombok/javac/HandlerLibrary$AnnotationHandlerContainer
instanceKlass lombok/experimental/Accessors
instanceKlass lombok/javac/JavacAnnotationHandler
instanceKlass lombok/core/SpiLoadUtil$1$1
instanceKlass lombok/core/SpiLoadUtil$1
instanceKlass java/util/Vector$1
instanceKlass lombok/core/SpiLoadUtil
instanceKlass lombok/core/configuration/ConfigurationKeysLoader
instanceKlass lombok/core/configuration/CheckerFrameworkVersion
instanceKlass lombok/core/configuration/TypeName
instanceKlass lombok/core/configuration/LogDeclaration
instanceKlass lombok/core/configuration/IdentifierName
instanceKlass lombok/core/configuration/ConfigurationDataType$6
instanceKlass lombok/core/configuration/ConfigurationDataType$7
instanceKlass lombok/core/configuration/NullAnnotationLibrary
instanceKlass lombok/core/configuration/ConfigurationValueType
instanceKlass lombok/core/configuration/ConfigurationDataType$5
instanceKlass lombok/core/configuration/ConfigurationDataType$4
instanceKlass lombok/core/configuration/ConfigurationDataType$3
instanceKlass lombok/core/configuration/ConfigurationDataType$2
instanceKlass lombok/core/configuration/ConfigurationDataType$1
instanceKlass lombok/core/configuration/ConfigurationValueParser
instanceKlass lombok/core/configuration/ConfigurationDataType
instanceKlass lombok/core/configuration/ConfigurationKey
instanceKlass lombok/ConfigurationKeys
instanceKlass lombok/core/configuration/ConfigurationKeysLoader$LoaderLoader
instanceKlass lombok/core/TypeLibrary
instanceKlass lombok/javac/HandlerLibrary
instanceKlass lombok/javac/JavacASTVisitor
instanceKlass lombok/javac/JavacTransformer
instanceKlass java/text/BreakIterator
instanceKlass com/sun/tools/javac/api/JavacScope
instanceKlass com/sun/source/util/DocTreePath
# instanceKlass java/lang/invoke/LambdaForm$MH+0x0000019d5c304400
# instanceKlass java/lang/invoke/LambdaForm$MH+0x0000019d5c304000
instanceKlass com/sun/source/util/TaskEvent
instanceKlass lombok/core/AST
instanceKlass lombok/core/LombokNode
instanceKlass lombok/javac/handlers/JavacHandlerUtil
instanceKlass lombok/javac/JavacTreeMaker$FieldId
instanceKlass lombok/javac/JavacTreeMaker$MethodId
instanceKlass lombok/javac/JavacTreeMaker
instanceKlass javax/lang/model/type/TypeVisitor
instanceKlass lombok/javac/JavacTreeMaker$SchroedingerType
instanceKlass lombok/javac/Javac
instanceKlass lombok/javac/apt/Java9Compiler
instanceKlass lombok/javac/apt/LombokFileObjects$Compiler
instanceKlass lombok/javac/apt/LombokFileObject
instanceKlass lombok/javac/apt/LombokFileObjects
instanceKlass lombok/javac/apt/MessagerDiagnosticsReceiver
instanceKlass javax/tools/ForwardingJavaFileManager
# instanceKlass java/lang/invoke/LambdaForm$MH+0x0000019d5c2ff800
# instanceKlass java/lang/invoke/LambdaForm$MH+0x0000019d5c2ff400
# instanceKlass java/lang/invoke/LambdaForm$MH+0x0000019d5c2ff000
instanceKlass java/lang/invoke/LambdaFormEditor$1
instanceKlass lombok/permit/dummy/Parent
instanceKlass jdk/internal/classfile/ClassElement
instanceKlass jdk/internal/classfile/ClassfileElement
instanceKlass jdk/internal/classfile/ClassBuilder
instanceKlass jdk/internal/classfile/ClassfileBuilder
instanceKlass java/lang/reflect/AnnotatedType
instanceKlass java/lang/Class$EnclosingMethodInfo
instanceKlass lombok/core/CleanupRegistry
instanceKlass lombok/permit/Permit$Fake
instanceKlass lombok/permit/Permit
instanceKlass lombok/core/DiagnosticsReceiver
instanceKlass lombok/launch/AnnotationProcessorHider$AstModificationNotifierData
instanceKlass lombok/core/AnnotationProcessor$ProcessorDescriptor
instanceKlass lombok/launch/ClassFileMetaData
instanceKlass java/util/zip/ZipFile$ZipEntryIterator
instanceKlass java/util/WeakHashMap$HashIterator
instanceKlass java/net/URLDecoder
instanceKlass lombok/launch/PackageShader
instanceKlass lombok/launch/Main
instanceKlass com/sun/tools/javac/processing/JavacProcessingEnvironment$ProcessorState
instanceKlass com/sun/tools/javac/processing/JavacRoundEnvironment
instanceKlass javax/lang/model/util/AbstractElementVisitor6
instanceKlass javax/lang/model/element/ElementVisitor
instanceKlass  @bci com/sun/tools/javac/processing/JavacProcessingEnvironment$Round <init> (Lcom/sun/tools/javac/processing/JavacProcessingEnvironment;ILjava/util/Set;Lcom/sun/tools/javac/util/Log$DeferredDiagnosticHandler;)V 19 <appendix> argL0 ; # com/sun/tools/javac/processing/JavacProcessingEnvironment$Round$$Lambda+0x0000019d5c2f6e48
instanceKlass  @bci com/sun/tools/javac/processing/JavacProcessingEnvironment$Round <init> (Lcom/sun/tools/javac/processing/JavacProcessingEnvironment;ILjava/util/Set;Lcom/sun/tools/javac/util/Log$DeferredDiagnosticHandler;)V 10 <appendix> argL0 ; # com/sun/tools/javac/processing/JavacProcessingEnvironment$Round$$Lambda+0x0000019d5c2f6bf8
instanceKlass com/sun/tools/javac/processing/JavacProcessingEnvironment$Round
instanceKlass  @bci com/sun/tools/javac/comp/Check lambda$validateAnnotation$24 (Lcom/sun/tools/javac/code/Attribute$Compound;)Z 15 <appendix> member <vmtarget> ; # com/sun/tools/javac/comp/Check$$Lambda+0x0000019d5c2f6750
instanceKlass  @bci com/sun/tools/javac/comp/Check validateAnnotation (Lcom/sun/tools/javac/tree/JCTree$JCAnnotation;Lcom/sun/tools/javac/tree/JCTree;Lcom/sun/tools/javac/code/Symbol;)V 279 <appendix> member <vmtarget> ; # com/sun/tools/javac/comp/Check$$Lambda+0x0000019d5c2f64f8
instanceKlass com/sun/tools/javac/code/TypeAnnotationPosition$TypePathEntry
instanceKlass  @bci com/sun/tools/javac/code/TypeAnnotations$TypeAnnotationPositions visitClassDef (Lcom/sun/tools/javac/tree/JCTree$JCClassDecl;)V 78 <appendix> member <vmtarget> ; # com/sun/tools/javac/code/TypeAnnotations$TypeAnnotationPositions$$Lambda+0x0000019d5c2f5c70
instanceKlass com/sun/tools/javac/code/TypeAnnotations$TypeAnnotationPositions$1
instanceKlass  @bci com/sun/tools/javac/code/TypeAnnotations annotationTargetType (Lcom/sun/tools/javac/tree/JCTree;Lcom/sun/tools/javac/code/Attribute$Compound;Lcom/sun/tools/javac/code/Symbol;)Lcom/sun/tools/javac/code/TypeAnnotations$AnnotationType; 64 <appendix> member <vmtarget> ; # com/sun/tools/javac/code/TypeAnnotations$$Lambda+0x0000019d5c2f54d0
instanceKlass  @bci com/sun/tools/javac/code/TypeAnnotations annotationTargetType (Lcom/sun/tools/javac/tree/JCTree;Lcom/sun/tools/javac/code/Attribute$Compound;Lcom/sun/tools/javac/code/Symbol;)Lcom/sun/tools/javac/code/TypeAnnotations$AnnotationType; 50 <appendix> member <vmtarget> ; # com/sun/tools/javac/code/TypeAnnotations$$Lambda+0x0000019d5c2f5090
instanceKlass  @bci com/sun/tools/javac/code/TypeAnnotations annotationTargets (Lcom/sun/tools/javac/code/Symbol$TypeSymbol;)Lcom/sun/tools/javac/util/List; 56 <appendix> argL0 ; # com/sun/tools/javac/code/TypeAnnotations$$Lambda+0x0000019d5c2f4bf8
instanceKlass com/sun/tools/javac/code/TypeAnnotationPosition
instanceKlass com/sun/tools/javac/comp/ConstFold$1
instanceKlass com/sun/tools/javac/code/Flags
instanceKlass  @bci com/sun/tools/javac/code/Type constValue ()Ljava/lang/Object; 3 <appendix> argL0 ; # com/sun/tools/javac/code/Type$$Lambda+0x0000019d5c2f3ee0
instanceKlass com/sun/tools/javac/comp/Resolve$MethodResolutionContext$Candidate
instanceKlass com/sun/tools/javac/code/Types$ImplementationCache$Entry
instanceKlass  @bci com/sun/tools/javac/code/Types membersClosure (Lcom/sun/tools/javac/code/Type;Z)Lcom/sun/tools/javac/code/Scope$CompoundScope; 15 <appendix> member <vmtarget> ; # com/sun/tools/javac/code/Types$$Lambda+0x0000019d5c2f3408
instanceKlass com/sun/tools/javac/comp/Resolve$LookupFilter
instanceKlass com/sun/tools/javac/comp/Resolve$MethodResolutionContext
instanceKlass  @bci com/sun/tools/javac/jvm/ClassReader$ProxyType resolve ()Lcom/sun/tools/javac/code/Type; 8 <appendix> member <vmtarget> ; # com/sun/tools/javac/jvm/ClassReader$ProxyType$$Lambda+0x0000019d5c2f2070
instanceKlass com/sun/tools/javac/jvm/ClassReader$ParameterAnnotations
instanceKlass  @bci com/sun/tools/javac/comp/Check checkDeprecated (Ljava/util/function/Supplier;Lcom/sun/tools/javac/code/Symbol;Lcom/sun/tools/javac/code/Symbol;)V 56 <appendix> member <vmtarget> ; # com/sun/tools/javac/comp/Check$$Lambda+0x0000019d5c2f1a38
instanceKlass com/sun/tools/javac/code/DeferredLintHandler$LintLogger
instanceKlass com/sun/tools/javac/code/Types$25
instanceKlass  @bci com/sun/tools/javac/util/JCDiagnostic$Factory normalize (Lcom/sun/tools/javac/util/JCDiagnostic$DiagnosticInfo;)Lcom/sun/tools/javac/util/JCDiagnostic$DiagnosticInfo; 20 <appendix> member <vmtarget> ; # com/sun/tools/javac/util/JCDiagnostic$Factory$$Lambda+0x0000019d5c2f13e8
instanceKlass com/sun/tools/javac/code/Kinds
instanceKlass com/sun/tools/javac/comp/Resolve$19
instanceKlass  @bci com/sun/tools/javac/code/Symbol$VarSymbol setLazyConstValue (Lcom/sun/tools/javac/comp/Env;Lcom/sun/tools/javac/comp/Env;Lcom/sun/tools/javac/comp/Attr;Lcom/sun/tools/javac/tree/JCTree$JCVariableDecl;)V 7 <appendix> member <vmtarget> ; # com/sun/tools/javac/code/Symbol$VarSymbol$$Lambda+0x0000019d5c2f0db0
instanceKlass  @bci com/sun/tools/javac/comp/TypeEnter$MembersPhase getCanonicalConstructorDecl (Lcom/sun/tools/javac/tree/JCTree$JCClassDecl;)Lcom/sun/tools/javac/tree/JCTree$JCMethodDecl; 93 <appendix> argL0 ; # com/sun/tools/javac/comp/TypeEnter$MembersPhase$$Lambda+0x0000019d5c2f0b70
instanceKlass  @bci com/sun/tools/javac/comp/TypeEnter$MembersPhase getCanonicalConstructorDecl (Lcom/sun/tools/javac/tree/JCTree$JCClassDecl;)Lcom/sun/tools/javac/tree/JCTree$JCMethodDecl; 11 <appendix> argL0 ; # com/sun/tools/javac/comp/TypeEnter$MembersPhase$$Lambda+0x0000019d5c2f0930
instanceKlass  @bci com/sun/tools/javac/code/Types$TypeMapping visit (Lcom/sun/tools/javac/util/List;Ljava/lang/Object;)Lcom/sun/tools/javac/util/List; 3 <appendix> member <vmtarget> ; # com/sun/tools/javac/code/Types$TypeMapping$$Lambda+0x0000019d5c2f06e8
instanceKlass  @bci com/sun/tools/javac/comp/TypeEnter$MembersPhase addAccessor (Lcom/sun/tools/javac/tree/JCTree$JCVariableDecl;Lcom/sun/tools/javac/comp/Env;)V 129 <appendix> member <vmtarget> ; # com/sun/tools/javac/comp/TypeEnter$MembersPhase$$Lambda+0x0000019d5c2f0490
instanceKlass  @bci com/sun/tools/javac/comp/TypeEnter$MembersPhase addRecordMembersIfNeeded (Lcom/sun/tools/javac/tree/JCTree$JCClassDecl;Lcom/sun/tools/javac/comp/Env;)V 464 <appendix> member <vmtarget> ; # com/sun/tools/javac/comp/TypeEnter$MembersPhase$$Lambda+0x0000019d5c2f0258
instanceKlass  @bci com/sun/tools/javac/comp/TypeEnter$MembersPhase addRecordMembersIfNeeded (Lcom/sun/tools/javac/tree/JCTree$JCClassDecl;Lcom/sun/tools/javac/comp/Env;)V 452 <appendix> member <vmtarget> ; # com/sun/tools/javac/comp/TypeEnter$MembersPhase$$Lambda+0x0000019d5c2f0000
instanceKlass  @bci com/sun/tools/javac/comp/TypeEnter lookupMethod (Lcom/sun/tools/javac/code/Symbol$TypeSymbol;Lcom/sun/tools/javac/util/Name;Lcom/sun/tools/javac/util/List;)Lcom/sun/tools/javac/code/Symbol$MethodSymbol; 5 <appendix> argL0 ; # com/sun/tools/javac/comp/TypeEnter$$Lambda+0x0000019d5c2e8400
instanceKlass  @bci com/sun/tools/javac/comp/TypeEnter$MembersPhase finishClass (Lcom/sun/tools/javac/tree/JCTree$JCClassDecl;Lcom/sun/tools/javac/tree/JCTree;Lcom/sun/tools/javac/comp/Env;)V 123 <appendix> member <vmtarget> ; # com/sun/tools/javac/comp/TypeEnter$MembersPhase$$Lambda+0x0000019d5c2e8c58
instanceKlass com/sun/tools/javac/tree/TreeMaker$2
instanceKlass  @bci com/sun/tools/javac/comp/TypeEnter$RecordConstructorHelper <init> (Lcom/sun/tools/javac/comp/TypeEnter;Lcom/sun/tools/javac/code/Symbol$ClassSymbol;Lcom/sun/tools/javac/util/List;)V 24 <appendix> argL0 ; # com/sun/tools/javac/comp/TypeEnter$RecordConstructorHelper$$Lambda+0x0000019d5c2e8800
instanceKlass  @bci com/sun/tools/javac/tree/TreeInfo recordFields (Lcom/sun/tools/javac/tree/JCTree$JCClassDecl;)Lcom/sun/tools/javac/util/List; 27 <appendix> argL0 ; # com/sun/tools/javac/tree/TreeInfo$$Lambda+0x0000019d5c2e96e8
instanceKlass  @bci com/sun/tools/javac/tree/TreeInfo recordFields (Lcom/sun/tools/javac/tree/JCTree$JCClassDecl;)Lcom/sun/tools/javac/util/List; 17 <appendix> argL0 ; # com/sun/tools/javac/tree/TreeInfo$$Lambda+0x0000019d5c2e94a8
instanceKlass  @bci com/sun/tools/javac/tree/TreeInfo recordFields (Lcom/sun/tools/javac/tree/JCTree$JCClassDecl;)Lcom/sun/tools/javac/util/List; 7 <appendix> argL0 ; # com/sun/tools/javac/tree/TreeInfo$$Lambda+0x0000019d5c2e9258
instanceKlass  @bci com/sun/tools/javac/comp/Check checkUniqueImport (Lcom/sun/tools/javac/util/JCDiagnostic$DiagnosticPosition;Lcom/sun/tools/javac/code/Scope;Lcom/sun/tools/javac/code/Scope;Lcom/sun/tools/javac/code/Scope;Lcom/sun/tools/javac/code/Symbol;Z)Z 2 <appendix> member <vmtarget> ; # com/sun/tools/javac/comp/Check$$Lambda+0x0000019d5c2e9000
instanceKlass  @bci com/sun/tools/javac/comp/Check checkImportsUnique (Lcom/sun/tools/javac/tree/JCTree$JCCompilationUnit;)V 90 <appendix> argL0 ; # com/sun/tools/javac/comp/Check$$Lambda+0x0000019d5c2ebd58
instanceKlass  @bci com/sun/tools/javac/comp/TypeEnter complete (Lcom/sun/tools/javac/code/Symbol;)V 191 <appendix> argL0 ; # com/sun/tools/javac/comp/TypeEnter$$Lambda+0x0000019d5c2ebb38
instanceKlass  @bci com/sun/tools/javac/code/TypeAnnotations validateTypeAnnotationsSignatures (Lcom/sun/tools/javac/comp/Env;Lcom/sun/tools/javac/tree/JCTree$JCClassDecl;)V 7 <appendix> member <vmtarget> ; # com/sun/tools/javac/code/TypeAnnotations$$Lambda+0x0000019d5c2eb910
instanceKlass  @bci com/sun/tools/javac/code/TypeAnnotations organizeTypeAnnotationsSignatures (Lcom/sun/tools/javac/comp/Env;Lcom/sun/tools/javac/tree/JCTree$JCClassDecl;)V 7 <appendix> member <vmtarget> ; # com/sun/tools/javac/code/TypeAnnotations$$Lambda+0x0000019d5c2eb6e8
instanceKlass  @bci com/sun/tools/javac/jvm/ClassReader$11 read (Lcom/sun/tools/javac/code/Symbol;I)V 74 <appendix> member <vmtarget> ; # com/sun/tools/javac/jvm/ClassReader$11$$Lambda+0x0000019d5c2eb4c0
instanceKlass com/sun/tools/javac/util/Iterators$1
instanceKlass  @bci com/sun/tools/javac/code/Scope$FilterImportScope lambda$getSymbolsByName$3 (Lcom/sun/tools/javac/util/List;)Ljava/util/Iterator; 10 <appendix> member <vmtarget> ; # com/sun/tools/javac/code/Scope$FilterImportScope$$Lambda+0x0000019d5c2eb008
instanceKlass  @bci com/sun/tools/javac/code/Scope$FilterImportScope lambda$getSymbolsByName$3 (Lcom/sun/tools/javac/util/List;)Ljava/util/Iterator; 1 <appendix> argL0 ; # com/sun/tools/javac/code/Scope$FilterImportScope$$Lambda+0x0000019d5c2eadc8
instanceKlass  @bci com/sun/tools/javac/code/Scope$FilterImportScope getSymbolsByName (Lcom/sun/tools/javac/util/Name;Ljava/util/function/Predicate;Lcom/sun/tools/javac/code/Scope$LookupKind;)Ljava/lang/Iterable; 62 <appendix> member <vmtarget> ; # com/sun/tools/javac/code/Scope$FilterImportScope$$Lambda+0x0000019d5c2eab80
instanceKlass  @bci com/sun/tools/javac/code/Scope$CompoundScope lambda$getSymbolsByName$3 (Lcom/sun/tools/javac/util/Name;Ljava/util/function/Predicate;Lcom/sun/tools/javac/code/Scope$LookupKind;)Ljava/util/Iterator; 7 <appendix> member <vmtarget> ; # com/sun/tools/javac/code/Scope$CompoundScope$$Lambda+0x0000019d5c2ea938
instanceKlass  @bci com/sun/tools/javac/code/Scope$CompoundScope getSymbolsByName (Lcom/sun/tools/javac/util/Name;Ljava/util/function/Predicate;Lcom/sun/tools/javac/code/Scope$LookupKind;)Ljava/lang/Iterable; 4 <appendix> member <vmtarget> ; # com/sun/tools/javac/code/Scope$CompoundScope$$Lambda+0x0000019d5c2ea6f0
instanceKlass  @bci com/sun/tools/javac/comp/TypeEnter defaultConstructor (Lcom/sun/tools/javac/tree/TreeMaker;Lcom/sun/tools/javac/comp/TypeEnter$DefaultConstructorHelper;)Lcom/sun/tools/javac/tree/JCTree; 144 <appendix> member <vmtarget> ; # com/sun/tools/javac/comp/TypeEnter$$Lambda+0x0000019d5c2ea4a8
instanceKlass com/sun/tools/javac/comp/TypeEnter$BasicConstructorHelper
instanceKlass  @bci com/sun/tools/javac/comp/Annotate annotateLater (Lcom/sun/tools/javac/util/List;Lcom/sun/tools/javac/comp/Env;Lcom/sun/tools/javac/code/Symbol;Lcom/sun/tools/javac/util/JCDiagnostic$DiagnosticPosition;)V 32 <appendix> member <vmtarget> ; # com/sun/tools/javac/comp/Annotate$$Lambda+0x0000019d5c2ea000
instanceKlass  @bci com/sun/tools/javac/comp/Annotate annotateLater (Lcom/sun/tools/javac/util/List;Lcom/sun/tools/javac/comp/Env;Lcom/sun/tools/javac/code/Symbol;Lcom/sun/tools/javac/util/JCDiagnostic$DiagnosticPosition;)V 19 <appendix> member <vmtarget> ; # com/sun/tools/javac/comp/Annotate$$Lambda+0x0000019d5c2efd68
instanceKlass com/sun/tools/javac/code/SymbolMetadata
instanceKlass  @bci com/sun/tools/javac/comp/Annotate queueScanTreeAndTypeAnnotate (Lcom/sun/tools/javac/tree/JCTree;Lcom/sun/tools/javac/comp/Env;Lcom/sun/tools/javac/code/Symbol;Lcom/sun/tools/javac/util/JCDiagnostic$DiagnosticPosition;)V 12 <appendix> member <vmtarget> ; # com/sun/tools/javac/comp/Annotate$$Lambda+0x0000019d5c2ef898
instanceKlass  @bci com/sun/tools/javac/code/Scope$NamedImportScope lambda$getSymbolsByName$1 ([Lcom/sun/tools/javac/code/Scope;Lcom/sun/tools/javac/util/Name;Ljava/util/function/Predicate;Lcom/sun/tools/javac/code/Scope$LookupKind;)Ljava/util/Iterator; 7 <appendix> member <vmtarget> ; # com/sun/tools/javac/code/Scope$NamedImportScope$$Lambda+0x0000019d5c2ef1f0
instanceKlass  @bci com/sun/tools/javac/code/Scope$NamedImportScope getSymbolsByName (Lcom/sun/tools/javac/util/Name;Ljava/util/function/Predicate;Lcom/sun/tools/javac/code/Scope$LookupKind;)Ljava/lang/Iterable; 29 <appendix> member <vmtarget> ; # com/sun/tools/javac/code/Scope$NamedImportScope$$Lambda+0x0000019d5c2eefa8
instanceKlass com/sun/tools/javac/comp/TypeEnter$1
instanceKlass com/sun/tools/javac/jvm/ClassReader$CompleterDeproxy
instanceKlass  @bci com/sun/tools/javac/jvm/ClassReader parameter (IILcom/sun/tools/javac/code/Type;Lcom/sun/tools/javac/code/Symbol$MethodSymbol;Ljava/util/Set;)Lcom/sun/tools/javac/code/Symbol$VarSymbol; 155 <appendix> member <vmtarget> ; # com/sun/tools/javac/jvm/ClassReader$$Lambda+0x0000019d5c2ee438
instanceKlass  @bci com/sun/tools/javac/jvm/ClassReader parameter (IILcom/sun/tools/javac/code/Type;Lcom/sun/tools/javac/code/Symbol$MethodSymbol;Ljava/util/Set;)Lcom/sun/tools/javac/code/Symbol$VarSymbol; 83 <appendix> member <vmtarget> ; # com/sun/tools/javac/jvm/ClassReader$$Lambda+0x0000019d5c2edcb0
instanceKlass com/sun/tools/javac/jvm/Code$1
instanceKlass com/sun/tools/javac/jvm/ClassReader$28
instanceKlass  @bci com/sun/tools/javac/jvm/PoolReader getType (I)Lcom/sun/tools/javac/code/Type; 14 <appendix> member <vmtarget> ; # com/sun/tools/javac/jvm/PoolReader$$Lambda+0x0000019d5c2ec000
instanceKlass  @cpi com/sun/tools/javac/jvm/PoolReader 361 form vmentry <vmtarget> ; # java/lang/invoke/LambdaForm$DMH+0x0000019d5c2e8000
instanceKlass com/sun/tools/javac/util/Name$NameMapper
instanceKlass  @bci com/sun/tools/javac/code/Scope$ScopeImpl remove (Lcom/sun/tools/javac/code/Symbol;)V 21 <appendix> member <vmtarget> ; # com/sun/tools/javac/code/Scope$ScopeImpl$$Lambda+0x0000019d5c2e5cd0
instanceKlass  @bci com/sun/tools/javac/jvm/ClassReader readInnerClasses (Lcom/sun/tools/javac/code/Symbol$ClassSymbol;)V 67 <appendix> member <vmtarget> ; # com/sun/tools/javac/jvm/ClassReader$$Lambda+0x0000019d5c2e5aa8
instanceKlass  @bci com/sun/tools/javac/jvm/ClassReader readInnerClasses (Lcom/sun/tools/javac/code/Symbol$ClassSymbol;)V 41 <appendix> member <vmtarget> ; # com/sun/tools/javac/jvm/ClassReader$$Lambda+0x0000019d5c2e5880
instanceKlass  @bci com/sun/tools/javac/code/ClassFinder classFileNotFound (Lcom/sun/tools/javac/code/Symbol$ClassSymbol;)Lcom/sun/tools/javac/code/Symbol$CompletionFailure; 4 <appendix> member <vmtarget> ; # com/sun/tools/javac/code/ClassFinder$$Lambda+0x0000019d5c2e5658
instanceKlass  @bci com/sun/tools/javac/code/ClassFinder loadClass (Lcom/sun/tools/javac/code/Symbol$ModuleSymbol;Lcom/sun/tools/javac/util/Name;)Lcom/sun/tools/javac/code/Symbol$ClassSymbol; 28 <appendix> member <vmtarget> ; # com/sun/tools/javac/code/ClassFinder$$Lambda+0x0000019d5c2e5430
instanceKlass com/sun/tools/javac/comp/MatchBindingsComputer$1
instanceKlass  @bci com/sun/tools/javac/comp/Check checkDeprecated (Lcom/sun/tools/javac/util/JCDiagnostic$DiagnosticPosition;Lcom/sun/tools/javac/code/Symbol;Lcom/sun/tools/javac/code/Symbol;)V 2 <appendix> member <vmtarget> ; # com/sun/tools/javac/comp/Check$$Lambda+0x0000019d5c2e5000
instanceKlass com/sun/tools/javac/comp/Attr$13
instanceKlass  @bci com/sun/tools/javac/code/Symtab lookupPackage (Lcom/sun/tools/javac/code/Symbol$ModuleSymbol;Lcom/sun/tools/javac/util/Name;Z)Lcom/sun/tools/javac/code/Symbol$PackageSymbol; 112 <appendix> member <vmtarget> ; # com/sun/tools/javac/code/Symtab$$Lambda+0x0000019d5c2e7ad0
instanceKlass  @bci com/sun/tools/javac/code/Symtab lookupPackage (Lcom/sun/tools/javac/code/Symbol$ModuleSymbol;Lcom/sun/tools/javac/util/Name;Z)Lcom/sun/tools/javac/code/Symbol$PackageSymbol; 101 <appendix> argL0 ; # com/sun/tools/javac/code/Symtab$$Lambda+0x0000019d5c2e7890
instanceKlass java/nio/file/FileTreeWalker$1
instanceKlass com/sun/tools/javac/code/Scope$FilterImportScope$SymbolImporter
instanceKlass com/sun/tools/javac/platform/JDKPlatformProvider$PlatformDescriptionImpl$1$1
instanceKlass  @bci com/sun/tools/javac/platform/JDKPlatformProvider$PlatformDescriptionImpl$1 list (Ljavax/tools/JavaFileManager$Location;Ljava/lang/String;Ljava/util/Set;Z)Ljava/lang/Iterable; 33 <appendix> member <vmtarget> ; # com/sun/tools/javac/platform/JDKPlatformProvider$PlatformDescriptionImpl$1$$Lambda+0x0000019d5c2e6b00
instanceKlass  @bci java/util/stream/StreamSpliterators$WrappingSpliterator initPartialTraversalState ()V 37 <appendix> member <vmtarget> ; # java/util/stream/StreamSpliterators$WrappingSpliterator$$Lambda+0x0000019d5c1e3e90
instanceKlass java/util/function/BooleanSupplier
instanceKlass  @bci java/util/stream/StreamSpliterators$WrappingSpliterator initPartialTraversalState ()V 24 <appendix> member <vmtarget> ; # java/util/stream/StreamSpliterators$WrappingSpliterator$$Lambda+0x0000019d5c1e39e0
instanceKlass java/util/stream/StreamSpliterators
instanceKlass jdk/internal/jrtfs/JrtDirectoryStream$1
instanceKlass java/util/stream/StreamSpliterators$AbstractWrappingSpliterator
instanceKlass  @bci java/util/stream/AbstractPipeline spliterator ()Ljava/util/Spliterator; 103 <appendix> member <vmtarget> ; # java/util/stream/AbstractPipeline$$Lambda+0x0000019d5c1e2e18
instanceKlass  @bci jdk/internal/jrtfs/JrtFileSystem iteratorOf (Ljdk/internal/jrtfs/JrtPath;Ljava/nio/file/DirectoryStream$Filter;)Ljava/util/Iterator; 82 <appendix> member <vmtarget> ; # jdk/internal/jrtfs/JrtFileSystem$$Lambda+0x0000019d5c1e2bc0
instanceKlass  @bci jdk/internal/jrtfs/JrtFileSystem iteratorOf (Ljdk/internal/jrtfs/JrtPath;Ljava/nio/file/DirectoryStream$Filter;)Ljava/util/Iterator; 71 <appendix> member <vmtarget> ; # jdk/internal/jrtfs/JrtFileSystem$$Lambda+0x0000019d5c1e2978
instanceKlass jdk/internal/jrtfs/JrtDirectoryStream
instanceKlass  @bci com/sun/tools/javac/comp/TypeEnter$ImportsPhase resolveImports (Lcom/sun/tools/javac/tree/JCTree$JCCompilationUnit;Lcom/sun/tools/javac/comp/Env;)V 89 <appendix> member <vmtarget> ; # com/sun/tools/javac/comp/TypeEnter$ImportsPhase$$Lambda+0x0000019d5c2e68d8
instanceKlass  @bci com/sun/tools/javac/comp/TypeEnter$ImportsPhase resolveImports (Lcom/sun/tools/javac/tree/JCTree$JCCompilationUnit;Lcom/sun/tools/javac/comp/Env;)V 77 <appendix> member <vmtarget> ; # com/sun/tools/javac/comp/TypeEnter$ImportsPhase$$Lambda+0x0000019d5c2e66b0
instanceKlass com/sun/tools/javac/code/Scope$ImportFilter
instanceKlass com/sun/tools/javac/code/Scope$ScopeImpl$2
instanceKlass  @bci com/sun/tools/javac/code/Scope$ScopeImpl getSymbolsByName (Lcom/sun/tools/javac/util/Name;Ljava/util/function/Predicate;Lcom/sun/tools/javac/code/Scope$LookupKind;)Ljava/lang/Iterable; 4 <appendix> member <vmtarget> ; # com/sun/tools/javac/code/Scope$ScopeImpl$$Lambda+0x0000019d5c2e6000
instanceKlass com/sun/tools/javac/comp/Check$6
instanceKlass com/sun/tools/javac/comp/AttrContext
instanceKlass  @bci com/sun/tools/javac/comp/Enter visitTopLevel (Lcom/sun/tools/javac/tree/JCTree$JCCompilationUnit;)V 287 <appendix> member <vmtarget> ; # com/sun/tools/javac/comp/Enter$$Lambda+0x0000019d5c2e2ac0
instanceKlass  @cpi com/sun/tools/javac/comp/TypeEnter$ImportsPhase 646 form vmentry <vmtarget> ; # java/lang/invoke/LambdaForm$DMH+0x0000019d5c2e4800
instanceKlass  @bci com/sun/tools/javac/comp/Enter visitTopLevel (Lcom/sun/tools/javac/tree/JCTree$JCCompilationUnit;)V 273 <appendix> member <vmtarget> ; # com/sun/tools/javac/comp/Enter$$Lambda+0x0000019d5c2e2868
instanceKlass com/sun/tools/javac/code/Scope$ScopeImpl$1
instanceKlass  @bci com/sun/tools/javac/code/Scope$ScopeImpl getSymbols (Ljava/util/function/Predicate;Lcom/sun/tools/javac/code/Scope$LookupKind;)Ljava/lang/Iterable; 3 <appendix> member <vmtarget> ; # com/sun/tools/javac/code/Scope$ScopeImpl$$Lambda+0x0000019d5c2e23b0
instanceKlass com/sun/tools/javac/code/ClassFinder$2
instanceKlass com/sun/tools/javac/code/ClassFinder$1
instanceKlass  @bci com/sun/tools/javac/code/ClassFinder list (Ljavax/tools/JavaFileManager$Location;Lcom/sun/tools/javac/code/Symbol$PackageSymbol;Ljava/lang/String;Ljava/util/Set;)Ljava/lang/Iterable; 26 <appendix> member <vmtarget> ; # com/sun/tools/javac/code/ClassFinder$$Lambda+0x0000019d5c2e18b8
instanceKlass java/nio/file/Files$2
instanceKlass  @bci com/sun/tools/javac/file/JavacFileManager pathsAndContainers (Ljavax/tools/JavaFileManager$Location;Lcom/sun/tools/javac/file/RelativePath$RelativeDirectory;)Ljava/util/List; 22 <appendix> member <vmtarget> ; # com/sun/tools/javac/file/JavacFileManager$$Lambda+0x0000019d5c2e1670
instanceKlass java/util/ComparableTimSort
instanceKlass  @bci com/sun/tools/javac/file/JavacFileManager indexPathsAndContainersByRelativeDirectory (Ljavax/tools/JavaFileManager$Location;)Ljava/util/Map; 213 <appendix> argL0 ; # com/sun/tools/javac/file/JavacFileManager$$Lambda+0x0000019d5c2e1440
instanceKlass  @bci com/sun/tools/javac/file/JavacFileManager indexPathsAndContainersByRelativeDirectory (Ljavax/tools/JavaFileManager$Location;)Ljava/util/Map; 167 <appendix> member <vmtarget> ; # com/sun/tools/javac/file/JavacFileManager$$Lambda+0x0000019d5c2e11f8
instanceKlass  @bci jdk/nio/zipfs/ZipFileSystem createVersionedLinks (I)V 48 <appendix> member <vmtarget> ; # jdk/nio/zipfs/ZipFileSystem$$Lambda+0x0000019d5c276730
instanceKlass  @bci jdk/nio/zipfs/ZipFileSystem lambda$createVersionedLinks$12 (Ljava/util/HashMap;Ljdk/nio/zipfs/ZipFileSystem$IndexNode;)V 8 <appendix> member <vmtarget> ; # jdk/nio/zipfs/ZipFileSystem$$Lambda+0x0000019d5c2764f8
instanceKlass  @cpi com/sun/tools/javac/comp/Annotate 1386 form vmentry <vmtarget> ; # java/lang/invoke/LambdaForm$DMH+0x0000019d5c2e4400
instanceKlass  @bci jdk/nio/zipfs/ZipFileSystem createVersionedLinks (I)V 36 <appendix> member <vmtarget> ; # jdk/nio/zipfs/ZipFileSystem$$Lambda+0x0000019d5c2762c0
instanceKlass sun/nio/fs/BasicFileAttributesHolder
instanceKlass java/nio/file/Files$3
instanceKlass java/nio/file/SimpleFileVisitor
instanceKlass java/nio/file/FileVisitor
instanceKlass com/sun/tools/javac/file/JavacFileManager$ArchiveContainer
instanceKlass com/sun/tools/javac/file/JavacFileManager$PathAndContainer
instanceKlass  @bci com/sun/tools/javac/file/JavacFileManager pathsAndContainers (Ljavax/tools/JavaFileManager$Location;Lcom/sun/tools/javac/file/RelativePath$RelativeDirectory;)Ljava/util/List; 6 <appendix> member <vmtarget> ; # com/sun/tools/javac/file/JavacFileManager$$Lambda+0x0000019d5c2e08c8
instanceKlass java/util/RegularEnumSet$EnumSetIterator
instanceKlass  @bci com/sun/tools/javac/code/ClassFinder fillIn (Lcom/sun/tools/javac/code/Symbol$PackageSymbol;)V 27 <appendix> member <vmtarget> ; # com/sun/tools/javac/code/ClassFinder$$Lambda+0x0000019d5c2e06a0
instanceKlass  @bci com/sun/tools/javac/comp/Modules completeModule (Lcom/sun/tools/javac/code/Symbol$ModuleSymbol;)V 327 <appendix> member <vmtarget> ; # com/sun/tools/javac/comp/Modules$$Lambda+0x0000019d5c2e0478
instanceKlass  @bci com/sun/tools/javac/comp/Modules initVisiblePackages (Lcom/sun/tools/javac/code/Symbol$ModuleSymbol;Ljava/util/Collection;)V 103 <appendix> member <vmtarget> ; # com/sun/tools/javac/comp/Modules$$Lambda+0x0000019d5c2e0240
instanceKlass  @cpi com/sun/tools/javac/comp/Annotate 1383 form vmentry <vmtarget> ; # java/lang/invoke/LambdaForm$DMH+0x0000019d5c2e4000
instanceKlass  @bci com/sun/tools/javac/comp/Modules setupAllModules ()V 965 <appendix> argL0 ; # com/sun/tools/javac/comp/Modules$$Lambda+0x0000019d5c2e0000
instanceKlass  @bci com/sun/tools/javac/comp/Modules setupAllModules ()V 955 <appendix> argL0 ; # com/sun/tools/javac/comp/Modules$$Lambda+0x0000019d5c2d8c00
instanceKlass javax/lang/model/element/ModuleElement$OpensDirective
instanceKlass com/sun/tools/javac/jvm/ClassReader$AnnotationDeproxy
instanceKlass com/sun/tools/javac/jvm/ClassReader$ProxyVisitor
instanceKlass  @bci com/sun/tools/javac/comp/Modules lambda$setupAllModules$8 (Lcom/sun/tools/javac/code/Symbol$ModuleSymbol;)Z 11 <appendix> argL0 ; # com/sun/tools/javac/comp/Modules$$Lambda+0x0000019d5c2dbd08
instanceKlass  @bci com/sun/tools/javac/comp/Modules setupAllModules ()V 403 <appendix> argL0 ; # com/sun/tools/javac/comp/Modules$$Lambda+0x0000019d5c2dbab8
instanceKlass  @bci com/sun/tools/javac/comp/Modules setupAllModules ()V 332 <appendix> argL0 ; # com/sun/tools/javac/comp/Modules$$Lambda+0x0000019d5c2db868
instanceKlass  @bci com/sun/tools/javac/comp/Modules setupAllModules ()V 288 <appendix> argL0 ; # com/sun/tools/javac/comp/Modules$$Lambda+0x0000019d5c2db618
instanceKlass  @bci com/sun/tools/javac/comp/Modules setupAllModules ()V 282 <appendix> member <vmtarget> ; # com/sun/tools/javac/comp/Modules$$Lambda+0x0000019d5c2db3c0
instanceKlass  @bci com/sun/tools/javac/comp/Modules completeModule (Lcom/sun/tools/javac/code/Symbol$ModuleSymbol;)V 10 <appendix> member <vmtarget> ; # com/sun/tools/javac/comp/Modules$$Lambda+0x0000019d5c2db188
instanceKlass com/sun/tools/javac/jvm/ClassReader$UsesProvidesCompleter
instanceKlass  @bci com/sun/tools/javac/jvm/ClassReader readClass (Lcom/sun/tools/javac/code/Symbol$ClassSymbol;)V 419 <appendix> member <vmtarget> ; # com/sun/tools/javac/jvm/ClassReader$$Lambda+0x0000019d5c2dad28
instanceKlass  @bci com/sun/tools/javac/util/List collector ()Ljava/util/stream/Collector; 15 <appendix> argL0 ; # com/sun/tools/javac/util/List$$Lambda+0x0000019d5c2daae8
instanceKlass  @bci com/sun/tools/javac/util/List collector ()Ljava/util/stream/Collector; 10 <appendix> argL0 ; # com/sun/tools/javac/util/List$$Lambda+0x0000019d5c2da8a0
instanceKlass  @bci com/sun/tools/javac/util/List collector ()Ljava/util/stream/Collector; 5 <appendix> argL0 ; # com/sun/tools/javac/util/List$$Lambda+0x0000019d5c2da670
instanceKlass  @bci com/sun/tools/javac/util/List collector ()Ljava/util/stream/Collector; 0 <appendix> argL0 ; # com/sun/tools/javac/util/List$$Lambda+0x0000019d5c2da450
instanceKlass  @bci com/sun/tools/javac/code/Symbol$ClassSymbol getPermittedSubclasses ()Lcom/sun/tools/javac/util/List; 9 <appendix> argL0 ; # com/sun/tools/javac/code/Symbol$ClassSymbol$$Lambda+0x0000019d5c2da210
instanceKlass com/sun/tools/javac/jvm/ClassReader$InterimProvidesDirective
instanceKlass  @bci com/sun/tools/javac/jvm/ClassReader$24 read (Lcom/sun/tools/javac/code/Symbol;I)V 1005 <appendix> member <vmtarget> ; # com/sun/tools/javac/jvm/ClassReader$24$$Lambda+0x0000019d5c2dfae0
instanceKlass  @bci com/sun/tools/javac/jvm/ClassReader$24 read (Lcom/sun/tools/javac/code/Symbol;I)V 947 <appendix> member <vmtarget> ; # com/sun/tools/javac/jvm/ClassReader$24$$Lambda+0x0000019d5c2df8b8
instanceKlass com/sun/tools/javac/jvm/ClassReader$InterimUsesDirective
instanceKlass  @bci com/sun/tools/javac/jvm/ClassReader$24 read (Lcom/sun/tools/javac/code/Symbol;I)V 858 <appendix> member <vmtarget> ; # com/sun/tools/javac/jvm/ClassReader$24$$Lambda+0x0000019d5c2df480
instanceKlass javax/lang/model/element/ModuleElement$ExportsDirective
instanceKlass  @bci com/sun/tools/javac/jvm/ClassReader$24 read (Lcom/sun/tools/javac/code/Symbol;I)V 170 <appendix> member <vmtarget> ; # com/sun/tools/javac/jvm/ClassReader$24$$Lambda+0x0000019d5c2deba0
instanceKlass  @cpi com/sun/tools/javac/jvm/ClassReader$24 376 form vmentry <vmtarget> ; # java/lang/invoke/LambdaForm$DMH+0x0000019d5c2d8800
instanceKlass  @bci com/sun/tools/javac/jvm/ClassReader$24 read (Lcom/sun/tools/javac/code/Symbol;I)V 58 <appendix> member <vmtarget> ; # com/sun/tools/javac/jvm/ClassReader$24$$Lambda+0x0000019d5c2de978
instanceKlass  @cpi com/sun/tools/javac/jvm/ClassReader$24 369 form vmentry <vmtarget> ; # java/lang/invoke/LambdaForm$DMH+0x0000019d5c2d8400
instanceKlass com/sun/tools/javac/jvm/PoolReader$Utf8Mapper
instanceKlass com/sun/tools/javac/jvm/ClassReader$SourceFileObject
instanceKlass com/sun/tools/javac/jvm/PoolReader$ImmutablePoolHelper
instanceKlass com/sun/tools/javac/jvm/PoolReader
instanceKlass com/sun/tools/javac/comp/Modules$3
instanceKlass com/sun/tools/javac/code/ModuleFinder$1
instanceKlass javax/tools/ForwardingFileObject
instanceKlass  @bci java/util/stream/Collectors toSet ()Ljava/util/stream/Collector; 14 <appendix> argL0 ; # java/util/stream/Collectors$$Lambda+0x80000003f
instanceKlass  @bci java/util/stream/Collectors toSet ()Ljava/util/stream/Collector; 9 <appendix> argL0 ; # java/util/stream/Collectors$$Lambda+0x800000038
instanceKlass  @bci java/util/stream/Collectors toSet ()Ljava/util/stream/Collector; 4 <appendix> argL0 ; # java/util/stream/Collectors$$Lambda+0x800000044
instanceKlass com/sun/tools/javac/file/JavacFileManager$DirectoryContainer
instanceKlass  @bci com/sun/tools/javac/comp/Modules initModules (Lcom/sun/tools/javac/util/List;)V 30 <appendix> member <vmtarget> ; # com/sun/tools/javac/comp/Modules$$Lambda+0x0000019d5c2dcf00
instanceKlass  @bci com/sun/tools/javac/parser/JavacParser annotationValue ()Lcom/sun/tools/javac/tree/JCTree$JCExpression; 175 <appendix> argL0 ; # com/sun/tools/javac/parser/JavacParser$$Lambda+0x0000019d5c2dccc0
instanceKlass  @bci java/util/stream/Collectors joining (Ljava/lang/CharSequence;Ljava/lang/CharSequence;Ljava/lang/CharSequence;)Ljava/util/stream/Collector; 22 <appendix> argL0 ; # java/util/stream/Collectors$$Lambda+0x800000042
instanceKlass  @bci java/util/stream/Collectors joining (Ljava/lang/CharSequence;Ljava/lang/CharSequence;Ljava/lang/CharSequence;)Ljava/util/stream/Collector; 17 <appendix> argL0 ; # java/util/stream/Collectors$$Lambda+0x800000040
instanceKlass  @bci java/util/stream/Collectors joining (Ljava/lang/CharSequence;Ljava/lang/CharSequence;Ljava/lang/CharSequence;)Ljava/util/stream/Collector; 12 <appendix> argL0 ; # java/util/stream/Collectors$$Lambda+0x80000003d
instanceKlass  @bci java/util/stream/Collectors joining (Ljava/lang/CharSequence;Ljava/lang/CharSequence;Ljava/lang/CharSequence;)Ljava/util/stream/Collector; 7 <appendix> member <vmtarget> ; # java/util/stream/Collectors$$Lambda+0x800000045
instanceKlass  @bci java/lang/String stripIndent ()Ljava/lang/String; 73 <appendix> member <vmtarget> ; # java/lang/String$$Lambda+0x0000019d5c1e07d8
instanceKlass  @cpi java/lang/String 1431 form vmentry <vmtarget> ; # java/lang/invoke/LambdaForm$DMH+0x0000019d5c2d8000
instanceKlass java/util/AbstractList$RandomAccessSpliterator
instanceKlass java/util/stream/AbstractSpinedBuffer
instanceKlass java/lang/StringLatin1$LinesSpliterator
instanceKlass com/sun/tools/javac/parser/JavadocTokenizer$OffsetMap
instanceKlass com/sun/tools/javac/parser/JavacParser$LambdaClassifier
instanceKlass java/util/BitSet
instanceKlass com/sun/tools/javac/util/Position$LineMapImpl
instanceKlass com/sun/tools/javac/util/Position$LineMap
instanceKlass com/sun/tools/javac/util/Position
instanceKlass  @bci com/sun/tools/javac/tree/TreeMaker TopLevel (Lcom/sun/tools/javac/util/List;)Lcom/sun/tools/javac/tree/JCTree$JCCompilationUnit; 110 <appendix> member <vmtarget> ; # com/sun/tools/javac/tree/TreeMaker$$Lambda+0x0000019d5c2d76c0
instanceKlass com/sun/tools/javac/tree/TreeInfo$2
instanceKlass com/sun/tools/javac/tree/TreeInfo
instanceKlass  @bci com/sun/tools/javac/parser/JavacParser arguments ()Lcom/sun/tools/javac/util/List; 80 <appendix> argL0 ; # com/sun/tools/javac/parser/JavacParser$$Lambda+0x0000019d5c2d67b0
instanceKlass com/sun/tools/javac/parser/JavacParser$2
instanceKlass  @bci com/sun/tools/javac/parser/JavacParser accept (Lcom/sun/tools/javac/parser/Tokens$TokenKind;)V 2 <appendix> argL0 ; # com/sun/tools/javac/parser/JavacParser$$Lambda+0x0000019d5c2d5f28
instanceKlass com/sun/tools/javac/resources/CompilerProperties$Errors
instanceKlass com/sun/tools/javac/util/IntHashTable
instanceKlass com/sun/tools/javac/parser/LazyDocCommentTable
instanceKlass  @bci com/sun/tools/javac/parser/JavacParser <init> (Lcom/sun/tools/javac/parser/ParserFactory;Lcom/sun/tools/javac/parser/Lexer;ZZZZ)V 59 <appendix> argL0 ; # com/sun/tools/javac/parser/JavacParser$$Lambda+0x0000019d5c2d5618
instanceKlass com/sun/tools/javac/parser/JavacParser$ErrorRecoveryAction
instanceKlass com/sun/tools/javac/parser/JavacParser$AbstractEndPosTable
instanceKlass com/sun/tools/javac/tree/EndPosTable
instanceKlass com/sun/tools/javac/parser/JavacParser
instanceKlass com/sun/tools/javac/parser/Scanner
instanceKlass com/sun/source/tree/LineMap
instanceKlass com/sun/tools/javac/file/BaseFileManager$ContentCacheEntry
instanceKlass com/sun/tools/javac/util/ArrayUtils
instanceKlass com/sun/tools/javac/util/DiagnosticSource
instanceKlass com/sun/tools/javac/main/JavaCompiler$InitialFileParser
instanceKlass com/sun/tools/javac/main/JavaCompiler$InitialFileParserIntf
instanceKlass javax/annotation/processing/AbstractProcessor
instanceKlass com/sun/tools/javac/processing/JavacProcessingEnvironment$DiscoveredProcessors$ProcessorStateIterator
instanceKlass com/sun/tools/javac/processing/JavacProcessingEnvironment$DiscoveredProcessors
instanceKlass com/sun/tools/javac/util/Iterators$CompoundIterator
instanceKlass  @bci com/sun/tools/javac/processing/JavacProcessingEnvironment initProcessorIterator (Ljava/lang/Iterable;)V 256 <appendix> argL0 ; # com/sun/tools/javac/processing/JavacProcessingEnvironment$$Lambda+0x0000019d5c2cd1e0
instanceKlass  @bci java/util/stream/ReferencePipeline toArray ()[Ljava/lang/Object; 1 <appendix> argL0 ; # java/util/stream/ReferencePipeline$$Lambda+0x0000019d5c1df798
instanceKlass java/util/ImmutableCollections$Access$1
instanceKlass jdk/internal/access/JavaUtilCollectionAccess
instanceKlass java/util/ImmutableCollections$Access
instanceKlass  @bci com/sun/tools/javac/processing/JavacProcessingEnvironment initProcessorIterator (Ljava/lang/Iterable;)V 224 <appendix> argL0 ; # com/sun/tools/javac/processing/JavacProcessingEnvironment$$Lambda+0x0000019d5c2ccfa0
instanceKlass com/sun/tools/javac/platform/PlatformDescription$PluginInfo
instanceKlass javax/annotation/processing/Processor
instanceKlass com/sun/tools/javac/processing/JavacProcessingEnvironment$ServiceIterator
instanceKlass com/sun/tools/javac/file/JavacFileManager$3
instanceKlass  @bci com/sun/tools/javac/file/JavacFileManager asFiles (Ljava/lang/Iterable;)Ljava/lang/Iterable; 7 <appendix> member <vmtarget> ; # com/sun/tools/javac/file/JavacFileManager$$Lambda+0x0000019d5c2cc670
instanceKlass com/sun/tools/javac/model/JavacTypes
instanceKlass com/sun/tools/javac/processing/JavacMessager
instanceKlass com/sun/tools/javac/processing/JavacFiler
instanceKlass com/sun/tools/javac/util/ForwardingDiagnosticFormatter$ForwardingConfiguration
instanceKlass com/sun/tools/javac/code/Types$DefaultSymbolVisitor
instanceKlass com/sun/tools/javac/util/ForwardingDiagnosticFormatter
instanceKlass  @bci com/sun/tools/javac/main/JavaCompiler <init> (Lcom/sun/tools/javac/util/Context;)V 400 <appendix> member <vmtarget> ; # com/sun/tools/javac/main/JavaCompiler$$Lambda+0x0000019d5c2c9310
instanceKlass com/sun/tools/javac/code/ModuleFinder$ModuleNameFromSourceReader
instanceKlass  @bci com/sun/tools/javac/main/JavaCompiler <init> (Lcom/sun/tools/javac/util/Context;)V 387 <appendix> member <vmtarget> ; # com/sun/tools/javac/main/JavaCompiler$$Lambda+0x0000019d5c2c8ee8
instanceKlass com/sun/tools/javac/comp/Modules$PackageNameFinder
instanceKlass com/sun/tools/javac/api/MultiTaskListener
instanceKlass  @bci com/sun/tools/javac/code/ClassFinder <init> (Lcom/sun/tools/javac/util/Context;)V 330 <appendix> argL0 ; # com/sun/tools/javac/code/ClassFinder$$Lambda+0x0000019d5c2c8668
instanceKlass com/sun/tools/javac/file/JRTIndex
instanceKlass com/sun/tools/javac/jvm/ClassReader$AttributeReader
instanceKlass com/sun/tools/javac/comp/Analyzer$2
instanceKlass com/sun/tools/javac/comp/Analyzer$1
instanceKlass com/sun/tools/javac/comp/Analyzer$StatementAnalyzer
instanceKlass com/sun/tools/javac/comp/Analyzer$DeferredAnalysisHelper
instanceKlass com/sun/tools/javac/comp/Analyzer
instanceKlass  @bci com/sun/tools/javac/code/Symtab <init> (Lcom/sun/tools/javac/util/Context;)V 2295 <appendix> member <vmtarget> ; # com/sun/tools/javac/code/Symtab$$Lambda+0x0000019d5c2b8c80
instanceKlass com/sun/tools/javac/code/Symtab$2
instanceKlass com/sun/tools/javac/code/Symtab$1
instanceKlass  @bci com/sun/tools/javac/code/Symtab doEnterClass (Lcom/sun/tools/javac/code/Symbol$ModuleSymbol;Lcom/sun/tools/javac/code/Symbol$ClassSymbol;)V 8 <appendix> argL0 ; # com/sun/tools/javac/code/Symtab$$Lambda+0x0000019d5c2b9cf0
instanceKlass  @bci com/sun/tools/javac/code/Symtab getClass (Lcom/sun/tools/javac/code/Symbol$ModuleSymbol;Lcom/sun/tools/javac/util/Name;)Lcom/sun/tools/javac/code/Symbol$ClassSymbol; 7 <appendix> member <vmtarget> ; # com/sun/tools/javac/code/Symtab$$Lambda+0x0000019d5c2b9ac8
instanceKlass  @bci com/sun/tools/javac/code/Symtab enterPackage (Lcom/sun/tools/javac/code/Symbol$ModuleSymbol;Lcom/sun/tools/javac/util/Name;)Lcom/sun/tools/javac/code/Symbol$PackageSymbol; 29 <appendix> member <vmtarget> ; # com/sun/tools/javac/code/Symtab$$Lambda+0x0000019d5c2b98a0
instanceKlass com/sun/tools/javac/jvm/JNIWriter
instanceKlass com/sun/tools/javac/jvm/Code
instanceKlass com/sun/tools/javac/jvm/PoolWriter$WriteablePoolHelper
instanceKlass com/sun/tools/javac/code/Types$SignatureGenerator
instanceKlass com/sun/tools/javac/jvm/PoolWriter
instanceKlass com/sun/tools/javac/code/Preview$1
instanceKlass com/sun/tools/javac/comp/ConstFold
instanceKlass  @bci com/sun/tools/javac/comp/Operators initBinaryOperators ()V 1049 <appendix> argL0 ; # com/sun/tools/javac/comp/Operators$$Lambda+0x0000019d5c2bf010
instanceKlass  @bci com/sun/tools/javac/comp/Operators initBinaryOperators ()V 951 <appendix> argL0 ; # com/sun/tools/javac/comp/Operators$$Lambda+0x0000019d5c2bedc0
instanceKlass  @bci com/sun/tools/javac/comp/Operators initBinaryOperators ()V 855 <appendix> argL0 ; # com/sun/tools/javac/comp/Operators$$Lambda+0x0000019d5c2beb70
instanceKlass  @bci com/sun/tools/javac/comp/Operators$BinaryNumericOperator <init> (Lcom/sun/tools/javac/comp/Operators;Lcom/sun/tools/javac/tree/JCTree$Tag;)V 3 <appendix> argL0 ; # com/sun/tools/javac/comp/Operators$BinaryNumericOperator$$Lambda+0x0000019d5c2be6a8
instanceKlass  @bci com/sun/tools/javac/comp/Operators$BinaryOperatorHelper addBinaryOperator (Lcom/sun/tools/javac/comp/Operators$OperatorType;Lcom/sun/tools/javac/comp/Operators$OperatorType;Lcom/sun/tools/javac/comp/Operators$OperatorType;[I)Lcom/sun/tools/javac/comp/Operators$BinaryOperatorHelper; 11 <appendix> form vmentry <vmtarget> ; # java/lang/invoke/LambdaForm$DMH+0x0000019d5c2b8400
instanceKlass  @bci com/sun/tools/javac/comp/Operators$BinaryOperatorHelper addBinaryOperator (Lcom/sun/tools/javac/comp/Operators$OperatorType;Lcom/sun/tools/javac/comp/Operators$OperatorType;Lcom/sun/tools/javac/comp/Operators$OperatorType;[I)Lcom/sun/tools/javac/comp/Operators$BinaryOperatorHelper; 11 <appendix> member <vmtarget> ; # com/sun/tools/javac/comp/Operators$BinaryOperatorHelper$$Lambda+0x0000019d5c2be208
instanceKlass  @bci com/sun/tools/javac/comp/Operators initUnaryOperators ()V 180 <appendix> argL0 ; # com/sun/tools/javac/comp/Operators$$Lambda+0x0000019d5c2bd3e0
instanceKlass  @bci com/sun/tools/javac/comp/Operators$UnaryOperatorHelper addUnaryOperator (Lcom/sun/tools/javac/comp/Operators$OperatorType;Lcom/sun/tools/javac/comp/Operators$OperatorType;[I)Lcom/sun/tools/javac/comp/Operators$UnaryOperatorHelper; 9 <appendix> member <vmtarget> ; # com/sun/tools/javac/comp/Operators$UnaryOperatorHelper$$Lambda+0x0000019d5c2bd1b8
instanceKlass  @bci com/sun/tools/javac/comp/Operators$OperatorType <clinit> ()V 192 <appendix> argL0 ; # com/sun/tools/javac/comp/Operators$OperatorType$$Lambda+0x0000019d5c2bcd80
instanceKlass  @bci com/sun/tools/javac/comp/Operators$OperatorType <clinit> ()V 173 <appendix> argL0 ; # com/sun/tools/javac/comp/Operators$OperatorType$$Lambda+0x0000019d5c2bcb40
instanceKlass  @bci com/sun/tools/javac/comp/Operators$OperatorType <clinit> ()V 154 <appendix> argL0 ; # com/sun/tools/javac/comp/Operators$OperatorType$$Lambda+0x0000019d5c2bc900
instanceKlass  @bci com/sun/tools/javac/comp/Operators$OperatorType <clinit> ()V 135 <appendix> argL0 ; # com/sun/tools/javac/comp/Operators$OperatorType$$Lambda+0x0000019d5c2bc6c0
instanceKlass  @bci com/sun/tools/javac/comp/Operators$OperatorType <clinit> ()V 116 <appendix> argL0 ; # com/sun/tools/javac/comp/Operators$OperatorType$$Lambda+0x0000019d5c2bc480
instanceKlass  @bci com/sun/tools/javac/comp/Operators$OperatorType <clinit> ()V 97 <appendix> argL0 ; # com/sun/tools/javac/comp/Operators$OperatorType$$Lambda+0x0000019d5c2bc240
instanceKlass  @bci com/sun/tools/javac/comp/Operators$OperatorType <clinit> ()V 79 <appendix> argL0 ; # com/sun/tools/javac/comp/Operators$OperatorType$$Lambda+0x0000019d5c2bc000
instanceKlass  @bci com/sun/tools/javac/comp/Operators$OperatorType <clinit> ()V 61 <appendix> argL0 ; # com/sun/tools/javac/comp/Operators$OperatorType$$Lambda+0x0000019d5c2b7c00
instanceKlass  @bci com/sun/tools/javac/comp/Operators$OperatorType <clinit> ()V 43 <appendix> argL0 ; # com/sun/tools/javac/comp/Operators$OperatorType$$Lambda+0x0000019d5c2b79c0
instanceKlass  @bci com/sun/tools/javac/comp/Operators$OperatorType <clinit> ()V 25 <appendix> argL0 ; # com/sun/tools/javac/comp/Operators$OperatorType$$Lambda+0x0000019d5c2b7780
instanceKlass  @bci com/sun/tools/javac/processing/JavacProcessingEnvironment$Round <init> (Lcom/sun/tools/javac/processing/JavacProcessingEnvironment;ILjava/util/Set;Lcom/sun/tools/javac/util/Log$DeferredDiagnosticHandler;)V 10 <bsm> form vmentry <vmtarget> ; # java/lang/invoke/LambdaForm$DMH+0x0000019d5c2b8000
instanceKlass  @bci com/sun/tools/javac/comp/Operators$OperatorType <clinit> ()V 7 <appendix> argL0 ; # com/sun/tools/javac/comp/Operators$OperatorType$$Lambda+0x0000019d5c2b7540
instanceKlass  @bci com/sun/tools/javac/comp/Operators$UnaryNumericOperator <init> (Lcom/sun/tools/javac/comp/Operators;Lcom/sun/tools/javac/tree/JCTree$Tag;)V 3 <appendix> argL0 ; # com/sun/tools/javac/comp/Operators$UnaryNumericOperator$$Lambda+0x0000019d5c2b70a8
instanceKlass  @bci com/sun/tools/javac/code/Symbol$MethodSymbol <clinit> ()V 0 <appendix> argL0 ; # com/sun/tools/javac/code/Symbol$MethodSymbol$$Lambda+0x0000019d5c2b67f0
instanceKlass com/sun/tools/javac/comp/Operators$OperatorHelper
instanceKlass com/sun/tools/javac/comp/Operators
instanceKlass com/sun/tools/javac/comp/Lower$EnumMapping
instanceKlass com/sun/tools/javac/jvm/PoolConstant$Dynamic
instanceKlass com/sun/tools/javac/jvm/StringConcat
instanceKlass com/sun/tools/javac/jvm/Gen$GenFinalizer
instanceKlass com/sun/tools/javac/jvm/Items$Item
instanceKlass com/sun/tools/javac/jvm/ClassWriter$AttributeWriter
instanceKlass com/sun/tools/javac/jvm/ClassFile
instanceKlass com/sun/tools/javac/code/ModuleFinder$ModuleLocationIterator
instanceKlass com/sun/tools/javac/code/ModuleFinder
instanceKlass com/sun/tools/javac/comp/Flow$PatternDescription
instanceKlass com/sun/tools/javac/comp/Flow
instanceKlass com/sun/tools/javac/comp/Infer$GraphStrategy
instanceKlass com/sun/tools/javac/comp/InferenceContext
instanceKlass com/sun/tools/javac/comp/Infer$IncorporationEngine
instanceKlass com/sun/tools/javac/code/Type$UndetVar$UndetVarListener
instanceKlass javax/lang/model/element/TypeParameterElement
instanceKlass com/sun/tools/javac/comp/Infer
instanceKlass com/sun/tools/javac/parser/UnicodeReader
instanceKlass com/sun/tools/javac/parser/ScannerFactory
instanceKlass com/sun/tools/javac/util/MandatoryWarningHandler
instanceKlass com/sun/tools/javac/code/Preview
instanceKlass com/sun/tools/javac/parser/Tokens$Token
instanceKlass com/sun/tools/javac/parser/Tokens
instanceKlass com/sun/tools/javac/tree/DocTreeMaker$SentenceBreaker
instanceKlass com/sun/tools/javac/parser/ReferenceParser
instanceKlass com/sun/tools/javac/model/JavacElements
instanceKlass com/sun/source/util/DocSourcePositions
instanceKlass com/sun/tools/javac/tree/DocCommentTable
instanceKlass com/sun/source/doctree/DocTreeVisitor
instanceKlass com/sun/source/tree/Scope
instanceKlass com/sun/source/util/SourcePositions
instanceKlass com/sun/source/doctree/UnknownInlineTagTree
instanceKlass com/sun/source/doctree/SystemPropertyTree
instanceKlass com/sun/source/doctree/StartElementTree
instanceKlass com/sun/source/doctree/UnknownBlockTagTree
instanceKlass com/sun/source/doctree/AttributeTree
instanceKlass com/sun/source/doctree/EndElementTree
instanceKlass com/sun/source/doctree/CommentTree
instanceKlass com/sun/source/doctree/DocTypeTree
instanceKlass com/sun/source/doctree/AuthorTree
instanceKlass com/sun/source/doctree/IdentifierTree
instanceKlass com/sun/source/doctree/ErroneousTree
instanceKlass com/sun/source/doctree/EscapeTree
instanceKlass com/sun/source/doctree/DocRootTree
instanceKlass com/sun/source/doctree/EntityTree
instanceKlass com/sun/source/doctree/ParamTree
instanceKlass com/sun/source/doctree/InheritDocTree
instanceKlass com/sun/source/doctree/LinkTree
instanceKlass com/sun/source/doctree/DeprecatedTree
instanceKlass com/sun/source/doctree/LiteralTree
instanceKlass com/sun/source/doctree/HiddenTree
instanceKlass com/sun/source/doctree/IndexTree
instanceKlass com/sun/source/doctree/ProvidesTree
instanceKlass com/sun/source/doctree/SerialTree
instanceKlass com/sun/source/doctree/SummaryTree
instanceKlass com/sun/source/doctree/SerialFieldTree
instanceKlass com/sun/source/doctree/VersionTree
instanceKlass com/sun/source/doctree/SinceTree
instanceKlass com/sun/source/doctree/SnippetTree
instanceKlass com/sun/source/doctree/SpecTree
instanceKlass com/sun/source/doctree/TextTree
instanceKlass com/sun/source/doctree/ReferenceTree
instanceKlass com/sun/source/doctree/DocCommentTree
instanceKlass com/sun/tools/javac/parser/Tokens$Comment
instanceKlass com/sun/source/doctree/SerialDataTree
instanceKlass com/sun/source/doctree/ThrowsTree
instanceKlass com/sun/source/doctree/UsesTree
instanceKlass com/sun/source/doctree/ValueTree
instanceKlass com/sun/source/doctree/ReturnTree
instanceKlass com/sun/source/doctree/InlineTagTree
instanceKlass com/sun/source/doctree/SeeTree
instanceKlass com/sun/source/doctree/BlockTagTree
instanceKlass com/sun/source/doctree/DocTree
instanceKlass com/sun/tools/javac/tree/DocTreeMaker
instanceKlass com/sun/source/util/DocTreeFactory
instanceKlass com/sun/tools/javac/parser/Lexer
instanceKlass com/sun/tools/javac/parser/ParserFactory
instanceKlass com/sun/tools/javac/util/Dependencies
instanceKlass com/sun/tools/javac/comp/TypeEnvs
instanceKlass com/sun/tools/javac/code/TypeAnnotations
instanceKlass com/sun/tools/javac/code/DeferredLintHandler$1
instanceKlass com/sun/tools/javac/code/DeferredLintHandler
instanceKlass  @bci com/sun/tools/javac/comp/TypeEnter$ImportsPhase <init> (Lcom/sun/tools/javac/comp/TypeEnter;)V 23 <appendix> member <vmtarget> ; # com/sun/tools/javac/comp/TypeEnter$ImportsPhase$$Lambda+0x0000019d5c2a0000
instanceKlass com/sun/tools/javac/comp/TypeEnter$DefaultConstructorHelper
instanceKlass com/sun/tools/javac/util/GraphUtils$DependencyKind
instanceKlass com/sun/tools/javac/comp/TypeEnter$Phase
instanceKlass com/sun/tools/javac/comp/TypeEnter
instanceKlass  @bci com/sun/tools/javac/code/Types <init> (Lcom/sun/tools/javac/util/Context;)V 360 <appendix> argL0 ; # com/sun/tools/javac/code/Types$$Lambda+0x0000019d5c29d978
instanceKlass java/util/function/BiPredicate
instanceKlass com/sun/tools/javac/code/Types$CandidatesCache
instanceKlass com/sun/tools/javac/code/Types$ImplementationCache
instanceKlass com/sun/tools/javac/code/Types$3
instanceKlass com/sun/tools/javac/code/Types$DescriptorCache
instanceKlass com/sun/tools/javac/code/Types
instanceKlass com/sun/tools/javac/tree/TreeMaker$AnnotationBuilder
instanceKlass com/sun/tools/javac/tree/TreeMaker
instanceKlass com/sun/tools/javac/tree/JCTree$Factory
instanceKlass com/sun/tools/javac/comp/DeferredAttr$4
instanceKlass com/sun/tools/javac/tree/TreeCopier
instanceKlass com/sun/tools/javac/comp/DeferredAttr$DeferredAttrContext
instanceKlass com/sun/tools/javac/comp/DeferredAttr$DeferredStuckPolicy
instanceKlass com/sun/tools/javac/comp/AttrRecover
instanceKlass com/sun/tools/javac/comp/Resolve$ReferenceLookupResult
instanceKlass com/sun/tools/javac/api/Formattable$LocalizedString
instanceKlass com/sun/tools/javac/comp/Resolve$10
instanceKlass com/sun/tools/javac/comp/Resolve$9
instanceKlass com/sun/tools/javac/comp/Resolve$8
instanceKlass  @bci com/sun/tools/javac/comp/Resolve <init> (Lcom/sun/tools/javac/util/Context;)V 96 <appendix> member <vmtarget> ; # com/sun/tools/javac/comp/Resolve$$Lambda+0x0000019d5c28e2f8
instanceKlass  @bci com/sun/tools/javac/comp/Resolve <init> (Lcom/sun/tools/javac/util/Context;)V 86 <appendix> member <vmtarget> ; # com/sun/tools/javac/comp/Resolve$$Lambda+0x0000019d5c28e0d0
instanceKlass com/sun/tools/javac/comp/Resolve$7
instanceKlass  @bci com/sun/tools/javac/comp/Resolve <init> (Lcom/sun/tools/javac/util/Context;)V 64 <appendix> argL0 ; # com/sun/tools/javac/comp/Resolve$$Lambda+0x0000019d5c28dc80
instanceKlass com/sun/tools/javac/comp/Env
instanceKlass com/sun/tools/javac/comp/Resolve$AbstractMethodCheck
instanceKlass com/sun/tools/javac/comp/Resolve$2
instanceKlass com/sun/tools/javac/code/Scope$ScopeListener
instanceKlass com/sun/tools/javac/comp/Resolve$ReferenceChooser
instanceKlass com/sun/tools/javac/comp/Resolve$LogResolveHelper
instanceKlass com/sun/tools/javac/comp/Resolve$RecoveryLoadClass
instanceKlass com/sun/tools/javac/comp/Resolve$LookupHelper
instanceKlass com/sun/tools/javac/comp/Resolve
instanceKlass  @bci com/sun/tools/javac/comp/Check <init> (Lcom/sun/tools/javac/util/Context;)V 62 <appendix> argL0 ; # com/sun/tools/javac/comp/Check$$Lambda+0x0000019d5c286d00
instanceKlass com/sun/tools/javac/comp/Check$1
instanceKlass com/sun/tools/javac/util/Warner
instanceKlass com/sun/tools/javac/comp/Check
instanceKlass com/sun/tools/javac/comp/Modules$1
instanceKlass  @bci com/sun/tools/javac/comp/Modules <clinit> ()V 0 <appendix> argL0 ; # com/sun/tools/javac/comp/Modules$$Lambda+0x0000019d5c282468
instanceKlass  @cpi com/sun/tools/javac/comp/Modules 1618 form vmentry <vmtarget> ; # java/lang/invoke/LambdaForm$DMH+0x0000019d5c284000
instanceKlass com/sun/tools/javac/util/Iterators
instanceKlass com/sun/tools/javac/code/Directive
instanceKlass javax/lang/model/element/ModuleElement$RequiresDirective
instanceKlass javax/lang/model/element/ModuleElement$Directive
instanceKlass  @bci com/sun/tools/javac/code/Symtab enterModule (Lcom/sun/tools/javac/util/Name;)Lcom/sun/tools/javac/code/Symbol$ModuleSymbol; 37 <appendix> member <vmtarget> ; # com/sun/tools/javac/code/Symtab$$Lambda+0x0000019d5c280ab8
instanceKlass  @bci com/sun/tools/javac/code/Symtab addRootPackageFor (Lcom/sun/tools/javac/code/Symbol$ModuleSymbol;)V 36 <appendix> member <vmtarget> ; # com/sun/tools/javac/code/Symtab$$Lambda+0x0000019d5c280880
instanceKlass  @bci com/sun/tools/javac/code/Symtab doEnterPackage (Lcom/sun/tools/javac/code/Symbol$ModuleSymbol;Lcom/sun/tools/javac/code/Symbol$PackageSymbol;)V 8 <appendix> argL0 ; # com/sun/tools/javac/code/Symtab$$Lambda+0x0000019d5c280640
instanceKlass com/sun/tools/javac/code/Scope$ScopeListenerList
instanceKlass com/sun/tools/javac/code/Scope$Entry
instanceKlass com/sun/tools/javac/comp/Annotate$AnnotationTypeMetadata
instanceKlass com/sun/tools/javac/api/Formattable
instanceKlass com/sun/tools/javac/code/Kinds$KindSelector
instanceKlass com/sun/tools/javac/code/MissingInfoHandler
instanceKlass com/sun/tools/javac/code/TypeMetadata
instanceKlass javax/lang/model/type/NullType
instanceKlass com/sun/tools/javac/code/Symtab
instanceKlass com/sun/tools/javac/comp/MatchBindingsComputer$MatchBindings
instanceKlass com/sun/source/util/SimpleTreeVisitor
instanceKlass javax/lang/model/type/UnionType
instanceKlass com/sun/tools/javac/comp/Resolve$MethodCheck
instanceKlass javax/lang/model/element/RecordComponentElement
instanceKlass javax/lang/model/type/IntersectionType
instanceKlass com/sun/tools/javac/comp/Check$NestedCheckContext
instanceKlass com/sun/tools/javac/comp/Attr$ResultInfo
instanceKlass com/sun/tools/javac/code/Types$DefaultTypeVisitor
instanceKlass com/sun/tools/javac/comp/Annotate$2
instanceKlass com/sun/tools/javac/comp/Check$CheckContext
instanceKlass javax/lang/model/element/AnnotationMirror
instanceKlass com/sun/tools/javac/comp/Annotate
instanceKlass com/sun/tools/javac/util/ByteBuffer
instanceKlass com/sun/tools/javac/code/Attribute
instanceKlass javax/lang/model/element/AnnotationValue
instanceKlass javax/lang/model/type/PrimitiveType
instanceKlass com/sun/tools/javac/comp/Annotate$AnnotationTypeCompleter
instanceKlass com/sun/tools/javac/jvm/ClassReader
instanceKlass  @bci com/sun/tools/javac/code/ClassFinder <init> (Lcom/sun/tools/javac/util/Context;)V 23 <appendix> member <vmtarget> ; # com/sun/tools/javac/code/ClassFinder$$Lambda+0x0000019d5c2629d8
instanceKlass com/sun/tools/javac/code/Scope
instanceKlass com/sun/tools/javac/code/ClassFinder
instanceKlass com/sun/tools/javac/util/Convert
instanceKlass com/sun/tools/javac/util/Name
instanceKlass javax/lang/model/element/Name
instanceKlass com/sun/tools/javac/util/Name$Table
instanceKlass com/sun/tools/javac/util/Names
instanceKlass com/sun/tools/javac/code/Symbol$Completer$1
instanceKlass  @bci com/sun/tools/javac/main/JavaCompiler <init> (Lcom/sun/tools/javac/util/Context;)V 6 <appendix> member <vmtarget> ; # com/sun/tools/javac/main/JavaCompiler$$Lambda+0x0000019d5c260000
instanceKlass javax/lang/model/element/ModuleElement
instanceKlass javax/lang/model/element/PackageElement
instanceKlass com/sun/tools/javac/main/JavaCompiler
instanceKlass com/sun/tools/javac/code/Lint$AugmentVisitor
instanceKlass com/sun/tools/javac/code/Attribute$Visitor
instanceKlass javax/lang/model/element/TypeElement
instanceKlass javax/lang/model/element/QualifiedNameable
instanceKlass com/sun/source/tree/AssignmentTree
instanceKlass com/sun/source/tree/LabeledStatementTree
instanceKlass com/sun/source/tree/ClassTree
instanceKlass com/sun/source/tree/ModuleTree
instanceKlass com/sun/source/tree/ArrayTypeTree
instanceKlass com/sun/source/tree/CompoundAssignmentTree
instanceKlass com/sun/source/tree/VariableTree
instanceKlass com/sun/source/tree/MethodTree
instanceKlass com/sun/source/tree/UnionTypeTree
instanceKlass com/sun/source/tree/MemberReferenceTree
instanceKlass com/sun/source/tree/DoWhileLoopTree
instanceKlass com/sun/source/tree/ArrayAccessTree
instanceKlass com/sun/source/tree/ConditionalExpressionTree
instanceKlass com/sun/source/tree/PackageTree
instanceKlass com/sun/source/tree/InstanceOfTree
instanceKlass com/sun/source/tree/ParameterizedTypeTree
instanceKlass com/sun/source/tree/MemberSelectTree
instanceKlass com/sun/source/tree/DeconstructionPatternTree
instanceKlass com/sun/source/tree/ParenthesizedTree
instanceKlass com/sun/source/tree/EnhancedForLoopTree
instanceKlass com/sun/source/tree/LambdaExpressionTree
instanceKlass com/sun/source/tree/PrimitiveTypeTree
instanceKlass com/sun/source/tree/RequiresTree
instanceKlass com/sun/source/tree/TypeParameterTree
instanceKlass com/sun/source/tree/NewArrayTree
instanceKlass com/sun/source/tree/ReturnTree
instanceKlass com/sun/source/tree/ImportTree
instanceKlass com/sun/source/tree/NewClassTree
instanceKlass com/sun/source/tree/BinaryTree
instanceKlass com/sun/source/tree/WhileLoopTree
instanceKlass com/sun/source/tree/ForLoopTree
instanceKlass com/sun/source/tree/LiteralTree
instanceKlass com/sun/source/tree/ExportsTree
instanceKlass com/sun/source/tree/ErroneousTree
instanceKlass com/sun/source/tree/ModifiersTree
instanceKlass com/sun/source/tree/AnnotatedTypeTree
instanceKlass com/sun/source/tree/AnyPatternTree
instanceKlass com/sun/source/tree/ContinueTree
instanceKlass com/sun/source/tree/SwitchTree
instanceKlass com/sun/source/tree/ProvidesTree
instanceKlass com/sun/source/tree/AssertTree
instanceKlass com/sun/source/tree/TypeCastTree
instanceKlass com/sun/source/tree/SynchronizedTree
instanceKlass com/sun/source/tree/TryTree
instanceKlass com/sun/source/tree/UsesTree
instanceKlass com/sun/source/tree/YieldTree
instanceKlass com/sun/source/tree/UnaryTree
instanceKlass com/sun/source/tree/BreakTree
instanceKlass com/sun/source/tree/OpensTree
instanceKlass com/sun/source/tree/DirectiveTree
instanceKlass com/sun/source/tree/ThrowTree
instanceKlass com/sun/source/tree/BlockTree
instanceKlass com/sun/source/tree/IfTree
instanceKlass com/sun/source/tree/CatchTree
instanceKlass com/sun/source/tree/CaseTree
instanceKlass com/sun/source/tree/ExpressionStatementTree
instanceKlass com/sun/source/tree/IdentifierTree
instanceKlass com/sun/source/tree/MethodInvocationTree
instanceKlass com/sun/source/tree/EmptyStatementTree
instanceKlass com/sun/source/tree/StatementTree
instanceKlass com/sun/source/tree/AnnotationTree
instanceKlass com/sun/source/tree/PatternCaseLabelTree
instanceKlass com/sun/source/tree/ConstantCaseLabelTree
instanceKlass com/sun/source/tree/SwitchExpressionTree
instanceKlass com/sun/source/tree/StringTemplateTree
instanceKlass com/sun/source/tree/DefaultCaseLabelTree
instanceKlass com/sun/source/tree/CaseLabelTree
instanceKlass com/sun/source/tree/BindingPatternTree
instanceKlass com/sun/source/tree/PatternTree
instanceKlass com/sun/source/tree/IntersectionTypeTree
instanceKlass com/sun/source/tree/WildcardTree
instanceKlass javax/annotation/processing/Messager
instanceKlass javax/annotation/processing/Filer
instanceKlass com/sun/tools/javac/tree/JCTree$Visitor
instanceKlass javax/annotation/processing/RoundEnvironment
instanceKlass com/sun/tools/javac/processing/JavacProcessingEnvironment
instanceKlass javax/annotation/processing/ProcessingEnvironment
instanceKlass  @bci javax/lang/model/SourceVersion getLatestSupported ()Ljavax/lang/model/SourceVersion; 19 <appendix> form vmentry <vmtarget> ; # java/lang/invoke/LambdaForm$MH+0x0000019d5c241800
instanceKlass  @bci javax/lang/model/SourceVersion getLatestSupported ()Ljavax/lang/model/SourceVersion; 19 <appendix> argL3 form vmentry <vmtarget> ; # java/lang/invoke/LambdaForm$MH+0x0000019d5c241400
# instanceKlass java/lang/invoke/LambdaForm$MH+0x0000019d5c241000
# instanceKlass java/lang/invoke/LambdaForm$MH+0x0000019d5c240c00
instanceKlass  @bci javax/lang/model/SourceVersion getLatestSupported ()Ljavax/lang/model/SourceVersion; 19 <appendix> argL1 form vmentry <vmtarget> ; # java/lang/invoke/LambdaForm$MH+0x0000019d5c240800
# instanceKlass java/lang/invoke/LambdaForm$MH+0x0000019d5c240400
instanceKlass  @bci com/sun/tools/javac/main/Arguments validate ()Z 1363 <appendix> member <vmtarget> ; # com/sun/tools/javac/main/Arguments$$Lambda+0x0000019d5c244f70
instanceKlass  @bci com/sun/tools/javac/main/Arguments validate ()Z 1273 <appendix> member <vmtarget> ; # com/sun/tools/javac/main/Arguments$$Lambda+0x0000019d5c244d48
instanceKlass com/sun/tools/javac/util/Pair
instanceKlass  @bci com/sun/tools/javac/code/DeferredCompletionFailureHandler$1 uninstall ()V 9 <appendix> argL0 ; # com/sun/tools/javac/code/DeferredCompletionFailureHandler$1$$Lambda+0x0000019d5c244908
instanceKlass  @bci com/sun/tools/javac/api/JavacTaskImpl doCall ()Lcom/sun/tools/javac/main/Main$Result; 2 <appendix> member <vmtarget> ; # com/sun/tools/javac/api/JavacTaskImpl$$Lambda+0x0000019d5c2446e0
instanceKlass  @bci com/sun/tools/javac/code/DeferredCompletionFailureHandler$1 install ()V 9 <appendix> argL0 ; # com/sun/tools/javac/code/DeferredCompletionFailureHandler$1$$Lambda+0x0000019d5c244268
instanceKlass com/sun/tools/javac/code/DeferredCompletionFailureHandler$FlipSymbolDescription
instanceKlass com/sun/tools/javac/code/DeferredCompletionFailureHandler$3
instanceKlass com/sun/tools/javac/code/DeferredCompletionFailureHandler$2
instanceKlass com/sun/tools/javac/code/Symbol$Completer
instanceKlass com/sun/tools/javac/code/DeferredCompletionFailureHandler$1
instanceKlass com/sun/tools/javac/code/DeferredCompletionFailureHandler$Handler
instanceKlass com/sun/tools/javac/code/DeferredCompletionFailureHandler
instanceKlass java/util/concurrent/atomic/AtomicBoolean
instanceKlass com/sun/tools/javac/parser/Parser
instanceKlass com/sun/tools/javac/api/JavacTaskImpl$Filter
instanceKlass com/sun/tools/javac/main/DelegatingJavaFileManager
instanceKlass jdk/internal/jrtfs/JrtFileAttributes
instanceKlass  @bci jdk/internal/jimage/ImageReader$SharedImageReader handleModulesSubTree (Ljava/lang/String;Ljdk/internal/jimage/ImageLocation;)Ljdk/internal/jimage/ImageReader$Node; 37 <appendix> member <vmtarget> ; # jdk/internal/jimage/ImageReader$SharedImageReader$$Lambda+0x0000019d5c1ddd18
instanceKlass jdk/internal/jimage/ImageReader$SharedImageReader$LocationVisitor
instanceKlass  @bci com/sun/tools/javac/platform/JDKPlatformProvider$PlatformDescriptionImpl getFileManager ()Ljavax/tools/JavaFileManager; 511 <appendix> member <vmtarget> ; # com/sun/tools/javac/platform/JDKPlatformProvider$PlatformDescriptionImpl$$Lambda+0x0000019d5c23d558
instanceKlass  @cpi com/sun/tools/javac/platform/JDKPlatformProvider$PlatformDescriptionImpl 436 form vmentry <vmtarget> ; # java/lang/invoke/LambdaForm$DMH+0x0000019d5c240000
instanceKlass  @bci com/sun/tools/javac/platform/JDKPlatformProvider$PlatformDescriptionImpl getFileManager ()Ljavax/tools/JavaFileManager; 500 <appendix> argL0 ; # com/sun/tools/javac/platform/JDKPlatformProvider$PlatformDescriptionImpl$$Lambda+0x0000019d5c23d308
instanceKlass  @bci com/sun/tools/javac/platform/JDKPlatformProvider$PlatformDescriptionImpl getFileManager ()Ljavax/tools/JavaFileManager; 490 <appendix> member <vmtarget> ; # com/sun/tools/javac/platform/JDKPlatformProvider$PlatformDescriptionImpl$$Lambda+0x0000019d5c23d0c0
instanceKlass  @bci java/nio/file/Files asUncheckedRunnable (Ljava/io/Closeable;)Ljava/lang/Runnable; 1 <appendix> member <vmtarget> ; # java/nio/file/Files$$Lambda+0x0000019d5c1dd8f0
instanceKlass java/io/BufferedReader$1
instanceKlass jdk/internal/jimage/ImageReader$Node
instanceKlass jdk/internal/jrtfs/SystemImage$2
instanceKlass java/lang/Class$Holder
instanceKlass  @bci jdk/internal/jrtfs/SystemImage <clinit> ()V 0 <appendix> argL0 ; # jdk/internal/jrtfs/SystemImage$$Lambda+0x0000019d5c1dc6d8
instanceKlass jdk/internal/jrtfs/SystemImage
instanceKlass jdk/internal/jrtfs/JrtPath
instanceKlass java/time/chrono/AbstractChronology
instanceKlass java/time/chrono/Chronology
instanceKlass java/time/zone/ZoneOffsetTransition
instanceKlass java/time/zone/ZoneOffsetTransitionRule
instanceKlass java/time/zone/ZoneRules
instanceKlass java/time/zone/Ser
instanceKlass java/io/Externalizable
instanceKlass java/time/zone/ZoneRulesProvider$1
instanceKlass java/time/zone/ZoneRulesProvider
instanceKlass java/time/ZoneId
instanceKlass java/time/LocalTime
instanceKlass java/time/temporal/ValueRange
instanceKlass java/time/temporal/TemporalField
instanceKlass java/time/LocalDate
instanceKlass java/time/chrono/ChronoLocalDate
instanceKlass java/time/LocalDateTime
instanceKlass java/time/chrono/ChronoLocalDateTime
instanceKlass jdk/nio/zipfs/ZipUtils
instanceKlass com/sun/tools/javac/resources/CompilerProperties$Fragments
instanceKlass com/sun/tools/javac/platform/JDKPlatformProvider$PlatformDescriptionImpl
instanceKlass  @bci com/sun/tools/javac/platform/PlatformUtils lookupPlatformDescription (Ljava/lang/String;)Lcom/sun/tools/javac/platform/PlatformDescription; 82 <appendix> member <vmtarget> ; # com/sun/tools/javac/platform/PlatformUtils$$Lambda+0x0000019d5c2373e0
instanceKlass  @bci com/sun/tools/javac/platform/PlatformUtils lambda$lookupPlatformDescription$0 (Ljava/lang/String;Lcom/sun/tools/javac/platform/PlatformProvider;)Z 21 <appendix> member <vmtarget> ; # com/sun/tools/javac/platform/PlatformUtils$$Lambda+0x0000019d5c237188
instanceKlass java/util/TreeMap$TreeMapSpliterator
instanceKlass  @bci jdk/nio/zipfs/ZipFileSystemProvider removeFileSystem (Ljava/nio/file/Path;Ljdk/nio/zipfs/ZipFileSystem;)V 17 <appendix> member <vmtarget> ; # jdk/nio/zipfs/ZipFileSystemProvider$$Lambda+0x0000019d5c239af8
instanceKlass  @bci jdk/nio/zipfs/ZipFileSystem close ()V 97 <appendix> member <vmtarget> ; # jdk/nio/zipfs/ZipFileSystem$$Lambda+0x0000019d5c2398d0
instanceKlass jdk/nio/zipfs/ZipDirectoryStream$1
instanceKlass jdk/nio/zipfs/ZipDirectoryStream
instanceKlass jdk/nio/zipfs/ZipFileSystem$END
instanceKlass jdk/nio/zipfs/ZipConstants
instanceKlass java/nio/channels/spi/AbstractInterruptibleChannel$1
instanceKlass sun/nio/ch/Interruptible
instanceKlass java/nio/file/attribute/PosixFileAttributeView
instanceKlass jdk/nio/zipfs/ZipFileAttributeView
instanceKlass jdk/nio/zipfs/ZipPath
instanceKlass jdk/nio/zipfs/ZipCoder
instanceKlass sun/nio/fs/WindowsSecurity
instanceKlass sun/nio/fs/AbstractAclFileAttributeView
instanceKlass java/nio/file/attribute/AclFileAttributeView
instanceKlass java/nio/file/attribute/FileOwnerAttributeView
instanceKlass  @bci jdk/nio/zipfs/ZipFileSystem <init> (Ljdk/nio/zipfs/ZipFileSystemProvider;Ljava/nio/file/Path;Ljava/util/Map;)V 431 <appendix> member <vmtarget> ; # jdk/nio/zipfs/ZipFileSystem$$Lambda+0x0000019d5c227bb0
instanceKlass sun/nio/fs/WindowsFileSystemProvider$1
instanceKlass java/util/concurrent/locks/ReentrantReadWriteLock$WriteLock
instanceKlass java/util/concurrent/locks/ReentrantReadWriteLock$ReadLock
instanceKlass java/util/concurrent/locks/ReentrantReadWriteLock
instanceKlass  @bci java/util/function/Function identity ()Ljava/util/function/Function; 0 <appendix> argL0 ; # java/util/function/Function$$Lambda+0x0000019d5c1d63c0
instanceKlass java/nio/file/attribute/PosixFilePermissions
instanceKlass  @bci jdk/nio/zipfs/ZipFileSystem <clinit> ()V 0 <appendix> argL0 ; # jdk/nio/zipfs/ZipFileSystem$$Lambda+0x0000019d5c227990
instanceKlass jdk/nio/zipfs/ZipFileAttributes
instanceKlass jdk/nio/zipfs/ZipFileSystem$IndexNode
instanceKlass java/util/concurrent/locks/ReadWriteLock
instanceKlass  @bci com/sun/tools/javac/platform/JDKPlatformProvider <clinit> ()V 17 <appendix> argL0 ; # com/sun/tools/javac/platform/JDKPlatformProvider$$Lambda+0x0000019d5c236cf8
instanceKlass  @cpi com/sun/tools/javac/platform/JDKPlatformProvider 263 form vmentry <vmtarget> ; # java/lang/invoke/LambdaForm$DMH+0x0000019d5c235c00
instanceKlass com/sun/tools/javac/platform/PlatformDescription
instanceKlass com/sun/tools/javac/platform/JDKPlatformProvider
instanceKlass  @bci com/sun/tools/javac/platform/PlatformUtils lookupPlatformDescription (Ljava/lang/String;)Lcom/sun/tools/javac/platform/PlatformDescription; 65 <appendix> member <vmtarget> ; # com/sun/tools/javac/platform/PlatformUtils$$Lambda+0x0000019d5c236668
instanceKlass com/sun/tools/javac/platform/PlatformProvider
instanceKlass com/sun/tools/javac/platform/PlatformUtils
instanceKlass  @bci com/sun/tools/javac/main/Arguments checkOptionAllowed (ZLcom/sun/tools/javac/main/Arguments$ErrorReporter;[Lcom/sun/tools/javac/main/Option;)V 33 <appendix> member <vmtarget> ; # com/sun/tools/javac/main/Arguments$$Lambda+0x0000019d5c233ce8
instanceKlass  @bci com/sun/tools/javac/main/Arguments checkOptionAllowed (ZLcom/sun/tools/javac/main/Arguments$ErrorReporter;[Lcom/sun/tools/javac/main/Option;)V 17 <appendix> member <vmtarget> ; # com/sun/tools/javac/main/Arguments$$Lambda+0x0000019d5c233a90
instanceKlass  @cpi com/sun/tools/javac/main/Arguments 1138 form vmentry <vmtarget> ; # java/lang/invoke/LambdaForm$DMH+0x0000019d5c235800
instanceKlass  @bci com/sun/tools/javac/main/Arguments handleReleaseOptions (Ljava/util/function/Predicate;)Z 22 <appendix> member <vmtarget> ; # com/sun/tools/javac/main/Arguments$$Lambda+0x0000019d5c233868
instanceKlass com/sun/tools/javac/main/Arguments$ErrorReporter
instanceKlass  @bci com/sun/tools/javac/main/Arguments processArgs (Ljava/lang/Iterable;Ljava/util/Set;Lcom/sun/tools/javac/main/OptionHelper;ZZ)Z 24 <adapter> ; # java/lang/invoke/LambdaForm$MH+0x0000019d5c235400
# instanceKlass java/lang/invoke/LambdaForm$DMH+0x0000019d5c235000
instanceKlass  @bci com/sun/tools/javac/main/Arguments processArgs (Ljava/lang/Iterable;Ljava/util/Set;Lcom/sun/tools/javac/main/OptionHelper;ZZ)Z 24 <appendix> form vmentry <vmtarget> ; # java/lang/invoke/LambdaForm$DMH+0x0000019d5c234c00
instanceKlass  @bci com/sun/tools/javac/main/Arguments processArgs (Ljava/lang/Iterable;Ljava/util/Set;Lcom/sun/tools/javac/main/OptionHelper;ZZ)Z 24 <appendix> member <vmtarget> ; # com/sun/tools/javac/main/Arguments$$Lambda+0x0000019d5c233410
instanceKlass  @cpi com/sun/tools/javac/main/Arguments 1127 form vmentry <vmtarget> ; # java/lang/invoke/LambdaForm$DMH+0x0000019d5c234800
instanceKlass java/util/AbstractMap$SimpleEntry
instanceKlass jdk/internal/jimage/ImageBufferCache$2
instanceKlass jdk/internal/jimage/ImageBufferCache
instanceKlass  @bci sun/net/www/protocol/jrt/JavaRuntimeURLConnection <clinit> ()V 0 <appendix> argL0 ; # sun/net/www/protocol/jrt/JavaRuntimeURLConnection$$Lambda+0x0000019d5c1d3ad0
instanceKlass java/nio/channels/AsynchronousFileChannel
instanceKlass java/nio/channels/AsynchronousChannel
instanceKlass java/nio/file/FileStore
instanceKlass java/nio/file/spi/FileSystemProvider$1
instanceKlass com/sun/tools/javac/util/StringUtils
instanceKlass  @bci com/sun/tools/javac/file/CacheFSInfo isFile (Ljava/nio/file/Path;)Z 5 <appendix> argL0 ; # com/sun/tools/javac/file/CacheFSInfo$$Lambda+0x0000019d5c232fc8
instanceKlass  @cpi com/sun/tools/javac/file/CacheFSInfo 178 form vmentry <vmtarget> ; # java/lang/invoke/LambdaForm$DMH+0x0000019d5c234400
instanceKlass  @bci com/sun/tools/javac/file/CacheFSInfo getAttributes (Ljava/nio/file/Path;)Ljava/util/Optional; 6 <appendix> member <vmtarget> ; # com/sun/tools/javac/file/CacheFSInfo$$Lambda+0x0000019d5c232d80
instanceKlass  @cpi com/sun/tools/javac/comp/TypeEnter 825 form vmentry <vmtarget> ; # java/lang/invoke/LambdaForm$DMH+0x0000019d5c234000
instanceKlass com/sun/tools/javac/file/BaseFileManager$3
instanceKlass com/sun/tools/doclint/DocLint$1
instanceKlass com/sun/source/tree/CompilationUnitTree
instanceKlass com/sun/source/util/TreePath
instanceKlass javax/lang/model/util/Types
instanceKlass javax/lang/model/util/Elements
instanceKlass com/sun/source/util/Trees
instanceKlass com/sun/source/util/TreeScanner
instanceKlass com/sun/source/tree/TreeVisitor
instanceKlass  @bci com/sun/tools/doclint/DocLint newDocLint ()Lcom/sun/tools/doclint/DocLint; 17 <appendix> argL0 ; # com/sun/tools/doclint/DocLint$$Lambda+0x0000019d5c22e6f0
instanceKlass java/util/ServiceLoader$ProviderSpliterator
instanceKlass com/sun/tools/doclint/DocLint
instanceKlass com/sun/source/util/Plugin
instanceKlass com/sun/tools/javac/util/ListBuffer$1
instanceKlass com/sun/tools/javac/main/Arguments
instanceKlass com/sun/tools/javac/api/ClientCodeWrapper$WrappedDiagnosticListener
instanceKlass com/sun/tools/javac/api/ClientCodeWrapper$Trusted
instanceKlass com/sun/source/util/TaskListener
instanceKlass com/sun/tools/javac/api/ClientCodeWrapper
instanceKlass com/sun/tools/javac/file/PathFileObject
instanceKlass sun/nio/fs/WindowsLinkSupport
instanceKlass  @bci com/sun/tools/javac/file/CacheFSInfo getCanonicalFile (Ljava/nio/file/Path;)Ljava/nio/file/Path; 6 <appendix> member <vmtarget> ; # com/sun/tools/javac/file/CacheFSInfo$$Lambda+0x0000019d5c22b778
instanceKlass  @bci com/sun/tools/javac/util/Log <init> (Lcom/sun/tools/javac/util/Context;Ljava/util/Map;)V 124 <appendix> member <vmtarget> ; # com/sun/tools/javac/util/Log$$Lambda+0x0000019d5c22b0b0
instanceKlass  @bci com/sun/tools/javac/util/JCDiagnostic$Factory <init> (Lcom/sun/tools/javac/util/Context;)V 31 <appendix> member <vmtarget> ; # com/sun/tools/javac/util/JCDiagnostic$Factory$$Lambda+0x0000019d5c22ae88
instanceKlass com/sun/tools/javac/util/JCDiagnostic
instanceKlass javax/lang/model/type/TypeVariable
instanceKlass javax/lang/model/type/ExecutableType
instanceKlass javax/lang/model/type/NoType
instanceKlass javax/lang/model/element/VariableElement
instanceKlass javax/lang/model/type/WildcardType
instanceKlass javax/lang/model/type/ErrorType
instanceKlass javax/lang/model/type/DeclaredType
instanceKlass javax/lang/model/type/ArrayType
instanceKlass javax/lang/model/type/ReferenceType
instanceKlass com/sun/tools/javac/jvm/PoolConstant$LoadableConstant
instanceKlass javax/lang/model/type/TypeMirror
instanceKlass com/sun/tools/javac/code/AnnoConstruct
instanceKlass com/sun/tools/javac/jvm/PoolConstant
instanceKlass javax/lang/model/element/ExecutableElement
instanceKlass javax/lang/model/element/Parameterizable
instanceKlass javax/lang/model/element/Element
instanceKlass javax/lang/model/AnnotatedConstruct
instanceKlass com/sun/tools/javac/util/AbstractDiagnosticFormatter$SimpleConfiguration
instanceKlass com/sun/source/tree/ExpressionTree
instanceKlass com/sun/tools/javac/tree/JCTree
instanceKlass com/sun/source/tree/Tree
instanceKlass com/sun/tools/javac/code/Printer
instanceKlass com/sun/tools/javac/code/Symbol$Visitor
instanceKlass com/sun/tools/javac/code/Type$Visitor
instanceKlass com/sun/tools/javac/api/DiagnosticFormatter$Configuration
instanceKlass com/sun/tools/javac/util/AbstractDiagnosticFormatter
instanceKlass com/sun/tools/javac/util/Options
instanceKlass  @bci jdk/internal/module/SystemModuleFinders$SystemModuleReader open (Ljava/lang/String;)Ljava/util/Optional; 6 <appendix> member <vmtarget> ; # jdk/internal/module/SystemModuleFinders$SystemModuleReader$$Lambda+0x0000019d5c1d1898
instanceKlass  @bci java/util/ResourceBundle$ResourceBundleProviderHelper loadPropertyResourceBundle (Ljava/lang/Module;Ljava/lang/Module;Ljava/lang/String;Ljava/util/Locale;)Ljava/util/ResourceBundle; 14 <appendix> member <vmtarget> ; # java/util/ResourceBundle$ResourceBundleProviderHelper$$Lambda+0x0000019d5c1d1670
instanceKlass  @bci java/util/ResourceBundle$ResourceBundleProviderHelper loadResourceBundle (Ljava/lang/Module;Ljava/lang/Module;Ljava/lang/String;Ljava/util/Locale;)Ljava/util/ResourceBundle; 13 <appendix> member <vmtarget> ; # java/util/ResourceBundle$ResourceBundleProviderHelper$$Lambda+0x0000019d5c1d11d8
instanceKlass java/util/ResourceBundle$3
instanceKlass java/util/ResourceBundle$CacheKeyReference
instanceKlass java/util/ResourceBundle$CacheKey
instanceKlass  @bci java/util/ResourceBundle getLoader (Ljava/lang/Module;)Ljava/lang/ClassLoader; 6 <appendix> member <vmtarget> ; # java/util/ResourceBundle$$Lambda+0x0000019d5c1d06f8
instanceKlass com/sun/tools/javac/util/List$2
instanceKlass  @bci com/sun/tools/javac/util/JavacMessages add (Ljava/lang/String;)V 2 <appendix> member <vmtarget> ; # com/sun/tools/javac/util/JavacMessages$$Lambda+0x0000019d5c21c568
instanceKlass com/sun/tools/javac/util/JavacMessages$ResourceBundleHelper
instanceKlass com/sun/tools/javac/util/JavacMessages
instanceKlass com/sun/tools/javac/api/Messages
instanceKlass com/sun/tools/javac/util/JCDiagnostic$DiagnosticInfo
instanceKlass com/sun/tools/javac/util/JCDiagnostic$Factory
instanceKlass  @bci com/sun/tools/javac/file/JavacFileManager <init> (Lcom/sun/tools/javac/util/Context;ZLjava/nio/charset/Charset;)V 6 <appendix> argL0 ; # com/sun/tools/javac/file/JavacFileManager$$Lambda+0x0000019d5c219b98
instanceKlass java/util/JumboEnumSet$EnumSetIterator
instanceKlass com/sun/tools/javac/file/Locations$ModuleTable
instanceKlass  @bci com/sun/tools/javac/file/Locations$ModuleSourcePathLocationHandler <init> (Lcom/sun/tools/javac/file/Locations;)V 23 <appendix> argL0 ; # com/sun/tools/javac/file/Locations$ModuleSourcePathLocationHandler$$Lambda+0x0000019d5c219158
instanceKlass  @bci com/sun/tools/javac/file/Locations <init> ()V 5 <appendix> argL0 ; # com/sun/tools/javac/file/Locations$$Lambda+0x0000019d5c2182d8
instanceKlass javax/tools/StandardJavaFileManager$PathFactory
instanceKlass com/sun/tools/javac/file/Locations$LocationHandler
instanceKlass com/sun/tools/javac/file/Locations
instanceKlass com/sun/tools/javac/file/JavacFileManager$1
instanceKlass  @bci java/util/stream/Collectors toCollection (Ljava/util/function/Supplier;)Ljava/util/stream/Collector; 10 <appendix> argL0 ; # java/util/stream/Collectors$$Lambda+0x0000019d5c1cf938
instanceKlass  @bci java/util/stream/Collectors toCollection (Ljava/util/function/Supplier;)Ljava/util/stream/Collector; 5 <appendix> argL0 ; # java/util/stream/Collectors$$Lambda+0x0000019d5c1cf708
instanceKlass  @bci com/sun/tools/javac/main/Option getOptions (Lcom/sun/tools/javac/main/Option$OptionGroup;)Ljava/util/Set; 17 <appendix> argL0 ; # com/sun/tools/javac/main/Option$$Lambda+0x0000019d5c216d88
instanceKlass  @bci com/sun/tools/javac/main/Option getOptions (Lcom/sun/tools/javac/main/Option$OptionGroup;)Ljava/util/Set; 7 <appendix> member <vmtarget> ; # com/sun/tools/javac/main/Option$$Lambda+0x0000019d5c216b30
instanceKlass com/sun/tools/javac/code/Lint
instanceKlass com/sun/tools/javac/util/Assert
instanceKlass com/sun/tools/javac/file/JavacFileManager$Container
instanceKlass javax/tools/JavaFileManager$Location
instanceKlass com/sun/tools/javac/file/RelativePath
instanceKlass javax/tools/JavaFileObject
instanceKlass javax/tools/FileObject
instanceKlass com/sun/tools/javac/main/OptionHelper
instanceKlass  @bci com/sun/tools/javac/file/CacheFSInfo preRegister (Lcom/sun/tools/javac/util/Context;)V 3 <appendix> argL0 ; # com/sun/tools/javac/file/CacheFSInfo$$Lambda+0x0000019d5c206010
instanceKlass com/sun/tools/javac/file/FSInfo
instanceKlass com/sun/tools/javac/util/Log$DiagnosticHandler
instanceKlass com/sun/tools/javac/api/DiagnosticFormatter
instanceKlass com/sun/tools/javac/util/JCDiagnostic$DiagnosticPosition
instanceKlass com/sun/tools/javac/util/AbstractLog
instanceKlass com/sun/tools/javac/util/Context$Factory
instanceKlass com/sun/tools/javac/util/Context$Key
instanceKlass javax/tools/DiagnosticCollector
instanceKlass org/codehaus/plexus/compiler/javac/JavaxToolsCompiler$1
instanceKlass  @bci java/util/stream/MatchOps makeRef (Ljava/util/function/Predicate;Ljava/util/stream/MatchOps$MatchKind;)Ljava/util/stream/TerminalOp; 20 <appendix> member <vmtarget> ; # java/util/stream/MatchOps$$Lambda+0x0000019d5c1cdc70
instanceKlass java/util/stream/MatchOps$BooleanTerminalSink
instanceKlass java/util/stream/MatchOps$MatchOp
instanceKlass java/util/stream/MatchOps
instanceKlass  @bci org/codehaus/plexus/compiler/javac/JavacCompiler$JavaVersion isOlderOrEqualTo (Ljava/lang/String;)Z 33 <appendix> member <vmtarget> ; # org/codehaus/plexus/compiler/javac/JavacCompiler$JavaVersion$$Lambda+0x0000019d5c20b640
instanceKlass org/codehaus/plexus/util/StringUtils
instanceKlass org/apache/maven/shared/utils/io/SelectorUtils
instanceKlass org/apache/maven/shared/utils/io/MatchPattern
instanceKlass org/apache/maven/shared/utils/io/MatchPatterns
instanceKlass org/apache/maven/shared/utils/io/DirectoryScanner
instanceKlass org/apache/maven/shared/utils/io/FileUtils
instanceKlass  @bci java/util/stream/SortedOps$RefSortingSink end ()V 48 <appendix> member <vmtarget> ; # java/util/stream/SortedOps$RefSortingSink$$Lambda+0x0000019d5c1ccef8
instanceKlass  @cpi com/sun/tools/javac/code/Symtab 1365 form vmentry <vmtarget> ; # java/lang/invoke/LambdaForm$DMH+0x0000019d5c20c800
instanceKlass java/util/stream/ForEachOps$ForEachOp
instanceKlass java/util/stream/ForEachOps
instanceKlass  @bci org/apache/maven/plugin/compiler/AbstractCompilerMojo execute ()V 3550 <appendix> argL0 ; # org/apache/maven/plugin/compiler/AbstractCompilerMojo$$Lambda+0x0000019d5c209c60
instanceKlass  @cpi com/sun/tools/javac/comp/Operators$BinaryNumericOperator 72 form vmentry <vmtarget> ; # java/lang/invoke/LambdaForm$DMH+0x0000019d5c20c400
instanceKlass  @bci org/apache/maven/plugin/compiler/AbstractCompilerMojo execute ()V 3540 <appendix> argL0 ; # org/apache/maven/plugin/compiler/AbstractCompilerMojo$$Lambda+0x0000019d5c209a20
instanceKlass java/util/Collections$ReverseComparator
instanceKlass  @bci java/nio/file/Files walk (Ljava/nio/file/Path;I[Ljava/nio/file/FileVisitOption;)Ljava/util/stream/Stream; 43 <appendix> argL0 ; # java/nio/file/Files$$Lambda+0x0000019d5c1cc750
instanceKlass  @bci java/nio/file/Files walk (Ljava/nio/file/Path;I[Ljava/nio/file/FileVisitOption;)Ljava/util/stream/Stream; 30 <appendix> member <vmtarget> ; # java/nio/file/Files$$Lambda+0x0000019d5c1cc528
instanceKlass  @cpi java/nio/file/Files 1127 form vmentry <vmtarget> ; # java/lang/invoke/LambdaForm$DMH+0x0000019d5c20c000
instanceKlass java/nio/file/FileTreeWalker$Event
instanceKlass sun/nio/fs/WindowsDirectoryStream$WindowsDirectoryIterator
instanceKlass java/nio/file/FileTreeWalker$DirectoryNode
instanceKlass sun/nio/fs/WindowsDirectoryStream
instanceKlass java/nio/file/DirectoryStream
instanceKlass java/nio/file/Files$AcceptAllFilter
instanceKlass java/nio/file/DirectoryStream$Filter
instanceKlass java/nio/file/FileTreeWalker
instanceKlass java/nio/file/FileTreeIterator
instanceKlass org/apache/maven/shared/utils/logging/AnsiMessageBuilder
instanceKlass org/apache/maven/shared/utils/logging/LoggerLevelRenderer
instanceKlass org/apache/maven/shared/utils/logging/MessageUtils
instanceKlass  @bci org/apache/maven/plugin/compiler/AbstractCompilerMojo execute ()V 1525 <appendix> argL0 ; # org/apache/maven/plugin/compiler/AbstractCompilerMojo$$Lambda+0x0000019d5c208aa0
instanceKlass org/apache/maven/plugin/compiler/DeltaList
instanceKlass sun/nio/fs/WindowsChannelFactory$2
instanceKlass  @bci org/apache/maven/plugin/compiler/AbstractCompilerMojo hasInputFileTreeChanged (Lorg/apache/maven/shared/incremental/IncrementalBuildHelper;Ljava/util/Set;)Z 110 <appendix> argL0 ; # org/apache/maven/plugin/compiler/AbstractCompilerMojo$$Lambda+0x0000019d5c208650
instanceKlass java/util/stream/SortedOps
instanceKlass java/util/HashMap$HashMapSpliterator
instanceKlass sun/nio/fs/WindowsPath$1
instanceKlass java/nio/file/attribute/FileTime$1
instanceKlass org/codehaus/plexus/util/io/InputStreamFacade
instanceKlass org/codehaus/plexus/util/BaseFileUtils
instanceKlass java/time/Duration
instanceKlass java/time/temporal/TemporalAmount
instanceKlass  @bci org/apache/maven/plugin/compiler/AbstractCompilerMojo getBuildStartTimeInstant ()Ljava/util/Optional; 26 <appendix> argL0 ; # org/apache/maven/plugin/compiler/AbstractCompilerMojo$$Lambda+0x0000019d5c201c80
instanceKlass  @bci org/apache/maven/plugin/compiler/AbstractCompilerMojo getBuildStartTimeInstant ()Ljava/util/Optional; 18 <appendix> argL0 ; # org/apache/maven/plugin/compiler/AbstractCompilerMojo$$Lambda+0x0000019d5c201a40
instanceKlass  @bci org/apache/maven/plugin/compiler/AbstractCompilerMojo getBuildStartTimeInstant ()Ljava/util/Optional; 10 <appendix> argL0 ; # org/apache/maven/plugin/compiler/AbstractCompilerMojo$$Lambda+0x0000019d5c201800
instanceKlass  @cpi org/mapstruct/ap/MappingProcessor 690 form vmentry <vmtarget> ; # java/lang/invoke/LambdaForm$DMH+0x0000019d5c201000
instanceKlass org/apache/maven/shared/incremental/IncrementalBuildHelperRequest
instanceKlass org/codehaus/plexus/util/SelectorUtils
instanceKlass org/codehaus/plexus/util/MatchPatterns
instanceKlass org/codehaus/plexus/util/MatchPattern
instanceKlass org/codehaus/plexus/util/AbstractScanner
instanceKlass org/codehaus/plexus/util/Scanner
instanceKlass org/codehaus/plexus/compiler/util/scan/mapping/SuffixMapping
instanceKlass org/codehaus/plexus/compiler/util/scan/AbstractSourceInclusionScanner
instanceKlass java/util/stream/ReduceOps$AccumulatingSink
instanceKlass java/util/stream/ReduceOps$Box
instanceKlass java/util/stream/ReduceOps$ReduceOp
instanceKlass java/util/stream/ReduceOps
instanceKlass  @bci java/util/stream/Collectors castingIdentity ()Ljava/util/function/Function; 0 <appendix> argL0 ; # java/util/stream/Collectors$$Lambda+0x800000041
instanceKlass  @bci java/util/stream/Collectors toList ()Ljava/util/stream/Collector; 14 <appendix> argL0 ; # java/util/stream/Collectors$$Lambda+0x0000019d5c1c80d0
instanceKlass java/util/function/BinaryOperator
instanceKlass  @bci java/util/stream/Collectors toList ()Ljava/util/stream/Collector; 9 <appendix> argL0 ; # java/util/stream/Collectors$$Lambda+0x0000019d5c1c7ea0
instanceKlass  @bci java/util/stream/Collectors toList ()Ljava/util/stream/Collector; 4 <appendix> argL0 ; # java/util/stream/Collectors$$Lambda+0x0000019d5c1c7c80
instanceKlass java/util/stream/Collector
instanceKlass java/util/stream/Collectors
instanceKlass  @bci org/apache/maven/plugin/compiler/AbstractCompilerMojo resolveProcessorPathEntries ()Ljava/util/List; 98 <appendix> argL0 ; # org/apache/maven/plugin/compiler/AbstractCompilerMojo$$Lambda+0x0000019d5c202228
instanceKlass  @bci org/apache/maven/plugin/compiler/AbstractCompilerMojo getAnnotationProcessorPathVersion (Lorg/apache/maven/plugin/compiler/DependencyCoordinate;)Ljava/lang/String; 23 <appendix> member <vmtarget> ; # org/apache/maven/plugin/compiler/AbstractCompilerMojo$$Lambda+0x0000019d5c202000
instanceKlass  @bci org/apache/maven/plugin/compiler/AbstractCompilerMojo findManagedVersion (Lorg/apache/maven/plugin/compiler/DependencyCoordinate;Ljava/util/List;)Ljava/util/Optional; 22 <appendix> argL0 ; # org/apache/maven/plugin/compiler/AbstractCompilerMojo$$Lambda+0x0000019d5c1bbbf0
instanceKlass  @bci org/apache/maven/plugin/compiler/AbstractCompilerMojo findManagedVersion (Lorg/apache/maven/plugin/compiler/DependencyCoordinate;Ljava/util/List;)Ljava/util/Optional; 7 <appendix> member <vmtarget> ; # org/apache/maven/plugin/compiler/AbstractCompilerMojo$$Lambda+0x0000019d5c1bb998
instanceKlass org/apache/maven/shared/utils/StringUtils
instanceKlass  @bci javax/tools/ToolProvider matches (Ljava/lang/Object;Ljava/lang/String;)Z 2 <appendix> member <vmtarget> ; # javax/tools/ToolProvider$$Lambda+0x0000019d5c200448
instanceKlass com/sun/tools/javac/file/BaseFileManager
instanceKlass com/sun/tools/javac/util/Context
instanceKlass javax/tools/StandardJavaFileManager
instanceKlass com/sun/source/util/JavacTask
instanceKlass javax/tools/JavaCompiler$CompilationTask
instanceKlass com/sun/tools/javac/api/JavacTool
instanceKlass javax/tools/ToolProvider
instanceKlass java/util/concurrent/ConcurrentLinkedDeque$Node
instanceKlass org/codehaus/plexus/compiler/PlexusLoggerWrapper
instanceKlass  @bci java/util/regex/Pattern ALL ()Ljava/util/regex/Pattern$CharPredicate; 0 <appendix> argL0 ; # java/util/regex/Pattern$$Lambda+0x0000019d5c1c6f28
instanceKlass  @bci java/util/regex/CharPredicates ASCII_WORD ()Ljava/util/regex/Pattern$BmpCharPredicate; 0 <appendix> argL0 ; # java/util/regex/CharPredicates$$Lambda+0x0000019d5c1c6c98
instanceKlass org/eclipse/sisu/wire/ProviderIterableAdapter$ProviderEntry
instanceKlass org/eclipse/sisu/wire/NamedIterableAdapter$NamedEntry
instanceKlass org/eclipse/sisu/wire/ProviderIterableAdapter$ProviderIterator
instanceKlass org/eclipse/sisu/wire/NamedIterableAdapter$NamedIterator
instanceKlass org/eclipse/sisu/wire/ProviderIterableAdapter
instanceKlass org/eclipse/sisu/wire/BeanProviders$2
instanceKlass javax/tools/Diagnostic
instanceKlass javax/tools/JavaCompiler
instanceKlass javax/tools/Tool
instanceKlass javax/tools/JavaFileManager
instanceKlass javax/tools/OptionChecker
instanceKlass javax/tools/DiagnosticListener
instanceKlass org/codehaus/plexus/compiler/CompilerMessage
instanceKlass org/codehaus/plexus/util/cli/StreamConsumer
instanceKlass org/codehaus/plexus/compiler/CompilerOutputStyle
instanceKlass org/codehaus/plexus/languages/java/jpms/ResolvePathsRequest
instanceKlass org/codehaus/plexus/languages/java/jpms/ResolvePathResult
instanceKlass org/codehaus/plexus/languages/java/jpms/ResolvePathRequest
instanceKlass org/codehaus/plexus/languages/java/jpms/ManifestModuleNameExtractor
instanceKlass org/codehaus/plexus/languages/java/jpms/SourceModuleInfoParser
instanceKlass org/codehaus/plexus/languages/java/jpms/ModuleInfoParser
instanceKlass org/codehaus/plexus/languages/java/jpms/ModuleNameExtractor
instanceKlass org/codehaus/plexus/languages/java/jpms/JavaModuleDescriptor
instanceKlass org/codehaus/plexus/languages/java/jpms/ResolvePathsResult
instanceKlass org/apache/maven/shared/incremental/IncrementalBuildHelper
instanceKlass org/codehaus/plexus/compiler/CompilerResult
instanceKlass org/codehaus/plexus/compiler/util/scan/SourceInclusionScanner
instanceKlass org/apache/maven/shared/utils/logging/MessageBuilder
instanceKlass java/time/Instant
instanceKlass java/time/temporal/TemporalAdjuster
instanceKlass java/time/temporal/Temporal
instanceKlass java/time/temporal/TemporalAccessor
instanceKlass org/apache/maven/plugin/compiler/DependencyCoordinate
instanceKlass org/codehaus/plexus/compiler/CompilerConfiguration
instanceKlass org/codehaus/plexus/compiler/util/scan/mapping/SourceMapping
instanceKlass java/time/temporal/TemporalUnit
instanceKlass org/codehaus/plexus/compiler/javac/JavaxToolsCompiler
instanceKlass org/codehaus/plexus/compiler/javac/InProcessCompiler
instanceKlass org/codehaus/plexus/compiler/AbstractCompiler
instanceKlass org/codehaus/plexus/compiler/Compiler
instanceKlass org/codehaus/plexus/compiler/manager/DefaultCompilerManager
instanceKlass org/codehaus/plexus/compiler/manager/CompilerManager
instanceKlass org/codehaus/plexus/languages/java/jpms/LocationManager
instanceKlass org/apache/maven/artifact/resolver/filter/AbstractScopeArtifactFilter
instanceKlass sun/nio/fs/WindowsFileCopy
instanceKlass org/sonatype/plexus/build/incremental/EmptyScanner
instanceKlass java/nio/file/attribute/PosixFileAttributes
instanceKlass java/nio/BufferMismatch
instanceKlass sun/nio/ch/IOStatus
instanceKlass sun/nio/ch/Util$BufferCache
instanceKlass sun/nio/ch/Util
instanceKlass sun/nio/ch/NativeThread
instanceKlass org/codehaus/plexus/interpolation/PrefixAwareRecursionInterceptor
instanceKlass org/codehaus/plexus/interpolation/SimpleRecursionInterceptor
instanceKlass  @bci org/apache/maven/shared/filtering/BaseFilter createInterpolator (Ljava/util/LinkedHashSet;Ljava/util/List;Lorg/codehaus/plexus/interpolation/ValueSource;Lorg/apache/maven/project/MavenProject;Lorg/apache/maven/execution/MavenSession;Ljava/lang/String;Z)Lorg/codehaus/plexus/interpolation/Interpolator; 126 <appendix> argL0 ; # org/apache/maven/shared/filtering/BaseFilter$$Lambda+0x0000019d5c1b06b0
instanceKlass org/codehaus/plexus/interpolation/InterpolationPostProcessor
instanceKlass org/codehaus/plexus/interpolation/SingleResponseValueSource
instanceKlass org/codehaus/plexus/interpolation/PrefixedValueSourceWrapper
instanceKlass org/codehaus/plexus/interpolation/FeedbackEnabledValueSource
instanceKlass org/codehaus/plexus/interpolation/AbstractDelegatingValueSource
instanceKlass org/codehaus/plexus/interpolation/QueryEnabledValueSource
instanceKlass org/codehaus/plexus/interpolation/multi/DelimiterSpecification
instanceKlass org/codehaus/plexus/interpolation/multi/MultiDelimiterStringSearchInterpolator
instanceKlass java/nio/channels/NetworkChannel
instanceKlass sun/nio/ch/SelChImpl
instanceKlass sun/nio/ch/Streams
instanceKlass java/nio/channels/Channels
instanceKlass sun/nio/ch/FileChannelImpl$Closer
instanceKlass sun/nio/ch/NativeThreadSet
instanceKlass sun/nio/ch/IOUtil
instanceKlass sun/nio/ch/NativeDispatcher
instanceKlass java/nio/channels/spi/AbstractInterruptibleChannel
instanceKlass java/nio/channels/InterruptibleChannel
instanceKlass java/nio/channels/ScatteringByteChannel
instanceKlass java/nio/channels/GatheringByteChannel
instanceKlass java/nio/channels/SeekableByteChannel
instanceKlass java/nio/channels/ByteChannel
instanceKlass sun/nio/fs/WindowsChannelFactory$Flags
instanceKlass sun/nio/fs/WindowsChannelFactory$1
instanceKlass sun/nio/fs/WindowsChannelFactory
instanceKlass sun/nio/fs/WindowsSecurityDescriptor
instanceKlass java/nio/file/attribute/FileAttribute
instanceKlass org/apache/maven/shared/filtering/FilteringUtils
instanceKlass org/apache/commons/io/FilenameUtils
instanceKlass org/codehaus/plexus/util/SelectorUtils
instanceKlass org/codehaus/plexus/util/MatchPatterns
instanceKlass org/codehaus/plexus/util/MatchPattern
instanceKlass org/codehaus/plexus/util/AbstractScanner
instanceKlass org/codehaus/plexus/interpolation/RecursionInterceptor
instanceKlass org/codehaus/plexus/interpolation/AbstractValueSource
instanceKlass org/apache/maven/plugins/resources/MavenBuildTimestamp
instanceKlass org/apache/maven/shared/filtering/FilterWrapper
instanceKlass  @bci java/util/regex/CharPredicates forUnicodeBlock (Ljava/lang/String;)Ljava/util/regex/Pattern$CharPredicate; 6 <appendix> member <vmtarget> ; # java/util/regex/CharPredicates$$Lambda+0x0000019d5c07f640
instanceKlass java/lang/Character$Subset
instanceKlass org/apache/commons/lang3/StringUtils
instanceKlass org/codehaus/plexus/util/introspection/MethodMap
instanceKlass org/codehaus/plexus/util/introspection/ClassMap$CacheMiss
instanceKlass org/codehaus/plexus/util/introspection/ClassMap
instanceKlass org/codehaus/plexus/util/introspection/ReflectionValueExtractor$Tokenizer
instanceKlass org/codehaus/plexus/util/introspection/ReflectionValueExtractor
instanceKlass  @bci jdk/internal/reflect/MethodHandleIntegerFieldAccessorImpl setInt (Ljava/lang/Object;I)V 41 <adapter> ; # java/lang/invoke/LambdaForm$MH+0x0000019d5c1ac400
# instanceKlass java/lang/invoke/LambdaForm$MH+0x0000019d5c1ac000
instanceKlass org/eclipse/sisu/plexus/CompositeBeanHelper$1
instanceKlass org/eclipse/sisu/plexus/CompositeBeanHelper
instanceKlass org/apache/maven/plugin/internal/ValidatingConfigurationListener
instanceKlass org/apache/maven/plugin/DebugConfigurationListener
instanceKlass org/codehaus/plexus/component/configurator/converters/ParameterizedConfigurationConverter
instanceKlass org/codehaus/plexus/component/configurator/converters/AbstractConfigurationConverter
instanceKlass org/codehaus/plexus/component/configurator/converters/ConfigurationConverter
instanceKlass org/codehaus/plexus/component/configurator/converters/lookup/DefaultConverterLookup
instanceKlass org/codehaus/plexus/component/configurator/expression/DefaultExpressionEvaluator
instanceKlass org/apache/maven/plugin/PluginParameterExpressionEvaluator
instanceKlass org/codehaus/plexus/component/configurator/expression/TypeAwareExpressionEvaluator
instanceKlass org/apache/maven/monitor/logging/DefaultLog
instanceKlass com/google/common/collect/Iterables
instanceKlass com/google/inject/internal/Messages$Converter
instanceKlass com/google/inject/internal/Messages
instanceKlass org/codehaus/plexus/interpolation/Interpolator
instanceKlass org/codehaus/plexus/interpolation/BasicInterpolator
instanceKlass org/codehaus/plexus/interpolation/ValueSource
instanceKlass org/codehaus/plexus/util/Scanner
instanceKlass org/w3c/dom/Element
instanceKlass org/w3c/dom/Document
instanceKlass org/w3c/dom/Node
instanceKlass org/apache/maven/shared/filtering/AbstractMavenFilteringRequest
instanceKlass org/apache/maven/shared/filtering/DefaultMavenResourcesFiltering
instanceKlass org/apache/maven/shared/filtering/MavenResourcesFiltering
instanceKlass org/apache/maven/shared/filtering/MavenReaderFilter
instanceKlass org/apache/maven/shared/filtering/BaseFilter
instanceKlass org/apache/maven/shared/filtering/MavenFileFilter
instanceKlass org/apache/maven/shared/filtering/DefaultFilterInfo
instanceKlass org/sonatype/plexus/build/incremental/BuildContext
instanceKlass java/util/jar/JarVerifier
instanceKlass org/eclipse/sisu/space/FileEntryIterator
instanceKlass org/eclipse/sisu/space/ResourceEnumeration
instanceKlass org/eclipse/sisu/plexus/ComponentDescriptorBeanModule$PlexusDescriptorBeanSource
instanceKlass org/eclipse/sisu/plexus/ComponentDescriptorBeanModule$ComponentMetadata
instanceKlass org/apache/maven/plugin/AbstractMojo
instanceKlass org/apache/maven/plugin/ContextEnabled
instanceKlass org/apache/maven/plugin/Mojo
instanceKlass org/eclipse/sisu/plexus/ComponentDescriptorBeanModule
instanceKlass org/apache/maven/classrealm/ArtifactClassRealmConstituent
instanceKlass org/apache/maven/plugin/internal/WagonExcluder
instanceKlass org/apache/maven/plugin/internal/PlexusUtilsInjector
instanceKlass org/apache/maven/plugin/CacheUtils
instanceKlass org/apache/maven/plugin/DefaultPluginRealmCache$CacheKey
instanceKlass org/eclipse/aether/util/graph/visitor/TreeDependencyVisitor
instanceKlass org/eclipse/aether/util/graph/visitor/FilteringDependencyVisitor
instanceKlass org/eclipse/aether/internal/impl/ArtifactRequestBuilder
instanceKlass org/eclipse/aether/util/graph/transformer/NearestVersionSelector$ConflictGroup
instanceKlass org/eclipse/aether/util/graph/transformer/ConflictResolver$ConflictItem
instanceKlass org/eclipse/aether/util/graph/transformer/ConflictResolver$NodeInfo
instanceKlass org/eclipse/aether/util/graph/transformer/ConflictResolver$ScopeContext
instanceKlass org/eclipse/aether/util/graph/transformer/ConflictResolver$ConflictContext
instanceKlass org/eclipse/aether/util/graph/transformer/ConflictResolver$State
instanceKlass org/eclipse/aether/util/graph/transformer/ConflictIdSorter$RootQueue
instanceKlass org/eclipse/aether/util/graph/transformer/ConflictIdSorter$ConflictId
instanceKlass java/util/IdentityHashMap$IdentityHashMapIterator
instanceKlass org/eclipse/aether/util/graph/transformer/ConflictMarker$ConflictGroup
instanceKlass org/eclipse/aether/util/graph/transformer/ConflictMarker$Key
instanceKlass org/eclipse/aether/util/graph/transformer/ConflictMarker
instanceKlass org/eclipse/aether/util/graph/transformer/ConflictIdSorter
instanceKlass org/eclipse/aether/util/graph/transformer/TransformationContextKeys
instanceKlass org/eclipse/aether/internal/impl/collect/DefaultDependencyGraphTransformationContext
# instanceKlass java/lang/invoke/LambdaForm$MH+0x0000019d5c199000
# instanceKlass java/lang/invoke/LambdaForm$MH+0x0000019d5c198c00
# instanceKlass java/lang/invoke/LambdaForm$MH+0x0000019d5c198800
instanceKlass org/apache/maven/model/merge/ModelMerger$1
instanceKlass java/util/AbstractMap$SimpleImmutableEntry
instanceKlass org/eclipse/aether/util/graph/selector/ExclusionDependencySelector$ExclusionComparator
# instanceKlass java/lang/invoke/LambdaForm$MH+0x0000019d5c198400
# instanceKlass java/lang/invoke/LambdaForm$MH+0x0000019d5c198000
instanceKlass org/eclipse/aether/collection/DependencyManagement
instanceKlass org/eclipse/aether/internal/impl/collect/DataPool$GraphKey
instanceKlass org/eclipse/aether/internal/impl/collect/DataPool$Descriptor
instanceKlass org/eclipse/aether/internal/impl/collect/DataPool$Constraint$VersionRepo
instanceKlass org/eclipse/aether/internal/impl/collect/DataPool$Constraint
instanceKlass org/eclipse/aether/internal/impl/collect/DataPool$ConstraintKey
instanceKlass org/eclipse/aether/graph/Dependency$Exclusions$1
instanceKlass org/eclipse/aether/util/graph/manager/ClassicDependencyManager$Key
instanceKlass org/eclipse/aether/graph/DependencyCycle
instanceKlass org/eclipse/aether/internal/impl/collect/DefaultDependencyCollectionContext
instanceKlass org/eclipse/aether/internal/impl/collect/NodeStack
instanceKlass org/eclipse/aether/internal/impl/collect/ObjectPool
instanceKlass org/eclipse/aether/internal/impl/collect/CachingArtifactTypeRegistry
instanceKlass org/eclipse/aether/util/artifact/ArtifactIdUtils
instanceKlass org/apache/maven/project/DefaultDependencyResolutionRequest
instanceKlass org/apache/maven/lifecycle/internal/LifecycleDependencyResolver$ReactorDependencyFilter
instanceKlass org/eclipse/aether/util/filter/AndDependencyFilter
instanceKlass org/eclipse/aether/util/filter/ScopeDependencyFilter
instanceKlass org/apache/maven/project/artifact/DefaultProjectArtifactsCache$CacheKey
instanceKlass org/apache/maven/lifecycle/internal/ExecutionPlanItem
instanceKlass org/codehaus/plexus/component/repository/ComponentDependency
instanceKlass org/apache/maven/repository/internal/DefaultModelCache$Key
instanceKlass org/apache/maven/plugin/MavenPluginValidator
instanceKlass java/io/RandomAccessFile$1
instanceKlass org/codehaus/plexus/component/repository/ComponentRequirement
instanceKlass org/apache/maven/plugin/descriptor/Parameter
instanceKlass org/codehaus/plexus/configuration/DefaultPlexusConfiguration
instanceKlass org/apache/maven/repository/internal/ArtifactDescriptorReaderDelegate
instanceKlass org/apache/maven/model/io/xpp3/MavenXpp3Reader$1
instanceKlass org/apache/maven/model/io/xpp3/MavenXpp3Reader$ContentTransformer
instanceKlass org/apache/maven/model/io/xpp3/MavenXpp3Reader
instanceKlass org/apache/maven/repository/internal/DefaultModelResolver
instanceKlass org/apache/maven/repository/internal/DefaultModelCache
instanceKlass org/apache/maven/plugin/DefaultPluginDescriptorCache$CacheKey
instanceKlass org/apache/maven/lifecycle/internal/GoalTask
instanceKlass org/apache/maven/execution/ProjectExecutionEvent
instanceKlass org/apache/maven/lifecycle/internal/CompoundProjectExecutionListener
instanceKlass org/apache/maven/graph/DefaultProjectDependencyGraph$MavenProjectComparator
instanceKlass org/apache/maven/lifecycle/internal/LifecycleTask
instanceKlass org/eclipse/aether/util/repository/ChainedWorkspaceReader
instanceKlass java/util/LinkedList$ListItr
instanceKlass org/codehaus/plexus/util/dag/TopologicalSorter
instanceKlass org/codehaus/plexus/util/dag/Vertex
instanceKlass org/codehaus/plexus/util/dag/DAG
instanceKlass org/apache/maven/project/ProjectSorter
instanceKlass org/apache/maven/graph/DefaultProjectDependencyGraph
instanceKlass org/apache/maven/project/DefaultProjectBuildingResult
# instanceKlass java/lang/invoke/LambdaForm$MH+0x0000019d5c18f400
# instanceKlass java/lang/invoke/LambdaForm$MH+0x0000019d5c18f000
instanceKlass org/apache/maven/model/Site
instanceKlass org/apache/maven/model/merge/ModelMerger$NotifierKeyComputer
instanceKlass org/apache/maven/model/ActivationFile
instanceKlass org/apache/maven/model/Notifier
instanceKlass org/apache/maven/lifecycle/internal/DefaultLifecyclePluginAnalyzer$1
instanceKlass org/apache/maven/lifecycle/mapping/LifecycleMojo
instanceKlass org/apache/maven/lifecycle/mapping/Lifecycle
instanceKlass org/apache/maven/model/building/DefaultModelBuildingEvent
instanceKlass org/apache/maven/model/building/ModelBuildingEventCatapult$1
instanceKlass org/apache/maven/project/DefaultProjectBuilder$InterimResult
instanceKlass org/apache/commons/lang3/Validate
instanceKlass org/apache/maven/artifact/versioning/Restriction
# instanceKlass java/lang/invoke/LambdaForm$MH+0x0000019d5c18ec00
# instanceKlass java/lang/invoke/LambdaForm$MH+0x0000019d5c18e800
# instanceKlass java/lang/invoke/LambdaForm$MH+0x0000019d5c18e400
# instanceKlass java/lang/invoke/LambdaForm$BMH+0x0000019d5c18e000
# instanceKlass java/lang/invoke/LambdaForm$DMH+0x0000019d5c18dc00
# instanceKlass java/lang/invoke/LambdaForm$MH+0x0000019d5c18d800
# instanceKlass java/lang/invoke/LambdaForm$DMH+0x0000019d5c18d400
instanceKlass java/lang/invoke/MethodHandles$1
# instanceKlass java/lang/invoke/LambdaForm$DMH+0x0000019d5c18d000
instanceKlass sun/invoke/util/ValueConversions$1
# instanceKlass java/lang/invoke/LambdaForm$DMH+0x0000019d5c18cc00
# instanceKlass java/lang/invoke/LambdaForm$MH+0x0000019d5c18c800
# instanceKlass java/lang/invoke/LambdaForm$MH+0x0000019d5c18c400
# instanceKlass java/lang/invoke/LambdaForm$MH+0x0000019d5c18c000
instanceKlass org/apache/maven/artifact/versioning/ComparableVersion$StringItem
instanceKlass org/apache/maven/artifact/ArtifactUtils
instanceKlass org/apache/maven/artifact/DefaultArtifact
instanceKlass java/lang/Byte$ByteCache
instanceKlass java/lang/Short$ShortCache
instanceKlass java/lang/Long$LongCache
instanceKlass org/apache/commons/lang3/math/NumberUtils
instanceKlass java/util/StringTokenizer
instanceKlass org/apache/maven/artifact/versioning/ComparableVersion$IntItem
instanceKlass org/apache/maven/artifact/versioning/ComparableVersion$Item
instanceKlass org/apache/maven/artifact/versioning/ComparableVersion
instanceKlass org/apache/maven/artifact/versioning/DefaultArtifactVersion
instanceKlass org/apache/maven/model/Extension
instanceKlass org/codehaus/plexus/interpolation/util/StringUtils
instanceKlass org/apache/maven/model/DistributionManagement
instanceKlass org/apache/maven/model/IssueManagement
instanceKlass org/apache/maven/model/Organization
instanceKlass org/apache/maven/model/CiManagement
instanceKlass org/apache/maven/model/MailingList
instanceKlass org/apache/maven/model/Prerequisites
instanceKlass org/codehaus/plexus/interpolation/reflection/MethodMap
instanceKlass org/codehaus/plexus/interpolation/reflection/ClassMap$CacheMiss
instanceKlass org/codehaus/plexus/interpolation/reflection/ClassMap
instanceKlass org/codehaus/plexus/interpolation/reflection/ReflectionValueExtractor$Tokenizer
instanceKlass org/codehaus/plexus/interpolation/reflection/ReflectionValueExtractor
instanceKlass org/codehaus/plexus/interpolation/util/ValueSourceUtils
instanceKlass org/apache/maven/model/interpolation/StringVisitorModelInterpolator$ModelVisitor
instanceKlass org/apache/maven/model/interpolation/StringVisitorModelInterpolator$1
instanceKlass org/codehaus/plexus/interpolation/PrefixAwareRecursionInterceptor
instanceKlass org/codehaus/plexus/interpolation/StringSearchInterpolator
instanceKlass org/apache/maven/model/interpolation/UrlNormalizingPostProcessor
instanceKlass org/apache/maven/model/interpolation/PathTranslatingPostProcessor
instanceKlass java/text/DontCareFieldPosition$1
instanceKlass java/text/Format$FieldDelegate
instanceKlass sun/util/resources/LocaleData$LocaleDataResourceBundleProvider
instanceKlass java/util/spi/ResourceBundleProvider
instanceKlass sun/util/resources/provider/NonBaseLocaleDataMetaInfo
instanceKlass  @bci sun/util/locale/provider/JRELocaleProviderAdapter createSupportedLocaleString (Ljava/lang/String;)Ljava/lang/String; 6 <appendix> member <vmtarget> ; # sun/util/locale/provider/JRELocaleProviderAdapter$$Lambda+0x0000019d5c07bcd0
instanceKlass sun/util/locale/provider/BaseLocaleDataMetaInfo
instanceKlass  @bci sun/util/locale/provider/JRELocaleProviderAdapter getCalendarDataProvider ()Ljava/util/spi/CalendarDataProvider; 8 <appendix> member <vmtarget> ; # sun/util/locale/provider/JRELocaleProviderAdapter$$Lambda+0x0000019d5c07b850
instanceKlass org/apache/maven/model/interpolation/MavenBuildTimestamp
instanceKlass org/apache/maven/model/interpolation/ProblemDetectingValueSource
instanceKlass org/codehaus/plexus/interpolation/PrefixedValueSourceWrapper
instanceKlass org/codehaus/plexus/interpolation/FeedbackEnabledValueSource
instanceKlass org/codehaus/plexus/interpolation/AbstractDelegatingValueSource
instanceKlass org/codehaus/plexus/interpolation/QueryEnabledValueSource
instanceKlass org/apache/maven/model/merge/ModelMerger$ExtensionKeyComputer
instanceKlass org/apache/maven/model/merge/ModelMerger$ResourceKeyComputer
instanceKlass org/apache/maven/model/merge/ModelMerger$SourceDominant
instanceKlass org/apache/maven/model/merge/ModelMerger$DependencyKeyComputer
instanceKlass org/apache/maven/model/Exclusion
instanceKlass org/apache/maven/model/Scm
instanceKlass org/apache/maven/model/License
instanceKlass org/apache/maven/model/building/FilterModelBuildingRequest
instanceKlass org/eclipse/aether/repository/LocalArtifactRequest
instanceKlass org/apache/maven/repository/internal/DefaultVersionResolver$Key
instanceKlass org/eclipse/aether/internal/impl/DefaultRepositoryEventDispatcher$1
instanceKlass org/eclipse/aether/RepositoryEvent$Builder
instanceKlass org/eclipse/aether/internal/impl/DefaultSyncContextFactory$DefaultSyncContext
instanceKlass org/apache/maven/project/ReactorModelPool$CacheKey
instanceKlass org/eclipse/aether/util/version/GenericVersion$Item
instanceKlass org/eclipse/aether/util/version/GenericVersion$Tokenizer
instanceKlass org/eclipse/aether/util/version/GenericVersion
instanceKlass org/eclipse/aether/util/version/GenericVersionConstraint
instanceKlass org/eclipse/aether/version/VersionConstraint
instanceKlass org/eclipse/aether/version/VersionRange
instanceKlass org/eclipse/aether/util/version/GenericVersionScheme
instanceKlass org/eclipse/aether/artifact/AbstractArtifact
instanceKlass org/apache/maven/project/ReactorModelCache$CacheKey
instanceKlass org/apache/maven/model/building/ModelCacheTag$2
instanceKlass org/apache/maven/model/building/ModelCacheTag$1
instanceKlass org/apache/maven/repository/internal/ArtifactDescriptorUtils
instanceKlass org/apache/maven/model/ActivationProperty
instanceKlass org/apache/maven/model/building/ModelProblemUtils
instanceKlass org/apache/maven/model/io/xpp3/MavenXpp3ReaderEx$Xpp3DomBuilderInputLocationBuilder
instanceKlass org/apache/maven/model/DependencyManagement
instanceKlass org/apache/maven/model/Parent
instanceKlass org/apache/maven/model/io/xpp3/MavenXpp3ReaderEx$1
instanceKlass org/codehaus/plexus/util/xml/Xpp3DomBuilder$InputLocationBuilder
instanceKlass org/apache/maven/model/io/xpp3/MavenXpp3ReaderEx$ContentTransformer
instanceKlass org/apache/maven/model/io/xpp3/MavenXpp3ReaderEx
instanceKlass org/apache/maven/model/building/ModelSource2
instanceKlass org/apache/maven/model/building/DefaultModelBuildingResult
instanceKlass org/apache/maven/model/building/AbstractModelBuildingListener
instanceKlass org/apache/maven/project/ProjectModelResolver
instanceKlass org/apache/maven/model/building/DefaultModelBuildingRequest
instanceKlass org/apache/maven/artifact/repository/LegacyLocalRepositoryManager
instanceKlass org/apache/maven/project/DefaultProjectBuildingRequest
instanceKlass org/slf4j/impl/OutputChoice$1
instanceKlass org/apache/maven/shared/utils/logging/AnsiMessageBuilder
instanceKlass org/apache/maven/shared/utils/logging/LoggerLevelRenderer
instanceKlass org/apache/maven/lifecycle/internal/DefaultExecutionEventCatapult$1
instanceKlass org/apache/maven/lifecycle/internal/DefaultExecutionEvent
instanceKlass org/apache/maven/AbstractMavenLifecycleParticipant
instanceKlass org/apache/maven/settings/RuntimeInfo
instanceKlass org/eclipse/aether/repository/RemoteRepository$Builder
instanceKlass java/net/spi/URLStreamHandlerProvider
instanceKlass java/net/URL$1
instanceKlass java/net/URL$2
instanceKlass jdk/internal/misc/ThreadTracker
instanceKlass java/net/URL$ThreadTrackHolder
instanceKlass org/eclipse/aether/AbstractRepositoryListener
instanceKlass org/eclipse/aether/util/repository/DefaultAuthenticationSelector
instanceKlass org/eclipse/aether/util/repository/DefaultProxySelector
instanceKlass org/eclipse/aether/util/repository/DefaultMirrorSelector$MirrorDef
instanceKlass org/eclipse/aether/util/repository/DefaultMirrorSelector
instanceKlass org/apache/maven/settings/crypto/DefaultSettingsDecryptionResult
instanceKlass org/apache/maven/settings/crypto/DefaultSettingsDecryptionRequest
instanceKlass org/eclipse/aether/internal/impl/TrackingFileManager
instanceKlass org/eclipse/aether/internal/impl/SimpleLocalRepositoryManager
instanceKlass java/util/ArrayList$SubList$1
instanceKlass org/eclipse/aether/internal/impl/PrioritizedComponent
instanceKlass org/eclipse/sisu/wire/EntrySetAdapter$ValueIterator
instanceKlass org/eclipse/aether/util/ConfigUtils
instanceKlass org/eclipse/aether/internal/impl/PrioritizedComponents
instanceKlass org/apache/maven/RepositoryUtils$MavenArtifactTypeRegistry
instanceKlass org/apache/maven/RepositoryUtils
instanceKlass org/eclipse/aether/util/repository/SimpleResolutionErrorPolicy
instanceKlass org/eclipse/aether/util/repository/SimpleArtifactDescriptorPolicy
instanceKlass org/eclipse/aether/artifact/DefaultArtifactType
instanceKlass org/eclipse/aether/util/artifact/SimpleArtifactTypeRegistry
instanceKlass org/eclipse/aether/util/graph/transformer/JavaDependencyContextRefiner
instanceKlass org/eclipse/aether/util/graph/transformer/ChainedDependencyGraphTransformer
instanceKlass org/eclipse/aether/util/graph/transformer/ConflictResolver
instanceKlass org/eclipse/aether/graph/Exclusion
instanceKlass org/eclipse/aether/util/graph/selector/ExclusionDependencySelector
instanceKlass org/eclipse/aether/util/graph/selector/OptionalDependencySelector
instanceKlass org/eclipse/aether/util/graph/selector/ScopeDependencySelector
instanceKlass org/eclipse/aether/util/graph/selector/AndDependencySelector
instanceKlass org/eclipse/aether/util/graph/manager/ClassicDependencyManager
instanceKlass org/eclipse/aether/util/graph/traverser/FatArtifactTraverser
instanceKlass org/eclipse/aether/DefaultSessionData
instanceKlass org/eclipse/aether/DefaultRepositorySystemSession$NullFileTransformerManager
instanceKlass org/eclipse/aether/transform/FileTransformerManager
instanceKlass org/eclipse/aether/DefaultRepositorySystemSession$NullArtifactTypeRegistry
instanceKlass org/eclipse/aether/DefaultRepositorySystemSession$NullAuthenticationSelector
instanceKlass org/eclipse/aether/DefaultRepositorySystemSession$NullProxySelector
instanceKlass org/eclipse/aether/DefaultRepositorySystemSession$NullMirrorSelector
instanceKlass org/eclipse/aether/artifact/ArtifactTypeRegistry
instanceKlass org/eclipse/aether/artifact/ArtifactType
instanceKlass org/eclipse/aether/util/graph/transformer/ConflictResolver$VersionSelector
instanceKlass org/eclipse/aether/util/graph/transformer/ConflictResolver$ScopeSelector
instanceKlass org/eclipse/aether/util/graph/transformer/ConflictResolver$OptionalitySelector
instanceKlass org/eclipse/aether/util/graph/transformer/ConflictResolver$ScopeDeriver
instanceKlass org/apache/maven/repository/internal/MavenRepositorySystemUtils
instanceKlass org/apache/maven/execution/DefaultMavenExecutionResult
instanceKlass org/apache/maven/artifact/repository/MavenArtifactRepository
instanceKlass org/apache/maven/artifact/repository/layout/ArtifactRepositoryLayout2
instanceKlass org/apache/maven/execution/AbstractExecutionListener
instanceKlass org/eclipse/aether/transfer/AbstractTransferListener
instanceKlass org/apache/maven/toolchain/building/DefaultToolchainsBuildingResult
instanceKlass org/apache/maven/toolchain/building/DefaultToolchainsBuilder$1
instanceKlass org/apache/maven/toolchain/model/io/xpp3/MavenToolchainsXpp3Writer
instanceKlass org/apache/maven/toolchain/model/io/xpp3/MavenToolchainsXpp3Reader$1
instanceKlass org/apache/maven/toolchain/model/io/xpp3/MavenToolchainsXpp3Reader$ContentTransformer
instanceKlass org/apache/maven/toolchain/model/io/xpp3/MavenToolchainsXpp3Reader
instanceKlass org/apache/maven/building/DefaultProblemCollector
instanceKlass org/apache/maven/building/ProblemCollectorFactory
instanceKlass org/apache/maven/toolchain/building/DefaultToolchainsBuildingRequest
instanceKlass org/apache/maven/settings/building/DefaultSettingsBuildingResult
instanceKlass org/codehaus/plexus/interpolation/SimpleRecursionInterceptor
instanceKlass org/apache/maven/settings/building/DefaultSettingsBuilder$1
instanceKlass org/codehaus/plexus/interpolation/os/OperatingSystemUtils$DefaultEnvVarSource
instanceKlass org/codehaus/plexus/interpolation/os/OperatingSystemUtils$EnvVarSource
instanceKlass org/codehaus/plexus/interpolation/os/OperatingSystemUtils
instanceKlass org/codehaus/plexus/interpolation/AbstractValueSource
instanceKlass org/codehaus/plexus/interpolation/RegexBasedInterpolator
instanceKlass org/codehaus/plexus/util/xml/pull/MXSerializer
instanceKlass org/codehaus/plexus/util/xml/pull/XmlSerializer
instanceKlass org/apache/maven/settings/io/xpp3/SettingsXpp3Writer
instanceKlass org/codehaus/plexus/util/xml/pull/EntityReplacementMap
instanceKlass org/apache/maven/settings/io/xpp3/SettingsXpp3Reader$1
instanceKlass org/apache/maven/settings/io/xpp3/SettingsXpp3Reader$ContentTransformer
instanceKlass org/apache/maven/settings/io/xpp3/SettingsXpp3Reader
instanceKlass org/apache/maven/building/FileSource
instanceKlass org/apache/maven/settings/building/DefaultSettingsBuildingRequest
# instanceKlass java/lang/invoke/LambdaForm$MH+0x0000019d5c16a000
# instanceKlass java/lang/invoke/LambdaForm$MH+0x0000019d5c169c00
instanceKlass org/apache/maven/plugin/CompoundMojoExecutionListener
instanceKlass org/apache/maven/project/RepositorySessionDecorator
instanceKlass  @bci java/lang/reflect/Proxy getProxyConstructor (Ljava/lang/Class;Ljava/lang/ClassLoader;[Ljava/lang/Class;)Ljava/lang/reflect/Constructor; 80 <appendix> argL0 ; # java/lang/reflect/Proxy$$Lambda+0x0000019d5c079448
instanceKlass com/google/inject/internal/BytecodeGen
instanceKlass com/google/inject/internal/DelegatingInvocationHandler
# instanceKlass java/lang/invoke/LambdaForm$MH+0x0000019d5c169800
# instanceKlass java/lang/invoke/LambdaForm$MH+0x0000019d5c169400
# instanceKlass java/lang/invoke/LambdaForm$MH+0x0000019d5c169000
instanceKlass org/eclipse/sisu/wire/NamedIterableAdapter
instanceKlass  @bci sun/security/provider/AbstractDrbg <clinit> ()V 12 <appendix> argL0 ; # sun/security/provider/AbstractDrbg$$Lambda+0x0000019d5c079228
instanceKlass  @cpi sun/security/provider/AbstractDrbg 383 form vmentry <vmtarget> ; # java/lang/invoke/LambdaForm$DMH+0x0000019d5c168c00
# instanceKlass java/lang/invoke/LambdaForm$DMH+0x0000019d5c168800
instanceKlass sun/security/provider/EntropySource
instanceKlass sun/security/provider/AbstractDrbg
instanceKlass java/security/DrbgParameters$Instantiation
instanceKlass java/security/DrbgParameters
instanceKlass sun/security/provider/MoreDrbgParameters
instanceKlass  @bci sun/security/provider/DRBG <init> (Ljava/security/SecureRandomParameters;)V 26 <appendix> argL0 ; # sun/security/provider/DRBG$$Lambda+0x0000019d5c077cc8
instanceKlass java/security/SecureRandomSpi
instanceKlass java/security/Key
instanceKlass java/security/spec/AlgorithmParameterSpec
# instanceKlass java/lang/invoke/LambdaForm$MH+0x0000019d5c168400
# instanceKlass java/lang/invoke/LambdaForm$MH+0x0000019d5c168000
# instanceKlass java/lang/invoke/LambdaForm$DMH+0x0000019d5c167c00
# instanceKlass java/lang/invoke/LambdaForm$MH+0x0000019d5c167800
# instanceKlass java/lang/invoke/LambdaForm$DMH+0x0000019d5c167400
# instanceKlass java/lang/invoke/LambdaForm$MH+0x0000019d5c167000
# instanceKlass java/lang/invoke/LambdaForm$DMH+0x0000019d5c166c00
instanceKlass java/lang/invoke/ClassSpecializer$Factory$1Var
# instanceKlass java/lang/invoke/LambdaForm$MH+0x0000019d5c166800
# instanceKlass java/lang/invoke/LambdaForm$MH+0x0000019d5c166400
# instanceKlass java/lang/invoke/LambdaForm$MH+0x0000019d5c166000
# instanceKlass java/lang/invoke/LambdaForm$MH+0x0000019d5c165c00
# instanceKlass java/lang/invoke/LambdaForm$MH+0x0000019d5c165800
# instanceKlass java/lang/invoke/LambdaForm$MH+0x0000019d5c165400
# instanceKlass java/lang/invoke/LambdaForm$MH+0x0000019d5c165000
# instanceKlass java/lang/invoke/LambdaForm$MH+0x0000019d5c164c00
# instanceKlass java/lang/invoke/LambdaForm$DMH+0x0000019d5c164800
# instanceKlass java/lang/invoke/LambdaForm$DMH+0x0000019d5c164400
# instanceKlass java/lang/invoke/LambdaForm$MH+0x0000019d5c164000
# instanceKlass java/lang/invoke/LambdaForm$MH+0x0000019d5c163c00
# instanceKlass java/lang/invoke/LambdaForm$MH+0x0000019d5c163800
# instanceKlass java/lang/invoke/LambdaForm$MH+0x0000019d5c163400
# instanceKlass java/lang/invoke/LambdaForm$MH+0x0000019d5c163000
# instanceKlass java/lang/invoke/LambdaForm$MH+0x0000019d5c162c00
# instanceKlass java/lang/invoke/LambdaForm$MH+0x0000019d5c162800
# instanceKlass java/lang/invoke/LambdaForm$MH+0x0000019d5c162400
# instanceKlass java/lang/invoke/LambdaForm$MH+0x0000019d5c162000
# instanceKlass java/lang/invoke/LambdaForm$MH+0x0000019d5c161c00
# instanceKlass java/lang/invoke/LambdaForm$MH+0x0000019d5c161800
# instanceKlass java/lang/invoke/LambdaForm$MH+0x0000019d5c161400
# instanceKlass java/lang/invoke/LambdaForm$MH+0x0000019d5c161000
# instanceKlass java/lang/invoke/LambdaForm$MH+0x0000019d5c160c00
# instanceKlass java/lang/invoke/LambdaForm$MH+0x0000019d5c160800
# instanceKlass java/lang/invoke/LambdaForm$MH+0x0000019d5c160400
# instanceKlass java/lang/invoke/LambdaForm$MH+0x0000019d5c160000
# instanceKlass java/lang/invoke/LambdaForm$MH+0x0000019d5c15fc00
# instanceKlass java/lang/invoke/LambdaForm$MH+0x0000019d5c15f800
# instanceKlass java/lang/invoke/LambdaForm$MH+0x0000019d5c15f400
# instanceKlass java/lang/invoke/LambdaForm$MH+0x0000019d5c15f000
# instanceKlass java/lang/invoke/LambdaForm$MH+0x0000019d5c15ec00
# instanceKlass java/lang/invoke/LambdaForm$MH+0x0000019d5c15e800
# instanceKlass java/lang/invoke/LambdaForm$MH+0x0000019d5c15e400
# instanceKlass java/lang/invoke/LambdaForm$MH+0x0000019d5c15e000
# instanceKlass java/lang/invoke/LambdaForm$MH+0x0000019d5c15dc00
# instanceKlass java/lang/invoke/LambdaForm$MH+0x0000019d5c15d800
# instanceKlass java/lang/invoke/LambdaForm$MH+0x0000019d5c15d400
# instanceKlass java/lang/invoke/LambdaForm$MH+0x0000019d5c15d000
# instanceKlass java/lang/invoke/LambdaForm$MH+0x0000019d5c15cc00
# instanceKlass java/lang/invoke/LambdaForm$DMH+0x0000019d5c15c800
# instanceKlass java/lang/invoke/LambdaForm$MH+0x0000019d5c15c400
# instanceKlass java/lang/invoke/LambdaForm$MH+0x0000019d5c15c000
# instanceKlass java/lang/invoke/LambdaForm$MH+0x0000019d5c15bc00
# instanceKlass java/lang/invoke/LambdaForm$MH+0x0000019d5c15b800
# instanceKlass java/lang/invoke/LambdaForm$MH+0x0000019d5c15b400
# instanceKlass java/lang/invoke/LambdaForm$MH+0x0000019d5c15b000
# instanceKlass java/lang/invoke/LambdaForm$MH+0x0000019d5c15ac00
# instanceKlass java/lang/invoke/LambdaForm$MH+0x0000019d5c15a800
# instanceKlass java/lang/invoke/LambdaForm$MH+0x0000019d5c15a400
# instanceKlass java/lang/invoke/LambdaForm$MH+0x0000019d5c15a000
# instanceKlass java/lang/invoke/LambdaForm$DMH+0x0000019d5c159c00
# instanceKlass java/lang/invoke/LambdaForm$MH+0x0000019d5c159800
# instanceKlass java/lang/invoke/LambdaForm$MH+0x0000019d5c159400
instanceKlass jdk/internal/vm/ThreadContainers
instanceKlass jdk/internal/vm/StackableScope
instanceKlass org/apache/maven/artifact/resolver/DefaultArtifactResolver$DaemonThreadCreator
instanceKlass java/util/concurrent/ThreadPoolExecutor$AbortPolicy
instanceKlass java/util/concurrent/RejectedExecutionHandler
instanceKlass java/util/concurrent/AbstractExecutorService
instanceKlass java/util/concurrent/ExecutorService
instanceKlass org/codehaus/plexus/classworlds/realm/Entry
# instanceKlass java/lang/invoke/LambdaForm$MH+0x0000019d5c159000
instanceKlass  @cpi org/mapstruct/ap/MappingProcessor 682 form vmentry <vmtarget> ; # java/lang/invoke/LambdaForm$DMH+0x0000019d5c158c00
# instanceKlass java/lang/invoke/LambdaForm$MH+0x0000019d5c158800
# instanceKlass java/lang/invoke/LambdaForm$DMH+0x0000019d5c158400
# instanceKlass java/lang/invoke/LambdaForm$DMH+0x0000019d5c158000
# instanceKlass java/lang/invoke/LambdaForm$DMH+0x0000019d5c151c00
instanceKlass java/lang/invoke/MethodHandleImpl$ArrayAccessor
instanceKlass java/lang/invoke/MethodHandleImpl$LoopClauses
instanceKlass java/lang/invoke/MethodHandleImpl$CasesHolder
# instanceKlass java/lang/invoke/LambdaForm$MH+0x0000019d5c151800
# instanceKlass java/lang/invoke/LambdaForm$MH+0x0000019d5c151400
# instanceKlass java/lang/invoke/LambdaForm$MH+0x0000019d5c151000
# instanceKlass java/lang/invoke/LambdaForm$MH+0x0000019d5c150c00
# instanceKlass java/lang/invoke/LambdaForm$MH+0x0000019d5c150800
# instanceKlass java/lang/invoke/LambdaForm$MH+0x0000019d5c150400
instanceKlass org/eclipse/sisu/inject/Guice4$1
instanceKlass org/apache/maven/model/Contributor
instanceKlass org/apache/maven/model/PatternSet
instanceKlass org/apache/maven/model/merge/ModelMerger$KeyComputer
instanceKlass org/apache/maven/model/merge/ModelMerger$Remapping
instanceKlass org/apache/maven/cli/event/DefaultEventSpyContext
instanceKlass org/eclipse/sisu/wire/EntryListAdapter$ValueIterator
instanceKlass org/apache/maven/cli/logging/Slf4jLogger
instanceKlass org/eclipse/sisu/inject/LazyBeanEntry$JsrNamed
instanceKlass org/eclipse/sisu/inject/LazyBeanEntry
instanceKlass javax/annotation/Priority
instanceKlass org/eclipse/sisu/inject/Implementations
instanceKlass org/eclipse/sisu/plexus/LazyPlexusBean
instanceKlass org/eclipse/sisu/inject/RankedSequence$Itr
instanceKlass org/eclipse/sisu/inject/RankedBindings$Itr
instanceKlass org/eclipse/sisu/inject/LocatedBeans$Itr
instanceKlass org/eclipse/sisu/plexus/RealmFilteredBeans$FilteredItr
instanceKlass org/eclipse/sisu/plexus/DefaultPlexusBeans$Itr
instanceKlass org/eclipse/sisu/plexus/DefaultPlexusBeans
instanceKlass org/eclipse/sisu/plexus/RealmFilteredBeans
instanceKlass org/eclipse/sisu/inject/LocatedBeans
instanceKlass org/eclipse/sisu/inject/MildElements$Indexable
# instanceKlass java/lang/invoke/LambdaForm$MH+0x0000019d5c150000
instanceKlass com/google/inject/internal/ProviderInternalFactory$1
# instanceKlass java/lang/invoke/LambdaForm$MH+0x0000019d5c14dc00
# instanceKlass java/lang/invoke/LambdaForm$MH+0x0000019d5c14d800
# instanceKlass java/lang/invoke/LambdaForm$MH+0x0000019d5c14d400
# instanceKlass java/lang/invoke/LambdaForm$MH+0x0000019d5c14d000
instanceKlass com/google/inject/internal/ConstructorInjector$1
instanceKlass  @bci jdk/internal/reflect/MethodHandleObjectFieldAccessorImpl set (Ljava/lang/Object;Ljava/lang/Object;)V 41 <adapter> ; # java/lang/invoke/LambdaForm$MH+0x0000019d5c14cc00
instanceKlass org/eclipse/sisu/inject/MildValues$ValueItr
instanceKlass org/eclipse/sisu/inject/RankedSequence$Content
instanceKlass com/google/inject/internal/CircularDependencyProxy
instanceKlass org/eclipse/sisu/inject/InjectorBindings
# instanceKlass java/lang/invoke/LambdaForm$MH+0x0000019d5c14c800
# instanceKlass java/lang/invoke/LambdaForm$MH+0x0000019d5c14c400
# instanceKlass java/lang/invoke/LambdaForm$MH+0x0000019d5c14c000
instanceKlass com/google/inject/spi/ProvisionListener$ProvisionInvocation
instanceKlass com/google/inject/internal/MembersInjectorImpl$1
instanceKlass com/google/inject/internal/InternalContext
instanceKlass com/google/inject/internal/Initializer$1
instanceKlass com/google/common/collect/TransformedIterator
instanceKlass com/google/common/collect/CompactHashMap$Itr
instanceKlass com/google/common/collect/AbstractMapBasedMultimap$AsMap$AsMapIterator
instanceKlass com/google/inject/internal/SingleMethodInjector$1
instanceKlass com/google/inject/internal/InjectorImpl$MethodInvoker
instanceKlass com/google/inject/internal/SingleMethodInjector
instanceKlass com/google/inject/internal/InjectorImpl$ProviderBindingImpl$1
instanceKlass com/google/inject/internal/InjectorImpl$1
instanceKlass com/google/inject/internal/SingleFieldInjector
instanceKlass com/google/inject/internal/SingleParameterInjector
instanceKlass org/eclipse/sisu/plexus/PlexusConfigurations$ConfigurationProvider
instanceKlass org/eclipse/sisu/bean/BeanPropertySetter
instanceKlass javax/annotation/PreDestroy
instanceKlass javax/annotation/PostConstruct
instanceKlass com/google/inject/internal/MembersInjectorImpl
instanceKlass org/eclipse/sisu/bean/BeanInjector
instanceKlass org/eclipse/sisu/plexus/PlexusLifecycleManager$2
instanceKlass org/eclipse/sisu/bean/PropertyBinder$1
instanceKlass org/eclipse/sisu/plexus/ProvidedPropertyBinding
instanceKlass org/eclipse/sisu/plexus/PlexusRequirements$AbstractRequirementProvider
instanceKlass org/eclipse/sisu/bean/BeanPropertyField
instanceKlass org/eclipse/sisu/bean/DeclaredMembers$MemberIterator
instanceKlass org/eclipse/sisu/bean/BeanPropertyIterator
instanceKlass org/eclipse/sisu/bean/DeclaredMembers
instanceKlass org/eclipse/sisu/bean/IgnoreSetters
instanceKlass org/eclipse/sisu/bean/BeanProperties
instanceKlass org/eclipse/sisu/plexus/PlexusRequirements
instanceKlass org/eclipse/sisu/plexus/PlexusConfigurations
instanceKlass org/eclipse/sisu/plexus/PlexusPropertyBinder
instanceKlass org/eclipse/sisu/bean/BeanLifecycle
instanceKlass com/google/inject/internal/EncounterImpl
instanceKlass com/google/inject/internal/AbstractBindingProcessor$Processor$1
instanceKlass org/apache/maven/session/scope/internal/SessionScope$2
instanceKlass org/apache/maven/execution/scope/internal/MojoExecutionScope$2
instanceKlass com/google/inject/internal/ProviderInternalFactory
instanceKlass com/google/inject/internal/InternalProviderInstanceBindingImpl$Factory
instanceKlass com/google/inject/internal/FactoryProxy
instanceKlass com/google/inject/internal/InternalFactoryToProviderAdapter
instanceKlass com/google/inject/internal/ConstructionContext
instanceKlass com/google/inject/internal/SingletonScope$1
instanceKlass com/google/inject/internal/ProviderToInternalFactoryAdapter
instanceKlass com/google/inject/internal/CycleDetectingLock$CycleDetectingLockFactory$ReentrantCycleDetectingLock
instanceKlass com/google/inject/internal/Initializer$InjectableReference
instanceKlass com/google/common/collect/Collections2
instanceKlass com/google/inject/internal/ProvisionListenerStackCallback
instanceKlass com/google/common/cache/LocalCache$AbstractReferenceEntry
instanceKlass com/google/inject/internal/ProvisionListenerCallbackStore$KeyBinding
instanceKlass com/google/inject/internal/util/Classes
instanceKlass com/google/inject/spi/ExposedBinding
instanceKlass com/google/inject/internal/CreationListener
instanceKlass com/google/inject/internal/InjectorShell$LoggerFactory
instanceKlass com/google/inject/internal/InjectorShell$InjectorFactory
instanceKlass com/google/inject/internal/Initializables$1
instanceKlass com/google/inject/internal/Initializables
instanceKlass com/google/inject/internal/ConstantFactory
instanceKlass com/google/inject/internal/InjectorShell
instanceKlass com/google/inject/internal/ProvisionListenerCallbackStore
instanceKlass com/google/inject/spi/TypeEncounter
instanceKlass com/google/inject/internal/SingleMemberInjector
instanceKlass com/google/inject/internal/MembersInjectorStore
instanceKlass com/google/inject/internal/TypeConverterBindingProcessor$4
instanceKlass com/google/inject/internal/TypeConverterBindingProcessor$2
instanceKlass com/google/inject/internal/TypeConverterBindingProcessor$1
instanceKlass com/google/inject/internal/TypeConverterBindingProcessor$5
instanceKlass com/google/inject/internal/FailableCache
instanceKlass com/google/inject/internal/ConstructorInjectorStore
instanceKlass com/google/inject/internal/DeferredLookups
instanceKlass com/google/inject/spi/ConvertedConstantBinding
instanceKlass com/google/inject/spi/ProviderBinding
instanceKlass com/google/common/collect/ListMultimap
instanceKlass com/google/inject/internal/InjectorImpl
instanceKlass com/google/inject/internal/Lookups
instanceKlass com/google/inject/internal/InjectorImpl$InjectorOptions
instanceKlass org/eclipse/sisu/wire/BeanProviders$6
instanceKlass com/google/inject/internal/ProvisionListenerStackCallback$ProvisionCallback
instanceKlass com/google/inject/internal/ConstructorInjector
instanceKlass com/google/inject/internal/DefaultConstructionProxyFactory$ReflectiveProxy
instanceKlass com/google/inject/internal/ConstructionProxy
instanceKlass com/google/inject/internal/DefaultConstructionProxyFactory
instanceKlass com/google/inject/internal/ConstructionProxyFactory
instanceKlass com/google/inject/internal/ConstructorBindingImpl$Factory
instanceKlass org/eclipse/sisu/inject/TypeArguments$Implicit
instanceKlass org/eclipse/sisu/wire/BeanProviders$4
instanceKlass org/eclipse/sisu/wire/BeanProviders$3
instanceKlass org/sonatype/inject/BeanEntry
instanceKlass org/eclipse/sisu/BeanEntry
instanceKlass org/eclipse/sisu/wire/PlaceholderBeanProvider
instanceKlass org/eclipse/sisu/wire/BeanProviders$7
instanceKlass org/eclipse/sisu/wire/BeanProviders$1
instanceKlass com/google/inject/spi/ProviderLookup$1
instanceKlass com/google/inject/spi/ProviderWithDependencies
instanceKlass com/google/inject/spi/ProviderLookup
instanceKlass org/eclipse/sisu/wire/BeanProviders
instanceKlass org/eclipse/sisu/inject/HiddenSource
instanceKlass org/eclipse/sisu/wire/LocatorWiring
instanceKlass com/google/inject/ProvidedBy
instanceKlass com/google/inject/ImplementedBy
instanceKlass org/sonatype/plexus/components/cipher/PBECipher
instanceKlass org/apache/maven/settings/crypto/SettingsDecryptionResult
instanceKlass org/apache/maven/settings/building/DefaultSettingsProblemCollector
instanceKlass org/apache/maven/settings/merge/MavenSettingsMerger
instanceKlass org/apache/maven/settings/building/SettingsBuildingResult
instanceKlass org/apache/maven/settings/building/SettingsProblemCollector
instanceKlass org/eclipse/aether/impl/MetadataGenerator
instanceKlass org/apache/maven/model/Relocation
instanceKlass org/eclipse/aether/spi/log/Logger
instanceKlass org/eclipse/aether/internal/impl/collect/DefaultVersionFilterContext
instanceKlass org/eclipse/aether/internal/impl/collect/DataPool
instanceKlass org/eclipse/aether/graph/DefaultDependencyNode
instanceKlass org/eclipse/aether/graph/Dependency
instanceKlass org/eclipse/aether/version/Version
instanceKlass org/eclipse/aether/internal/impl/collect/DefaultDependencyCollector$PremanagedDependency
instanceKlass org/eclipse/aether/collection/VersionFilter
instanceKlass org/eclipse/aether/collection/DependencyTraverser
instanceKlass org/eclipse/aether/collection/DependencyManager
instanceKlass org/eclipse/aether/internal/impl/collect/DefaultDependencyCollector$Results
instanceKlass org/eclipse/aether/internal/impl/collect/DefaultDependencyCollector$Args
instanceKlass org/eclipse/aether/collection/VersionFilter$VersionFilterContext
instanceKlass org/eclipse/aether/collection/DependencyGraphTransformationContext
instanceKlass org/eclipse/aether/collection/DependencyCollectionContext
instanceKlass org/eclipse/aether/internal/impl/Maven2RepositoryLayoutFactory$Maven2RepositoryLayout
instanceKlass com/google/inject/util/Types
instanceKlass org/eclipse/aether/impl/UpdateCheck
instanceKlass org/eclipse/aether/spi/connector/transport/Transporter
instanceKlass org/eclipse/aether/resolution/VersionRequest
instanceKlass org/eclipse/aether/resolution/DependencyResult
instanceKlass org/eclipse/aether/resolution/DependencyRequest
instanceKlass org/eclipse/aether/resolution/ArtifactDescriptorResult
instanceKlass org/eclipse/aether/resolution/ArtifactDescriptorRequest
instanceKlass org/eclipse/aether/collection/CollectResult
instanceKlass org/eclipse/aether/collection/CollectRequest
instanceKlass org/eclipse/aether/resolution/VersionRangeResult
instanceKlass org/eclipse/aether/resolution/VersionRangeRequest
instanceKlass org/eclipse/aether/spi/connector/layout/RepositoryLayout
instanceKlass org/eclipse/aether/RepositoryEvent
instanceKlass org/eclipse/aether/repository/LocalRepository
instanceKlass com/google/common/base/ExtraObjectsMethodsForWeb
instanceKlass org/eclipse/aether/transform/FileTransformer
instanceKlass org/eclipse/aether/repository/LocalRepositoryManager
instanceKlass org/eclipse/aether/installation/InstallResult
instanceKlass org/eclipse/aether/installation/InstallRequest
instanceKlass org/eclipse/aether/spi/io/FileProcessor$ProgressListener
instanceKlass org/eclipse/aether/internal/impl/DefaultDeployer$EventCatapult
instanceKlass org/eclipse/aether/SyncContext
instanceKlass org/eclipse/aether/deployment/DeployResult
instanceKlass org/eclipse/aether/deployment/DeployRequest
instanceKlass org/eclipse/aether/repository/RepositoryPolicy
instanceKlass org/eclipse/aether/transfer/TransferResource
instanceKlass org/eclipse/aether/spi/connector/checksum/ChecksumPolicy
instanceKlass org/eclipse/aether/resolution/VersionResult
instanceKlass org/eclipse/aether/repository/LocalArtifactResult
instanceKlass org/eclipse/aether/resolution/ArtifactResult
instanceKlass org/eclipse/aether/resolution/ArtifactRequest
instanceKlass org/eclipse/aether/internal/impl/DefaultArtifactResolver$ResolutionGroup
instanceKlass org/eclipse/aether/spi/locator/ServiceLocator
instanceKlass org/eclipse/aether/repository/RemoteRepository
instanceKlass org/eclipse/aether/spi/connector/RepositoryConnector
instanceKlass org/apache/maven/model/Activation
instanceKlass org/apache/maven/model/ActivationOS
instanceKlass org/apache/maven/model/profile/activation/JdkVersionProfileActivator$RangeValue
instanceKlass org/apache/maven/model/InputLocation
instanceKlass org/apache/maven/model/InputSource
instanceKlass org/apache/maven/model/interpolation/StringVisitorModelInterpolator$InnerInterpolator
instanceKlass org/apache/maven/model/profile/DefaultProfileActivationContext
instanceKlass org/apache/maven/model/building/ModelBuildingEventCatapult
instanceKlass org/apache/maven/model/building/ModelData
instanceKlass org/apache/maven/model/building/DefaultModelProblemCollector
instanceKlass org/apache/maven/model/building/ModelCacheTag
instanceKlass org/apache/maven/model/building/ModelBuildingEvent
instanceKlass org/apache/maven/model/building/ModelProblemCollectorExt
instanceKlass org/apache/maven/model/profile/ProfileActivationContext
instanceKlass org/apache/maven/cli/internal/extension/model/CoreExtension
instanceKlass org/apache/maven/building/ProblemCollector
instanceKlass org/apache/maven/toolchain/merge/MavenToolchainMerger
instanceKlass org/apache/maven/toolchain/building/ToolchainsBuildingResult
instanceKlass org/codehaus/plexus/interpolation/InterpolationPostProcessor
instanceKlass org/eclipse/aether/repository/AuthenticationSelector
instanceKlass org/eclipse/aether/repository/ProxySelector
instanceKlass org/eclipse/aether/repository/MirrorSelector
instanceKlass org/eclipse/aether/resolution/ResolutionErrorPolicy
instanceKlass org/eclipse/sisu/Nullable
instanceKlass org/apache/maven/classrealm/ClassRealmManagerDelegate
instanceKlass org/apache/maven/classrealm/ClassRealmConstituent
instanceKlass org/apache/maven/classrealm/ClassRealmRequest
instanceKlass org/eclipse/aether/repository/WorkspaceRepository
instanceKlass org/apache/maven/ArtifactFilterManagerDelegate
instanceKlass org/apache/maven/plugin/prefix/PluginPrefixResult
instanceKlass org/apache/maven/plugin/prefix/internal/DefaultPluginPrefixResolver
instanceKlass org/apache/maven/plugin/PluginDescriptorCache$Key
instanceKlass org/apache/maven/plugin/DefaultPluginDescriptorCache
instanceKlass org/apache/maven/execution/ExecutionEvent
instanceKlass org/apache/maven/lifecycle/internal/DefaultExecutionEventCatapult
instanceKlass org/apache/maven/lifecycle/internal/DefaultLifecycleExecutionPlanCalculator
instanceKlass org/apache/maven/project/ReactorModelPool
instanceKlass org/apache/maven/model/building/ModelBuildingResult
instanceKlass org/apache/maven/project/DefaultProjectBuilder$InternalConfig
instanceKlass org/apache/maven/project/ReactorModelCache
instanceKlass org/apache/maven/model/building/ModelCache
instanceKlass org/apache/maven/model/resolution/ModelResolver
instanceKlass org/apache/maven/model/building/ModelBuildingListener
instanceKlass org/apache/maven/project/DefaultProjectBuilder
instanceKlass org/apache/maven/project/artifact/ProjectArtifactsCache$CacheRecord
instanceKlass org/apache/maven/project/artifact/ProjectArtifactsCache$Key
instanceKlass org/apache/maven/project/artifact/DefaultProjectArtifactsCache
instanceKlass org/apache/maven/project/DefaultProjectBuildingHelper
instanceKlass org/apache/maven/repository/DefaultMirrorSelector
instanceKlass org/apache/maven/repository/metadata/ClasspathContainer
instanceKlass org/apache/maven/repository/metadata/DefaultClasspathTransformation
instanceKlass org/apache/maven/repository/metadata/MetadataGraph
instanceKlass org/apache/maven/repository/metadata/MetadataGraphVertex
instanceKlass org/apache/maven/repository/metadata/DefaultGraphConflictResolver
instanceKlass java/nio/channels/WritableByteChannel
instanceKlass java/nio/channels/ReadableByteChannel
instanceKlass java/nio/channels/Channel
instanceKlass org/apache/maven/lifecycle/mapping/LifecyclePhase
instanceKlass org/apache/maven/lifecycle/internal/DefaultLifecyclePluginAnalyzer$GoalSpec
instanceKlass org/apache/maven/lifecycle/internal/DefaultLifecyclePluginAnalyzer
instanceKlass org/apache/maven/toolchain/DefaultToolchain
instanceKlass org/apache/maven/toolchain/java/JavaToolchain
instanceKlass org/apache/maven/toolchain/java/JavaToolchainFactory
instanceKlass org/apache/maven/repository/ArtifactTransferListener
instanceKlass org/apache/maven/repository/legacy/LegacyRepositorySystem
instanceKlass org/apache/maven/artifact/resolver/DefaultArtifactResolver
instanceKlass org/apache/maven/project/validation/ModelValidationResult
instanceKlass org/apache/maven/project/validation/DefaultModelValidator
instanceKlass org/codehaus/plexus/interpolation/Interpolator
instanceKlass org/codehaus/plexus/interpolation/BasicInterpolator
instanceKlass org/codehaus/plexus/interpolation/RecursionInterceptor
# instanceKlass java/lang/invoke/LambdaForm$MH+0x0000019d5c10d000
instanceKlass java/lang/invoke/MethodHandle$1
instanceKlass org/apache/maven/plugin/internal/DefaultPluginManager
instanceKlass org/apache/maven/configuration/BeanConfigurationRequest
instanceKlass org/apache/maven/configuration/internal/DefaultBeanConfigurator
instanceKlass org/apache/maven/lifecycle/DefaultLifecycleExecutor
instanceKlass org/apache/maven/project/ProjectBuildingResult
instanceKlass org/apache/maven/exception/ExceptionSummary
instanceKlass org/apache/maven/exception/DefaultExceptionHandler
instanceKlass org/apache/maven/artifact/repository/layout/FlatRepositoryLayout
instanceKlass org/apache/maven/project/artifact/MavenMetadataSource$ProjectRelocation
instanceKlass org/apache/maven/model/building/ModelProblem
instanceKlass org/apache/maven/project/artifact/MavenMetadataSource
instanceKlass org/apache/maven/repository/legacy/resolver/conflict/DefaultConflictResolverFactory
instanceKlass org/apache/maven/plugin/version/internal/DefaultPluginVersionResult
instanceKlass org/eclipse/aether/RequestTrace
instanceKlass org/apache/maven/plugin/version/internal/DefaultPluginVersionResolver$Versions
instanceKlass org/eclipse/aether/SessionData
instanceKlass org/apache/maven/plugin/version/internal/DefaultPluginVersionResolver$Key
instanceKlass org/eclipse/aether/repository/ArtifactRepository
instanceKlass org/apache/maven/plugin/version/PluginVersionResult
instanceKlass org/apache/maven/plugin/version/internal/DefaultPluginVersionResolver
instanceKlass org/eclipse/aether/util/graph/visitor/AbstractDepthFirstNodeListGenerator
instanceKlass org/apache/maven/plugin/descriptor/PluginDescriptorBuilder
instanceKlass org/apache/maven/plugin/logging/Log
instanceKlass org/apache/maven/plugin/internal/DefaultMavenPluginManager
instanceKlass org/apache/maven/profiles/ProfilesRoot
instanceKlass org/codehaus/plexus/interpolation/ValueSource
instanceKlass org/apache/maven/repository/legacy/resolver/conflict/FarthestConflictResolver
instanceKlass org/apache/maven/artifact/repository/metadata/Metadata
instanceKlass org/apache/maven/artifact/repository/metadata/io/DefaultMetadataReader
instanceKlass org/apache/maven/settings/building/SettingsBuildingRequest
instanceKlass org/apache/maven/plugin/PluginArtifactsCache$CacheRecord
instanceKlass org/apache/maven/plugin/PluginArtifactsCache$Key
instanceKlass org/apache/maven/plugin/DefaultPluginArtifactsCache
instanceKlass org/apache/maven/project/artifact/DefaultMavenMetadataCache$CacheKey
instanceKlass org/apache/maven/repository/legacy/metadata/ResolutionGroup
instanceKlass org/apache/maven/project/artifact/DefaultMavenMetadataCache
instanceKlass org/apache/maven/execution/ProjectDependencyGraph
instanceKlass org/apache/maven/graph/DefaultGraphBuilder
instanceKlass org/apache/maven/artifact/repository/metadata/Versioning
instanceKlass org/apache/maven/artifact/repository/metadata/RepositoryMetadata
instanceKlass org/apache/maven/model/building/ModelProblemCollector
instanceKlass org/apache/maven/model/building/ModelBuildingRequest
instanceKlass org/apache/maven/model/merge/ModelMerger
instanceKlass org/apache/maven/model/plugin/DefaultLifecycleBindingsInjector
instanceKlass org/apache/maven/lifecycle/mapping/DefaultLifecycleMapping
instanceKlass org/apache/maven/toolchain/ToolchainPrivate
instanceKlass org/apache/maven/toolchain/Toolchain
instanceKlass org/apache/maven/toolchain/DefaultToolchainManager
instanceKlass org/apache/maven/execution/ProjectExecutionListener
instanceKlass org/apache/maven/artifact/repository/layout/DefaultRepositoryLayout
instanceKlass org/apache/maven/lifecycle/internal/builder/singlethreaded/SingleThreadedBuilder
instanceKlass org/apache/maven/DefaultProjectDependenciesResolver
instanceKlass org/sonatype/plexus/components/sec/dispatcher/PasswordDecryptor
instanceKlass sun/reflect/generics/tree/MethodTypeSignature
instanceKlass sun/reflect/generics/tree/VoidDescriptor
instanceKlass org/sonatype/plexus/components/sec/dispatcher/model/SettingsSecurity
instanceKlass org/apache/maven/lifecycle/internal/DefaultLifecycleMappingDelegate
instanceKlass org/apache/maven/plugin/prefix/PluginPrefixRequest
instanceKlass org/apache/maven/plugin/version/PluginVersionRequest
instanceKlass org/apache/maven/lifecycle/internal/ProjectSegment
instanceKlass org/apache/maven/lifecycle/internal/builder/multithreaded/ThreadOutputMuxer
instanceKlass org/apache/maven/lifecycle/internal/builder/multithreaded/ConcurrencyDependencyGraph
instanceKlass org/apache/maven/lifecycle/internal/ReactorBuildStatus
instanceKlass java/util/concurrent/CompletionService
instanceKlass java/util/concurrent/Executor
instanceKlass org/apache/maven/lifecycle/internal/builder/multithreaded/MultiThreadedBuilder
instanceKlass org/eclipse/aether/DefaultRepositorySystemSession
instanceKlass org/apache/maven/model/building/Result
instanceKlass org/apache/maven/execution/MavenExecutionResult
instanceKlass org/apache/maven/DefaultMaven
instanceKlass org/apache/maven/profiles/ProfileManager
instanceKlass org/apache/maven/model/building/ModelSource
instanceKlass org/apache/maven/project/ProjectBuilderConfiguration
instanceKlass org/apache/maven/project/DefaultMavenProjectBuilder
instanceKlass org/apache/maven/repository/legacy/resolver/transform/DefaultArtifactTransformationManager
instanceKlass org/apache/maven/wagon/providers/http/httpclient/config/Registry
instanceKlass org/apache/maven/wagon/providers/http/httpclient/impl/conn/PoolingHttpClientConnectionManager
instanceKlass org/apache/maven/wagon/providers/http/httpclient/pool/ConnPoolControl
instanceKlass org/apache/maven/wagon/providers/http/httpclient/client/methods/CloseableHttpResponse
instanceKlass org/apache/maven/wagon/providers/http/httpclient/HttpResponse
instanceKlass org/apache/maven/wagon/providers/http/wagon/shared/BasicAuthScope
instanceKlass org/apache/maven/wagon/providers/http/wagon/shared/HttpConfiguration
instanceKlass org/apache/maven/wagon/providers/http/httpclient/impl/client/CloseableHttpClient
instanceKlass org/apache/maven/wagon/providers/http/httpclient/client/HttpClient
instanceKlass org/apache/maven/wagon/providers/http/httpclient/auth/Credentials
instanceKlass org/apache/maven/wagon/providers/http/httpclient/client/AuthCache
instanceKlass org/apache/maven/wagon/providers/http/httpclient/client/CredentialsProvider
instanceKlass org/apache/maven/wagon/providers/http/httpclient/Header
instanceKlass org/apache/maven/wagon/providers/http/httpclient/NameValuePair
instanceKlass org/apache/maven/wagon/providers/http/httpclient/client/RedirectStrategy
instanceKlass org/apache/maven/wagon/providers/http/httpclient/config/Lookup
instanceKlass org/apache/maven/wagon/providers/http/httpclient/client/HttpRequestRetryHandler
instanceKlass org/apache/maven/wagon/providers/http/httpclient/conn/ssl/TrustStrategy
instanceKlass org/apache/maven/wagon/providers/http/httpclient/ssl/TrustStrategy
instanceKlass org/apache/maven/wagon/providers/http/httpclient/client/ServiceUnavailableRetryStrategy
instanceKlass org/apache/maven/wagon/providers/http/httpclient/protocol/HttpContext
instanceKlass org/apache/maven/wagon/providers/http/httpclient/client/methods/HttpUriRequest
instanceKlass org/apache/maven/wagon/providers/http/httpclient/HttpRequest
instanceKlass org/apache/maven/wagon/providers/http/httpclient/HttpMessage
instanceKlass org/apache/maven/wagon/providers/http/httpclient/auth/AuthScheme
instanceKlass org/apache/maven/wagon/providers/http/httpclient/HttpEntity
instanceKlass org/apache/maven/wagon/providers/http/httpclient/conn/HttpClientConnectionManager
instanceKlass org/apache/maven/wagon/InputData
instanceKlass org/apache/maven/wagon/OutputData
instanceKlass org/apache/maven/wagon/events/SessionListener
instanceKlass java/util/EventObject
instanceKlass org/apache/maven/wagon/resource/Resource
instanceKlass org/apache/maven/wagon/repository/RepositoryPermissions
instanceKlass org/apache/maven/wagon/events/TransferEventSupport
instanceKlass org/apache/maven/wagon/events/SessionEventSupport
instanceKlass org/apache/maven/wagon/proxy/ProxyInfoProvider
instanceKlass org/apache/maven/wagon/AbstractWagon
instanceKlass org/apache/maven/wagon/StreamingWagon
instanceKlass org/apache/maven/repository/legacy/resolver/conflict/NewestConflictResolver
instanceKlass org/apache/maven/repository/legacy/repository/DefaultArtifactRepositoryFactory
instanceKlass org/apache/maven/lifecycle/internal/DefaultLifecycleTaskSegmentCalculator
instanceKlass org/apache/maven/artifact/handler/manager/DefaultArtifactHandlerManager
instanceKlass org/apache/maven/repository/legacy/metadata/MetadataResolutionRequest
instanceKlass org/apache/maven/repository/legacy/resolver/DefaultLegacyArtifactCollector
instanceKlass org/apache/maven/artifact/repository/DefaultArtifactRepositoryFactory
instanceKlass org/apache/maven/repository/legacy/resolver/conflict/OldestConflictResolver
instanceKlass org/apache/maven/settings/crypto/SettingsDecryptionRequest
instanceKlass org/apache/maven/wagon/proxy/ProxyInfo
instanceKlass org/apache/maven/wagon/observers/ChecksumObserver
instanceKlass org/apache/maven/wagon/authentication/AuthenticationInfo
instanceKlass org/apache/maven/wagon/repository/Repository
instanceKlass org/apache/maven/wagon/events/TransferListener
instanceKlass org/apache/maven/repository/legacy/DefaultWagonManager
instanceKlass org/apache/maven/plugin/PluginRealmCache$CacheRecord
instanceKlass org/apache/maven/plugin/PluginRealmCache$Key
instanceKlass org/apache/maven/plugin/DefaultPluginRealmCache
instanceKlass org/codehaus/plexus/component/repository/ComponentSetDescriptor
instanceKlass org/apache/maven/plugin/DefaultBuildPluginManager
instanceKlass org/apache/maven/artifact/factory/DefaultArtifactFactory
instanceKlass org/apache/maven/lifecycle/internal/PhaseRecorder
instanceKlass org/apache/maven/lifecycle/internal/DependencyContext
instanceKlass org/apache/maven/lifecycle/internal/ProjectIndex
instanceKlass org/apache/maven/lifecycle/internal/ProjectBuildList
instanceKlass org/apache/maven/project/DefaultDependencyResolutionResult
instanceKlass org/apache/maven/project/DependencyResolutionRequest
instanceKlass org/apache/maven/project/DependencyResolutionResult
instanceKlass org/apache/maven/project/DefaultProjectDependenciesResolver
instanceKlass org/apache/maven/execution/DefaultRuntimeInformation
instanceKlass org/eclipse/aether/graph/DependencyNode
instanceKlass org/eclipse/aether/graph/DependencyVisitor
instanceKlass org/eclipse/aether/collection/DependencySelector
instanceKlass org/eclipse/aether/resolution/ArtifactDescriptorPolicy
instanceKlass org/eclipse/aether/collection/DependencyGraphTransformer
instanceKlass org/apache/maven/plugin/internal/DefaultPluginDependenciesResolver
instanceKlass org/eclipse/aether/graph/DependencyFilter
instanceKlass org/apache/maven/project/ProjectRealmCache$CacheRecord
instanceKlass org/apache/maven/project/ProjectRealmCache$Key
instanceKlass org/apache/maven/project/DefaultProjectRealmCache
instanceKlass org/apache/maven/artifact/metadata/ArtifactMetadata
instanceKlass org/apache/maven/repository/legacy/metadata/ArtifactMetadata
instanceKlass org/eclipse/aether/metadata/Metadata
instanceKlass org/eclipse/aether/artifact/Artifact
instanceKlass org/codehaus/plexus/logging/AbstractLogEnabled
instanceKlass java/lang/Deprecated
instanceKlass org/eclipse/aether/version/VersionScheme
instanceKlass org/apache/maven/rtinfo/internal/DefaultRuntimeInformation
instanceKlass org/apache/maven/repository/Proxy
instanceKlass org/apache/maven/settings/RepositoryBase
instanceKlass org/apache/maven/model/Dependency
instanceKlass org/apache/maven/settings/TrackableBase
instanceKlass org/apache/maven/artifact/repository/ArtifactRepositoryPolicy
instanceKlass org/apache/maven/model/RepositoryPolicy
instanceKlass org/apache/maven/settings/RepositoryPolicy
instanceKlass org/apache/maven/artifact/repository/Authentication
instanceKlass org/apache/maven/artifact/versioning/VersionRange
instanceKlass org/apache/maven/artifact/repository/ArtifactRepository
instanceKlass org/apache/maven/artifact/resolver/filter/ArtifactFilter
instanceKlass org/apache/maven/artifact/Artifact
instanceKlass org/apache/maven/plugin/ExtensionRealmCache$CacheRecord
instanceKlass org/apache/maven/plugin/ExtensionRealmCache$Key
instanceKlass org/apache/maven/plugin/DefaultExtensionRealmCache
instanceKlass org/apache/maven/eventspy/EventSpy
instanceKlass org/eclipse/aether/RepositoryListener
instanceKlass org/apache/maven/project/path/DefaultPathTranslator
instanceKlass org/apache/maven/artifact/resolver/ResolutionNode
instanceKlass org/apache/maven/repository/legacy/resolver/conflict/NearestConflictResolver
instanceKlass org/apache/maven/lifecycle/internal/DefaultMojoExecutionConfigurator
instanceKlass org/apache/maven/repository/metadata/MetadataGraphEdge
instanceKlass org/apache/maven/artifact/versioning/ArtifactVersion
instanceKlass org/apache/maven/repository/metadata/DefaultGraphConflictResolutionPolicy
instanceKlass org/apache/maven/toolchain/model/TrackableBase
instanceKlass org/apache/maven/toolchain/DefaultToolchainsBuilder
instanceKlass org/codehaus/plexus/component/configurator/ConfigurationListener
instanceKlass org/codehaus/plexus/configuration/PlexusConfiguration
instanceKlass org/codehaus/classworlds/ClassRealm
instanceKlass org/codehaus/plexus/component/configurator/expression/ExpressionEvaluator
instanceKlass org/codehaus/plexus/component/configurator/converters/lookup/ConverterLookup
instanceKlass org/codehaus/plexus/component/configurator/AbstractComponentConfigurator
instanceKlass org/apache/maven/lifecycle/MavenExecutionPlan
instanceKlass org/apache/maven/lifecycle/internal/TaskSegment
instanceKlass org/apache/maven/lifecycle/internal/ReactorContext
instanceKlass org/apache/maven/execution/BuildSummary
instanceKlass org/apache/maven/artifact/handler/DefaultArtifactHandler
instanceKlass org/eclipse/sisu/space/asm/Item
instanceKlass org/eclipse/sisu/space/asm/ByteVector
instanceKlass org/eclipse/sisu/space/asm/MethodVisitor
instanceKlass org/eclipse/sisu/space/asm/FieldVisitor
instanceKlass org/apache/maven/model/Reporting
instanceKlass org/apache/maven/model/RepositoryBase
instanceKlass org/apache/maven/model/ConfigurationContainer
instanceKlass org/apache/maven/model/ModelBase
instanceKlass org/apache/maven/model/PluginContainer
instanceKlass org/apache/maven/model/InputLocationTracker
instanceKlass org/apache/maven/project/inheritance/DefaultModelInheritanceAssembler
instanceKlass org/eclipse/aether/RepositorySystemSession
instanceKlass org/apache/maven/plugin/internal/DefaultLegacySupport
instanceKlass org/apache/maven/artifact/resolver/ArtifactResolutionResult
instanceKlass org/apache/maven/artifact/resolver/ArtifactResolutionRequest
instanceKlass org/apache/maven/artifact/repository/RepositoryRequest
instanceKlass org/apache/maven/artifact/resolver/DefaultResolutionErrorHandler
instanceKlass org/eclipse/sisu/inject/Guice4
instanceKlass com/google/inject/spi/ProviderWithExtensionVisitor
instanceKlass org/eclipse/sisu/plexus/PlexusBean
instanceKlass org/codehaus/plexus/component/repository/ComponentDescriptor
instanceKlass org/sonatype/inject/Parameters
instanceKlass org/eclipse/sisu/plexus/PlexusXmlBeanConverter
instanceKlass org/eclipse/sisu/plexus/PlexusBeanConverter
instanceKlass com/google/inject/spi/TypeConverterBinding
instanceKlass com/google/inject/spi/ProvisionListenerBinding
instanceKlass com/google/inject/spi/TypeListenerBinding
instanceKlass org/eclipse/sisu/bean/BeanListener
instanceKlass com/google/inject/matcher/Matchers
instanceKlass org/eclipse/sisu/bean/PropertyBinder
instanceKlass org/eclipse/sisu/plexus/PlexusBeanBinder
instanceKlass com/google/inject/spi/InjectionListener
instanceKlass org/sonatype/plexus/components/sec/dispatcher/DefaultSecDispatcher
instanceKlass org/sonatype/plexus/components/cipher/DefaultPlexusCipher
instanceKlass org/sonatype/plexus/components/cipher/PlexusCipher
instanceKlass org/apache/maven/settings/validation/DefaultSettingsValidator
instanceKlass org/apache/maven/settings/validation/SettingsValidator
instanceKlass org/apache/maven/settings/io/DefaultSettingsWriter
instanceKlass org/apache/maven/settings/io/SettingsWriter
instanceKlass org/apache/maven/settings/io/DefaultSettingsReader
instanceKlass org/apache/maven/settings/io/SettingsReader
instanceKlass org/apache/maven/settings/crypto/DefaultSettingsDecrypter
instanceKlass org/apache/maven/settings/crypto/SettingsDecrypter
instanceKlass org/apache/maven/settings/building/DefaultSettingsBuilder
instanceKlass org/apache/maven/settings/building/SettingsBuilder
instanceKlass org/eclipse/aether/transport/wagon/WagonTransporterFactory
instanceKlass org/eclipse/aether/spi/connector/transport/TransporterFactory
instanceKlass org/eclipse/aether/internal/transport/wagon/PlexusWagonProvider
instanceKlass org/eclipse/aether/transport/wagon/WagonProvider
instanceKlass org/eclipse/aether/internal/transport/wagon/PlexusWagonConfigurator
instanceKlass org/eclipse/aether/transport/wagon/WagonConfigurator
instanceKlass org/apache/maven/repository/internal/VersionsMetadataGeneratorFactory
instanceKlass org/apache/maven/repository/internal/SnapshotMetadataGeneratorFactory
instanceKlass org/eclipse/aether/impl/MetadataGeneratorFactory
instanceKlass org/apache/maven/repository/internal/DefaultVersionResolver
instanceKlass org/eclipse/aether/impl/VersionResolver
instanceKlass org/apache/maven/repository/internal/DefaultVersionRangeResolver
instanceKlass org/eclipse/aether/impl/VersionRangeResolver
instanceKlass org/apache/maven/repository/internal/DefaultArtifactDescriptorReader
instanceKlass org/eclipse/aether/impl/ArtifactDescriptorReader
instanceKlass org/eclipse/aether/internal/impl/slf4j/Slf4jLoggerFactory
instanceKlass org/eclipse/aether/internal/impl/collect/DefaultDependencyCollector
instanceKlass org/eclipse/aether/impl/DependencyCollector
instanceKlass org/eclipse/aether/internal/impl/SimpleLocalRepositoryManagerFactory
instanceKlass org/eclipse/aether/internal/impl/Maven2RepositoryLayoutFactory
instanceKlass org/eclipse/aether/spi/connector/layout/RepositoryLayoutFactory
instanceKlass org/eclipse/aether/spi/log/LoggerFactory
instanceKlass org/eclipse/aether/internal/impl/LoggerFactoryProvider
instanceKlass org/eclipse/aether/internal/impl/EnhancedLocalRepositoryManagerFactory
instanceKlass org/eclipse/aether/spi/localrepo/LocalRepositoryManagerFactory
instanceKlass org/eclipse/aether/internal/impl/DefaultUpdatePolicyAnalyzer
instanceKlass org/eclipse/aether/impl/UpdatePolicyAnalyzer
instanceKlass org/eclipse/aether/internal/impl/DefaultUpdateCheckManager
instanceKlass org/eclipse/aether/impl/UpdateCheckManager
instanceKlass org/eclipse/aether/internal/impl/DefaultTransporterProvider
instanceKlass org/eclipse/aether/spi/connector/transport/TransporterProvider
instanceKlass org/eclipse/aether/internal/impl/DefaultSyncContextFactory
instanceKlass org/eclipse/aether/impl/SyncContextFactory
instanceKlass org/eclipse/aether/internal/impl/DefaultRepositorySystem
instanceKlass org/eclipse/aether/RepositorySystem
instanceKlass org/eclipse/aether/internal/impl/DefaultRepositoryLayoutProvider
instanceKlass org/eclipse/aether/spi/connector/layout/RepositoryLayoutProvider
instanceKlass org/eclipse/aether/internal/impl/DefaultRepositoryEventDispatcher
instanceKlass org/eclipse/aether/impl/RepositoryEventDispatcher
instanceKlass org/eclipse/aether/internal/impl/DefaultRepositoryConnectorProvider
instanceKlass org/eclipse/aether/impl/RepositoryConnectorProvider
instanceKlass org/eclipse/aether/internal/impl/DefaultRemoteRepositoryManager
instanceKlass org/eclipse/aether/impl/RemoteRepositoryManager
instanceKlass org/eclipse/aether/internal/impl/DefaultOfflineController
instanceKlass org/eclipse/aether/impl/OfflineController
instanceKlass org/eclipse/aether/internal/impl/DefaultMetadataResolver
instanceKlass org/eclipse/aether/impl/MetadataResolver
instanceKlass org/eclipse/aether/internal/impl/DefaultLocalRepositoryProvider
instanceKlass org/eclipse/aether/impl/LocalRepositoryProvider
instanceKlass org/eclipse/aether/internal/impl/DefaultInstaller
instanceKlass org/eclipse/aether/impl/Installer
instanceKlass org/eclipse/aether/internal/impl/DefaultFileProcessor
instanceKlass org/eclipse/aether/spi/io/FileProcessor
instanceKlass org/eclipse/aether/internal/impl/DefaultDeployer
instanceKlass org/eclipse/aether/impl/Deployer
instanceKlass org/eclipse/aether/internal/impl/DefaultChecksumPolicyProvider
instanceKlass org/eclipse/aether/spi/connector/checksum/ChecksumPolicyProvider
instanceKlass org/eclipse/aether/internal/impl/DefaultArtifactResolver
instanceKlass org/eclipse/aether/impl/ArtifactResolver
instanceKlass org/eclipse/aether/connector/basic/BasicRepositoryConnectorFactory
instanceKlass org/eclipse/aether/spi/locator/Service
instanceKlass org/eclipse/aether/spi/connector/RepositoryConnectorFactory
instanceKlass org/apache/maven/model/validation/DefaultModelValidator
instanceKlass org/apache/maven/model/validation/ModelValidator
instanceKlass org/apache/maven/model/superpom/DefaultSuperPomProvider
instanceKlass org/apache/maven/model/superpom/SuperPomProvider
instanceKlass org/apache/maven/model/profile/activation/PropertyProfileActivator
instanceKlass org/apache/maven/model/profile/activation/OperatingSystemProfileActivator
instanceKlass org/apache/maven/model/profile/activation/JdkVersionProfileActivator
instanceKlass org/apache/maven/model/profile/activation/FileProfileActivator
instanceKlass org/apache/maven/model/profile/activation/ProfileActivator
instanceKlass org/apache/maven/model/profile/DefaultProfileSelector
instanceKlass org/apache/maven/model/profile/ProfileSelector
instanceKlass org/apache/maven/model/profile/DefaultProfileInjector
instanceKlass org/apache/maven/model/profile/ProfileInjector
instanceKlass org/apache/maven/model/plugin/DefaultReportingConverter
instanceKlass org/apache/maven/model/plugin/ReportingConverter
instanceKlass org/apache/maven/model/plugin/DefaultReportConfigurationExpander
instanceKlass org/apache/maven/model/plugin/ReportConfigurationExpander
instanceKlass org/apache/maven/model/plugin/DefaultPluginConfigurationExpander
instanceKlass org/apache/maven/model/plugin/PluginConfigurationExpander
instanceKlass org/apache/maven/model/path/DefaultUrlNormalizer
instanceKlass org/apache/maven/model/path/UrlNormalizer
instanceKlass org/apache/maven/model/path/DefaultPathTranslator
instanceKlass org/apache/maven/model/path/PathTranslator
instanceKlass org/apache/maven/model/path/DefaultModelUrlNormalizer
instanceKlass org/apache/maven/model/path/ModelUrlNormalizer
instanceKlass org/apache/maven/model/path/DefaultModelPathTranslator
instanceKlass org/apache/maven/model/path/ModelPathTranslator
instanceKlass org/apache/maven/model/normalization/DefaultModelNormalizer
instanceKlass org/apache/maven/model/normalization/ModelNormalizer
instanceKlass org/apache/maven/model/management/DefaultPluginManagementInjector
instanceKlass org/apache/maven/model/management/PluginManagementInjector
instanceKlass org/apache/maven/model/management/DefaultDependencyManagementInjector
instanceKlass org/apache/maven/model/management/DependencyManagementInjector
instanceKlass org/apache/maven/model/locator/DefaultModelLocator
instanceKlass org/apache/maven/model/io/DefaultModelWriter
instanceKlass org/apache/maven/model/io/ModelWriter
instanceKlass org/apache/maven/model/io/DefaultModelReader
instanceKlass org/apache/maven/model/interpolation/AbstractStringBasedModelInterpolator
instanceKlass org/apache/maven/model/interpolation/ModelInterpolator
instanceKlass org/apache/maven/model/inheritance/DefaultInheritanceAssembler
instanceKlass org/apache/maven/model/inheritance/InheritanceAssembler
instanceKlass org/apache/maven/model/composition/DefaultDependencyManagementImporter
instanceKlass org/apache/maven/model/composition/DependencyManagementImporter
instanceKlass  @bci sun/reflect/annotation/AnnotationParser parseClassArray (ILjava/nio/ByteBuffer;Ljdk/internal/reflect/ConstantPool;Ljava/lang/Class;)Ljava/lang/Object; 10 <appendix> member <vmtarget> ; # sun/reflect/annotation/AnnotationParser$$Lambda+0x0000019d5c072710
instanceKlass org/apache/maven/model/building/DefaultModelProcessor
instanceKlass org/apache/maven/model/building/ModelProcessor
instanceKlass org/apache/maven/model/io/ModelReader
instanceKlass org/apache/maven/model/locator/ModelLocator
instanceKlass org/apache/maven/model/building/DefaultModelBuilder
instanceKlass org/apache/maven/model/building/ModelBuilder
instanceKlass org/apache/maven/cli/internal/BootstrapCoreExtensionManager
instanceKlass org/apache/maven/cli/configuration/SettingsXmlConfigurationProcessor
instanceKlass org/apache/maven/cli/configuration/ConfigurationProcessor
instanceKlass org/apache/maven/toolchain/io/DefaultToolchainsWriter
instanceKlass org/apache/maven/toolchain/io/ToolchainsWriter
instanceKlass org/apache/maven/toolchain/io/DefaultToolchainsReader
instanceKlass org/apache/maven/toolchain/io/ToolchainsReader
instanceKlass org/apache/maven/toolchain/building/DefaultToolchainsBuilder
instanceKlass org/apache/maven/toolchain/building/ToolchainsBuilder
instanceKlass org/apache/maven/execution/MavenSession
instanceKlass org/apache/maven/session/scope/internal/SessionScope$ScopeState
instanceKlass org/apache/maven/session/scope/internal/SessionScope$Memento
instanceKlass org/apache/maven/session/scope/internal/SessionScope$1
instanceKlass org/apache/maven/session/scope/internal/SessionScope
instanceKlass org/apache/maven/lifecycle/internal/LifecycleDependencyResolver
instanceKlass org/apache/maven/lifecycle/internal/DefaultProjectArtifactFactory
instanceKlass org/apache/maven/lifecycle/internal/ProjectArtifactFactory
instanceKlass org/apache/maven/internal/aether/DefaultRepositorySystemSessionFactory
instanceKlass org/apache/maven/extension/internal/CoreExportsProvider
instanceKlass org/apache/maven/plugin/MojoExecution
instanceKlass org/apache/maven/project/MavenProject
instanceKlass org/apache/maven/execution/scope/internal/MojoExecutionScope$ScopeState
instanceKlass org/apache/maven/execution/MojoExecutionEvent
instanceKlass org/apache/maven/execution/scope/MojoExecutionScoped
instanceKlass org/apache/maven/execution/scope/internal/MojoExecutionScope$1
instanceKlass org/apache/maven/execution/scope/internal/MojoExecutionScope
instanceKlass org/apache/maven/execution/MojoExecutionListener
instanceKlass org/eclipse/sisu/space/QualifiedTypeBinder$1
instanceKlass org/apache/maven/execution/DefaultMavenExecutionRequestPopulator
instanceKlass org/apache/maven/execution/MavenExecutionRequestPopulator
instanceKlass org/apache/maven/classrealm/DefaultClassRealmManager
instanceKlass org/apache/maven/classrealm/ClassRealmManager
instanceKlass jdk/internal/foreign/MemorySessionImpl
instanceKlass java/lang/foreign/MemorySegment$Scope
instanceKlass org/apache/maven/SessionScoped
instanceKlass org/apache/maven/ReactorReader
instanceKlass org/apache/maven/repository/internal/MavenWorkspaceReader
instanceKlass org/eclipse/aether/repository/WorkspaceReader
instanceKlass org/eclipse/sisu/space/WildcardKey$QualifiedImpl
instanceKlass org/eclipse/sisu/space/WildcardKey$Qualified
instanceKlass org/eclipse/sisu/space/WildcardKey
instanceKlass org/eclipse/sisu/Typed
instanceKlass org/sonatype/inject/EagerSingleton
instanceKlass org/eclipse/sisu/EagerSingleton
instanceKlass org/sonatype/inject/Mediator
instanceKlass org/eclipse/sisu/inject/TypeArguments
instanceKlass org/apache/maven/DefaultArtifactFilterManager
instanceKlass org/apache/maven/ArtifactFilterManager
instanceKlass org/eclipse/sisu/space/asm/Context
instanceKlass org/eclipse/sisu/space/asm/Attribute
instanceKlass org/eclipse/sisu/space/asm/AnnotationVisitor
instanceKlass org/eclipse/sisu/space/asm/ClassReader
instanceKlass org/eclipse/sisu/space/IndexedClassFinder$1
instanceKlass org/eclipse/sisu/inject/Logs$SLF4JSink
instanceKlass org/eclipse/sisu/inject/Logs$Sink
instanceKlass org/eclipse/sisu/inject/Logs
instanceKlass org/eclipse/sisu/space/QualifierCache
instanceKlass org/eclipse/sisu/space/QualifiedTypeVisitor
instanceKlass org/eclipse/sisu/plexus/PlexusTypeVisitor$ComponentAnnotationVisitor
instanceKlass org/eclipse/sisu/space/AnnotationVisitor
instanceKlass org/eclipse/sisu/plexus/PlexusTypeVisitor
instanceKlass org/eclipse/sisu/space/ClassVisitor
instanceKlass org/eclipse/sisu/plexus/PlexusXmlBeanModule$PlexusXmlBeanSource
instanceKlass org/eclipse/sisu/inject/DescriptionSource
instanceKlass org/eclipse/sisu/inject/AnnotatedSource
instanceKlass org/eclipse/sisu/Priority
instanceKlass org/eclipse/sisu/Hidden
instanceKlass org/eclipse/sisu/Description
instanceKlass org/eclipse/sisu/inject/Sources
instanceKlass com/google/inject/Key$AnnotationInstanceStrategy
instanceKlass com/google/inject/name/NamedImpl
instanceKlass com/google/inject/name/Named
instanceKlass com/google/inject/name/Names
instanceKlass com/google/inject/internal/MoreTypes$ParameterizedTypeImpl
instanceKlass sun/reflect/misc/ReflectUtil
instanceKlass sun/reflect/generics/reflectiveObjects/ParameterizedTypeImpl
instanceKlass sun/reflect/generics/reflectiveObjects/LazyReflectiveObjectGenerator
instanceKlass org/apache/maven/wagon/Wagon
instanceKlass org/codehaus/plexus/component/configurator/ComponentConfigurator
instanceKlass org/apache/maven/toolchain/ToolchainsBuilder
instanceKlass org/apache/maven/toolchain/ToolchainManagerPrivate
instanceKlass org/apache/maven/toolchain/ToolchainManager
instanceKlass org/apache/maven/toolchain/ToolchainFactory
instanceKlass org/apache/maven/settings/MavenSettingsBuilder
instanceKlass org/apache/maven/rtinfo/RuntimeInformation
instanceKlass org/apache/maven/project/artifact/ProjectArtifactsCache
instanceKlass org/apache/maven/project/artifact/MavenMetadataCache
instanceKlass org/apache/maven/project/ProjectRealmCache
instanceKlass org/apache/maven/project/ProjectDependenciesResolver
instanceKlass org/apache/maven/project/ProjectBuildingHelper
instanceKlass org/apache/maven/project/ProjectBuilder
instanceKlass org/apache/maven/project/MavenProjectHelper
instanceKlass org/apache/maven/plugin/version/PluginVersionResolver
instanceKlass org/apache/maven/plugin/prefix/PluginPrefixResolver
instanceKlass org/apache/maven/plugin/internal/PluginDependenciesResolver
instanceKlass org/apache/maven/plugin/PluginRealmCache
instanceKlass org/apache/maven/plugin/PluginManager
instanceKlass org/apache/maven/plugin/PluginDescriptorCache
instanceKlass org/apache/maven/plugin/PluginArtifactsCache
instanceKlass org/apache/maven/plugin/MavenPluginManager
instanceKlass org/apache/maven/plugin/LegacySupport
instanceKlass org/apache/maven/plugin/ExtensionRealmCache
instanceKlass org/apache/maven/plugin/BuildPluginManager
instanceKlass org/apache/maven/model/plugin/LifecycleBindingsInjector
instanceKlass org/apache/maven/lifecycle/internal/builder/BuilderCommon
instanceKlass org/apache/maven/lifecycle/internal/builder/Builder
instanceKlass org/apache/maven/lifecycle/internal/MojoExecutor
instanceKlass org/apache/maven/lifecycle/internal/MojoDescriptorCreator
instanceKlass org/apache/maven/lifecycle/internal/LifecycleTaskSegmentCalculator
instanceKlass org/apache/maven/lifecycle/internal/LifecycleStarter
instanceKlass org/apache/maven/lifecycle/internal/LifecyclePluginResolver
instanceKlass org/apache/maven/lifecycle/internal/LifecycleModuleBuilder
instanceKlass org/apache/maven/lifecycle/internal/LifecycleExecutionPlanCalculator
instanceKlass org/apache/maven/lifecycle/internal/LifecycleDebugLogger
instanceKlass org/apache/maven/lifecycle/internal/ExecutionEventCatapult
instanceKlass org/apache/maven/lifecycle/internal/BuildListCalculator
instanceKlass org/apache/maven/lifecycle/MojoExecutionConfigurator
instanceKlass org/apache/maven/lifecycle/LifecycleMappingDelegate
instanceKlass org/apache/maven/lifecycle/LifecycleExecutor
instanceKlass org/apache/maven/lifecycle/LifeCyclePluginAnalyzer
instanceKlass org/apache/maven/lifecycle/DefaultLifecycles
instanceKlass org/apache/maven/graph/GraphBuilder
instanceKlass org/apache/maven/eventspy/internal/EventSpyDispatcher
instanceKlass org/apache/maven/configuration/BeanConfigurator
instanceKlass org/apache/maven/bridge/MavenRepositorySystem
instanceKlass org/apache/maven/artifact/resolver/ResolutionErrorHandler
instanceKlass org/apache/maven/artifact/repository/metadata/io/MetadataReader
instanceKlass org/apache/maven/artifact/metadata/ArtifactMetadataSource
instanceKlass org/apache/maven/repository/legacy/metadata/ArtifactMetadataSource
instanceKlass org/apache/maven/artifact/handler/manager/ArtifactHandlerManager
instanceKlass org/apache/maven/artifact/factory/ArtifactFactory
instanceKlass org/apache/maven/ProjectDependenciesResolver
instanceKlass org/apache/maven/Maven
instanceKlass org/apache/maven/artifact/handler/ArtifactHandler
instanceKlass org/sonatype/plexus/components/sec/dispatcher/SecDispatcher
instanceKlass org/apache/maven/lifecycle/Lifecycle
instanceKlass org/eclipse/sisu/space/CloningClassSpace$1
instanceKlass org/apache/maven/lifecycle/mapping/LifecycleMapping
instanceKlass org/apache/maven/repository/metadata/GraphConflictResolver
instanceKlass org/apache/maven/repository/metadata/GraphConflictResolutionPolicy
instanceKlass org/eclipse/sisu/plexus/ConfigurationImpl
instanceKlass org/apache/maven/repository/metadata/ClasspathTransformation
instanceKlass org/apache/maven/repository/legacy/resolver/transform/ArtifactTransformationManager
instanceKlass org/apache/maven/repository/legacy/resolver/transform/ArtifactTransformation
instanceKlass org/apache/maven/repository/legacy/resolver/conflict/ConflictResolverFactory
instanceKlass org/apache/maven/repository/legacy/resolver/conflict/ConflictResolver
instanceKlass org/apache/maven/repository/legacy/repository/ArtifactRepositoryFactory
instanceKlass org/apache/maven/repository/legacy/UpdateCheckManager
instanceKlass org/apache/maven/repository/RepositorySystem
instanceKlass org/apache/maven/repository/MirrorSelector
instanceKlass org/apache/maven/project/validation/ModelValidator
instanceKlass org/apache/maven/project/path/PathTranslator
instanceKlass org/apache/maven/project/interpolation/ModelInterpolator
instanceKlass org/apache/maven/project/inheritance/ModelInheritanceAssembler
instanceKlass org/apache/maven/project/MavenProjectBuilder
instanceKlass org/apache/maven/profiles/MavenProfilesBuilder
instanceKlass org/apache/maven/execution/RuntimeInformation
instanceKlass java/lang/foreign/MemorySegment
instanceKlass org/apache/maven/artifact/resolver/ArtifactResolver
instanceKlass org/apache/maven/artifact/resolver/ArtifactCollector
instanceKlass org/apache/maven/repository/legacy/resolver/LegacyArtifactCollector
instanceKlass org/apache/maven/artifact/repository/metadata/RepositoryMetadataManager
instanceKlass org/apache/maven/artifact/repository/layout/ArtifactRepositoryLayout
instanceKlass org/apache/maven/artifact/repository/ArtifactRepositoryFactory
instanceKlass org/apache/maven/artifact/manager/WagonManager
instanceKlass org/apache/maven/repository/legacy/WagonManager
instanceKlass org/apache/maven/artifact/installer/ArtifactInstaller
instanceKlass org/eclipse/sisu/plexus/PlexusXmlMetadata
instanceKlass org/eclipse/sisu/plexus/Roles
instanceKlass org/apache/maven/artifact/deployer/ArtifactDeployer
instanceKlass org/eclipse/sisu/plexus/Hints
instanceKlass org/eclipse/sisu/space/AbstractDeferredClass
instanceKlass org/eclipse/sisu/plexus/RequirementImpl
instanceKlass org/codehaus/plexus/component/annotations/Requirement
instanceKlass org/eclipse/sisu/space/Streams
instanceKlass org/eclipse/sisu/plexus/ComponentImpl
instanceKlass org/codehaus/plexus/component/annotations/Component
instanceKlass org/eclipse/sisu/plexus/PlexusTypeRegistry
instanceKlass org/eclipse/sisu/plexus/PlexusXmlScanner
instanceKlass org/eclipse/sisu/space/QualifiedTypeBinder
instanceKlass org/eclipse/sisu/plexus/PlexusTypeBinder
instanceKlass com/google/inject/spi/InjectionRequest
instanceKlass org/eclipse/sisu/bean/BeanProperty
instanceKlass com/google/inject/internal/Nullability
instanceKlass com/google/inject/spi/InjectionPoint$OverrideIndex
instanceKlass org/eclipse/sisu/inject/RankedBindings
instanceKlass org/eclipse/sisu/Mediator
instanceKlass java/util/function/BiConsumer
instanceKlass sun/reflect/generics/tree/TypeVariableSignature
instanceKlass com/google/common/collect/ComparisonChain
instanceKlass com/google/inject/Inject
instanceKlass javax/inject/Inject
instanceKlass java/lang/reflect/WildcardType
instanceKlass sun/reflect/generics/tree/ClassSignature
instanceKlass sun/reflect/generics/tree/Signature
instanceKlass sun/reflect/generics/tree/FormalTypeParameter
instanceKlass java/lang/reflect/TypeVariable
instanceKlass sun/reflect/generics/repository/AbstractRepository
instanceKlass com/google/inject/spi/InjectionPoint$InjectableMembers
instanceKlass com/google/inject/spi/InjectionPoint$InjectableMember
instanceKlass com/google/common/collect/Ordering
instanceKlass com/google/inject/spi/InjectionPoint
instanceKlass java/lang/reflect/ParameterizedType
instanceKlass com/google/inject/internal/MoreTypes$GenericArrayTypeImpl
instanceKlass com/google/inject/internal/MoreTypes$CompositeType
instanceKlass com/google/inject/Key$AnnotationTypeStrategy
instanceKlass com/google/common/util/concurrent/AbstractFuture$Failure
instanceKlass com/google/common/util/concurrent/AbstractFuture$Cancellation
instanceKlass com/google/common/util/concurrent/AbstractFuture$SetFuture
instanceKlass com/google/common/util/concurrent/Uninterruptibles
instanceKlass com/google/common/base/CommonPattern
instanceKlass com/google/common/base/Platform$JdkPatternCompiler
instanceKlass com/google/common/base/PatternCompiler
instanceKlass com/google/common/base/Platform
instanceKlass com/google/common/base/Stopwatch
instanceKlass com/google/common/util/concurrent/AbstractFuture$Waiter
instanceKlass com/google/common/util/concurrent/AbstractFuture$Listener
# instanceKlass java/lang/invoke/LambdaForm$MH+0x0000019d5c0a0800
instanceKlass com/google/common/util/concurrent/AbstractFuture$UnsafeAtomicHelper$1
instanceKlass sun/misc/Unsafe
instanceKlass com/google/common/util/concurrent/AbstractFuture$AtomicHelper
instanceKlass com/google/common/util/concurrent/GwtFluentFutureCatchingSpecialization
instanceKlass com/google/common/util/concurrent/ListenableFuture
instanceKlass com/google/common/cache/LocalCache$LoadingValueReference
instanceKlass java/lang/Class$AnnotationData
instanceKlass  @bci com/sun/tools/javac/comp/Operators$UnaryOperatorHelper addUnaryOperator (Lcom/sun/tools/javac/comp/Operators$OperatorType;Lcom/sun/tools/javac/comp/Operators$OperatorType;[I)Lcom/sun/tools/javac/comp/Operators$UnaryOperatorHelper; 9 <appendix> form vmentry <vmtarget> ; # java/lang/invoke/LambdaForm$DMH+0x0000019d5c0a0400
instanceKlass  @bci sun/reflect/annotation/AnnotationParser parseEnumArray (ILjava/lang/Class;Ljava/nio/ByteBuffer;Ljdk/internal/reflect/ConstantPool;Ljava/lang/Class;)Ljava/lang/Object; 16 <appendix> member <vmtarget> ; # sun/reflect/annotation/AnnotationParser$$Lambda+0x0000019d5c06d6a8
instanceKlass java/lang/annotation/Documented
instanceKlass java/lang/annotation/Target
instanceKlass javax/inject/Named
instanceKlass javax/inject/Qualifier
instanceKlass com/google/inject/BindingAnnotation
instanceKlass javax/inject/Scope
instanceKlass com/google/inject/ScopeAnnotation
instanceKlass com/google/inject/internal/Annotations$AnnotationChecker
# instanceKlass java/lang/invoke/LambdaForm$MH+0x0000019d5c0a0000
instanceKlass java/lang/reflect/Proxy$ProxyBuilder$1
instanceKlass jdk/internal/org/objectweb/asm/Edge
instanceKlass  @bci java/lang/reflect/ProxyGenerator addProxyMethod (Ljava/lang/reflect/Method;Ljava/lang/Class;)V 23 <appendix> argL0 ; # java/lang/reflect/ProxyGenerator$$Lambda+0x0000019d5c06bed8
instanceKlass  @bci java/lang/reflect/ProxyGenerator addProxyMethod (Ljava/lang/reflect/ProxyGenerator$ProxyMethod;)V 10 <appendix> argL0 ; # java/lang/reflect/ProxyGenerator$$Lambda+0x0000019d5c06bc98
instanceKlass java/util/StringJoiner
instanceKlass java/lang/reflect/ProxyGenerator$ProxyMethod
instanceKlass  @bci java/lang/reflect/Proxy getLoader (Ljava/lang/Module;)Ljava/lang/ClassLoader; 6 <appendix> member <vmtarget> ; # java/lang/reflect/Proxy$$Lambda+0x0000019d5c06b540
instanceKlass  @bci java/lang/WeakPairMap computeIfAbsent (Ljava/lang/Object;Ljava/lang/Object;Ljava/util/function/BiFunction;)Ljava/lang/Object; 18 <appendix> member <vmtarget> ; # java/lang/WeakPairMap$$Lambda+0x0000019d5c06b0e8
instanceKlass  @bci java/lang/Module implAddExportsOrOpens (Ljava/lang/String;Ljava/lang/Module;ZZ)V 145 <appendix> argL0 ; # java/lang/Module$$Lambda+0x0000019d5c06aeb8
instanceKlass  @bci java/lang/module/ModuleDescriptor$Builder packages (Ljava/util/Set;)Ljava/lang/module/ModuleDescriptor$Builder; 17 <appendix> argL0 ; # java/lang/module/ModuleDescriptor$Builder$$Lambda+0x800000002
instanceKlass java/lang/WeakPairMap$Pair$Lookup
instanceKlass java/lang/WeakPairMap$Pair
instanceKlass java/lang/WeakPairMap
instanceKlass java/lang/Module$ReflectionData
instanceKlass jdk/internal/module/Checks
instanceKlass java/lang/module/ModuleDescriptor$Builder
instanceKlass  @bci java/lang/reflect/Proxy$ProxyBuilder getDynamicModule (Ljava/lang/ClassLoader;)Ljava/lang/Module; 4 <appendix> argL0 ; # java/lang/reflect/Proxy$ProxyBuilder$$Lambda+0x0000019d5c06a560
instanceKlass java/lang/PublicMethods
instanceKlass java/util/Collections$1
instanceKlass java/lang/reflect/Proxy$ProxyBuilder
instanceKlass  @bci java/lang/reflect/Proxy getProxyConstructor (Ljava/lang/Class;Ljava/lang/ClassLoader;[Ljava/lang/Class;)Ljava/lang/reflect/Constructor; 35 <appendix> argL0 ; # java/lang/reflect/Proxy$$Lambda+0x0000019d5c069908
instanceKlass java/lang/ClassValue$Version
instanceKlass java/lang/ClassValue$Identity
instanceKlass java/lang/ClassValue
instanceKlass java/lang/reflect/Proxy
instanceKlass sun/reflect/annotation/AnnotationInvocationHandler
instanceKlass sun/reflect/annotation/AnnotationParser$1
instanceKlass sun/reflect/annotation/ExceptionProxy
instanceKlass java/lang/annotation/Inherited
instanceKlass java/lang/annotation/Retention
instanceKlass sun/reflect/annotation/AnnotationType$1
instanceKlass sun/reflect/annotation/AnnotationType
instanceKlass java/lang/reflect/GenericArrayType
instanceKlass sun/reflect/generics/visitor/Reifier
instanceKlass sun/reflect/generics/visitor/TypeTreeVisitor
instanceKlass sun/reflect/generics/factory/CoreReflectionFactory
instanceKlass sun/reflect/generics/factory/GenericsFactory
instanceKlass sun/reflect/generics/scope/AbstractScope
instanceKlass sun/reflect/generics/scope/Scope
instanceKlass sun/reflect/generics/tree/ClassTypeSignature
instanceKlass sun/reflect/generics/tree/SimpleClassTypeSignature
instanceKlass sun/reflect/generics/tree/FieldTypeSignature
instanceKlass sun/reflect/generics/tree/BaseType
instanceKlass sun/reflect/generics/tree/TypeSignature
instanceKlass sun/reflect/generics/tree/ReturnType
instanceKlass sun/reflect/generics/tree/TypeArgument
instanceKlass sun/reflect/generics/tree/TypeTree
instanceKlass sun/reflect/generics/tree/Tree
instanceKlass sun/reflect/generics/parser/SignatureParser
instanceKlass com/google/inject/internal/Annotations$TestAnnotation
instanceKlass com/google/inject/internal/Annotations$3
instanceKlass com/google/common/base/Joiner$MapJoiner
instanceKlass com/google/common/base/Joiner
instanceKlass java/lang/reflect/InvocationHandler
instanceKlass com/google/inject/internal/Annotations
instanceKlass org/eclipse/sisu/Parameters
instanceKlass org/eclipse/sisu/wire/ParameterKeys
instanceKlass org/eclipse/sisu/wire/TypeConverterCache
instanceKlass org/eclipse/sisu/inject/DefaultRankingFunction
instanceKlass com/google/inject/internal/Scoping
instanceKlass com/google/inject/internal/InternalFactory
instanceKlass java/lang/StackTraceElement$HashedModules
instanceKlass com/google/inject/spi/LinkedKeyBinding
instanceKlass com/google/inject/spi/ConstructorBinding
instanceKlass com/google/inject/spi/InstanceBinding
instanceKlass com/google/inject/spi/ProviderInstanceBinding
instanceKlass com/google/inject/internal/DelayedInitialize
instanceKlass com/google/inject/spi/HasDependencies
instanceKlass com/google/inject/spi/ProviderKeyBinding
instanceKlass com/google/inject/spi/UntargettedBinding
instanceKlass com/google/inject/internal/BindingImpl
instanceKlass com/google/inject/Key$AnnotationStrategy
instanceKlass org/eclipse/sisu/wire/ElementAnalyzer$1
instanceKlass com/google/inject/util/Modules$EmptyModule
instanceKlass com/google/inject/util/Modules$OverriddenModuleBuilder
instanceKlass com/google/inject/util/Modules
instanceKlass com/google/common/collect/ImmutableMap$Builder
instanceKlass com/google/inject/internal/MoreTypes
instanceKlass com/google/inject/multibindings/ProvidesIntoOptional
instanceKlass com/google/inject/multibindings/ProvidesIntoMap
instanceKlass com/google/inject/multibindings/ProvidesIntoSet
instanceKlass com/google/inject/Provides
instanceKlass javax/inject/Singleton
instanceKlass com/google/inject/spi/ElementSource
instanceKlass com/google/inject/spi/ScopeBinding
instanceKlass com/google/inject/Scopes$2
instanceKlass com/google/inject/Scopes$1
instanceKlass com/google/inject/internal/SingletonScope
instanceKlass com/google/inject/Scopes
instanceKlass com/google/inject/Singleton
instanceKlass com/google/inject/spi/Elements$ModuleInfo
instanceKlass com/google/inject/PrivateModule
instanceKlass com/google/inject/internal/util/StackTraceElements$InMemoryStackTraceElement
instanceKlass com/google/inject/internal/util/StackTraceElements
instanceKlass com/google/inject/spi/ModuleSource
instanceKlass com/google/inject/internal/InternalFlags$1
instanceKlass com/google/inject/internal/InternalFlags
instanceKlass com/google/inject/internal/ProviderMethodsModule
instanceKlass com/google/inject/internal/AbstractBindingBuilder
instanceKlass com/google/inject/binder/ConstantBindingBuilder
instanceKlass com/google/common/collect/Sets
instanceKlass com/google/inject/binder/AnnotatedElementBuilder
instanceKlass com/google/inject/spi/Elements$RecordingBinder
instanceKlass com/google/inject/Binding
instanceKlass com/google/inject/spi/DefaultBindingTargetVisitor
instanceKlass com/google/inject/spi/BindingTargetVisitor
instanceKlass com/google/inject/spi/Elements
instanceKlass com/google/inject/internal/InjectorShell$RootModule
instanceKlass java/util/concurrent/atomic/AtomicReferenceArray
instanceKlass java/util/concurrent/Future
instanceKlass java/util/concurrent/ConcurrentLinkedQueue$Node
instanceKlass com/google/common/cache/Weigher
instanceKlass com/google/common/base/Predicate
instanceKlass com/google/common/base/Equivalence
instanceKlass com/google/common/base/MoreObjects
instanceKlass com/google/common/cache/LocalCache$1
instanceKlass com/google/common/cache/ReferenceEntry
instanceKlass com/google/common/cache/CacheLoader
instanceKlass com/google/common/cache/LocalCache$LocalManualCache
instanceKlass com/google/inject/internal/WeakKeySet$1
instanceKlass com/google/common/cache/LocalCache$StrongValueReference
instanceKlass com/google/common/cache/LocalCache$ValueReference
instanceKlass com/google/common/cache/CacheBuilder$2
instanceKlass com/google/common/cache/CacheStats
instanceKlass com/google/common/base/Suppliers$SupplierOfInstance
instanceKlass com/google/common/base/Suppliers
instanceKlass com/google/common/cache/CacheBuilder$1
instanceKlass com/google/common/cache/AbstractCache$StatsCounter
instanceKlass com/google/common/cache/LoadingCache
instanceKlass com/google/common/cache/Cache
instanceKlass com/google/common/base/Ticker
instanceKlass com/google/common/base/Supplier
instanceKlass com/google/common/cache/CacheBuilder
instanceKlass com/google/common/cache/RemovalListener
instanceKlass com/google/inject/internal/WeakKeySet
instanceKlass com/google/inject/internal/State$1
instanceKlass com/google/inject/internal/InheritingState
instanceKlass com/google/inject/internal/ProcessedBindingData
instanceKlass com/google/inject/spi/DefaultElementVisitor
instanceKlass com/google/inject/internal/State
instanceKlass com/google/inject/internal/InjectorShell$Builder
instanceKlass com/google/common/collect/Lists
instanceKlass com/google/common/collect/AbstractMapEntry
instanceKlass com/google/common/collect/LinkedHashMultimap$ValueSetLink
instanceKlass com/google/common/collect/Platform
instanceKlass com/google/common/collect/Multiset
instanceKlass com/google/common/collect/AbstractMultimap
instanceKlass com/google/common/collect/SetMultimap
instanceKlass com/google/common/collect/SortedMapDifference
instanceKlass com/google/common/collect/MapDifference
instanceKlass com/google/common/collect/Maps$EntryTransformer
instanceKlass com/google/common/base/Converter
instanceKlass com/google/common/collect/BiMap
instanceKlass com/google/common/collect/ImmutableMap
instanceKlass com/google/common/base/Function
instanceKlass com/google/common/collect/Maps
instanceKlass com/google/inject/internal/CycleDetectingLock
instanceKlass com/google/common/collect/Multimap
instanceKlass com/google/inject/internal/CycleDetectingLock$CycleDetectingLockFactory
instanceKlass com/google/inject/internal/Initializable
instanceKlass com/google/inject/internal/Initializer
instanceKlass com/google/common/collect/PeekingIterator
instanceKlass com/google/common/collect/UnmodifiableIterator
instanceKlass com/google/common/collect/Iterators
instanceKlass com/google/inject/internal/util/SourceProvider
instanceKlass com/google/common/collect/Hashing
instanceKlass com/google/common/collect/ObjectArrays
instanceKlass com/google/common/primitives/Primitives
instanceKlass com/google/common/base/Preconditions
instanceKlass com/google/common/collect/CollectPreconditions
instanceKlass com/google/common/collect/ImmutableCollection$Builder
instanceKlass com/google/inject/internal/Errors
instanceKlass jdk/internal/logger/DefaultLoggerFinder$1
instanceKlass java/util/logging/Logger$SystemLoggerHelper$1
instanceKlass java/util/logging/Logger$SystemLoggerHelper
instanceKlass java/util/logging/LogManager$4
instanceKlass jdk/internal/logger/BootstrapLogger$BootstrapExecutors
instanceKlass jdk/internal/logger/BootstrapLogger$RedirectedLoggers
instanceKlass java/util/Spliterators$1Adapter
instanceKlass java/util/Spliterators$ArraySpliterator
instanceKlass jdk/internal/logger/BootstrapLogger$DetectBackend$1
instanceKlass jdk/internal/logger/BootstrapLogger$DetectBackend
instanceKlass jdk/internal/logger/BootstrapLogger
instanceKlass sun/util/logging/PlatformLogger$ConfigurableBridge
instanceKlass sun/util/logging/PlatformLogger$Bridge
instanceKlass java/lang/System$Logger
instanceKlass java/util/stream/Streams
instanceKlass java/util/stream/Stream$Builder
instanceKlass java/util/stream/Streams$AbstractStreamBuilderImpl
instanceKlass  @bci java/util/stream/FindOps$FindSink$OfRef <clinit> ()V 43 <appendix> argL0 ; # java/util/stream/FindOps$FindSink$OfRef$$Lambda+0x800000047
instanceKlass  @bci java/util/stream/FindOps$FindSink$OfRef <clinit> ()V 38 <appendix> argL0 ; # java/util/stream/FindOps$FindSink$OfRef$$Lambda+0x800000049
instanceKlass  @bci java/util/stream/FindOps$FindSink$OfRef <clinit> ()V 16 <appendix> argL0 ; # java/util/stream/FindOps$FindSink$OfRef$$Lambda+0x800000048
instanceKlass  @bci java/util/stream/FindOps$FindSink$OfRef <clinit> ()V 11 <appendix> argL0 ; # java/util/stream/FindOps$FindSink$OfRef$$Lambda+0x80000004a
instanceKlass java/util/stream/FindOps$FindOp
instanceKlass java/util/stream/TerminalOp
instanceKlass java/util/stream/FindOps$FindSink
instanceKlass java/util/stream/TerminalSink
instanceKlass java/util/stream/FindOps
instanceKlass  @bci java/util/logging/Level$KnownLevel findByName (Ljava/lang/String;Ljava/util/function/Function;)Ljava/util/Optional; 29 <appendix> argL0 ; # java/util/logging/Level$KnownLevel$$Lambda+0x800000022
instanceKlass java/util/ArrayList$ArrayListSpliterator
instanceKlass  @bci java/util/logging/Level findLevel (Ljava/lang/String;)Ljava/util/logging/Level; 13 <appendix> argL0 ; # java/util/logging/Level$$Lambda+0x800000010
instanceKlass java/util/Hashtable$Enumerator
instanceKlass java/util/logging/LogManager$LoggerContext$1
instanceKlass java/util/logging/LogManager$VisitedLoggers
instanceKlass java/util/function/Predicate
instanceKlass  @bci java/util/logging/LogManager$LoggerContext$1 run ()Ljava/lang/Void; 22 <appendix> form vmentry <vmtarget> ; # java/lang/invoke/LambdaForm$MH+0x0000019d5c034000
instanceKlass java/util/logging/LogManager$2
instanceKlass java/lang/System$LoggerFinder
instanceKlass java/util/logging/LogManager$LoggingProviderAccess
instanceKlass sun/util/logging/internal/LoggingProviderImpl$LogManagerAccess
instanceKlass java/util/Collections$SynchronizedMap
instanceKlass java/util/logging/LogManager$LogNode
instanceKlass java/util/logging/LogManager$LoggerContext
instanceKlass java/util/logging/LogManager$1
instanceKlass java/util/logging/LogManager
instanceKlass java/util/logging/Logger$ConfigurationData
instanceKlass java/util/logging/Logger$LoggerBundle
instanceKlass  @bci java/util/logging/Level$KnownLevel add (Ljava/util/logging/Level;)V 49 <appendix> argL0 ; # java/util/logging/Level$KnownLevel$$Lambda+0x800000021
instanceKlass  @bci java/util/logging/Level$KnownLevel add (Ljava/util/logging/Level;)V 19 <appendix> argL0 ; # java/util/logging/Level$KnownLevel$$Lambda+0x800000020
instanceKlass java/util/logging/Level
instanceKlass java/util/logging/Handler
instanceKlass java/util/logging/Logger
instanceKlass com/google/inject/internal/util/Stopwatch
instanceKlass com/google/inject/Injector
instanceKlass com/google/inject/internal/InternalInjectorCreator
instanceKlass com/google/inject/Guice
instanceKlass org/eclipse/sisu/wire/Wiring
instanceKlass org/eclipse/sisu/wire/WireModule$Strategy$1
instanceKlass org/eclipse/sisu/wire/WireModule$Strategy
instanceKlass org/eclipse/sisu/wire/AbstractTypeConverter
instanceKlass com/google/inject/spi/ElementVisitor
instanceKlass org/eclipse/sisu/wire/WireModule
instanceKlass org/eclipse/sisu/bean/BeanBinder
instanceKlass org/eclipse/sisu/plexus/PlexusBindingModule
instanceKlass org/codehaus/plexus/DefaultPlexusContainer$BootModule
instanceKlass org/codehaus/plexus/component/annotations/Configuration
instanceKlass org/eclipse/sisu/plexus/PlexusAnnotatedMetadata
instanceKlass org/eclipse/sisu/plexus/PlexusBeanMetadata
instanceKlass org/eclipse/sisu/plexus/PlexusAnnotatedBeanModule$PlexusAnnotatedBeanSource
instanceKlass org/eclipse/sisu/space/SpaceModule$Strategy$1
instanceKlass org/eclipse/sisu/space/DefaultClassFinder
instanceKlass org/eclipse/sisu/space/asm/ClassVisitor
instanceKlass org/eclipse/sisu/space/SpaceScanner
instanceKlass org/eclipse/sisu/space/IndexedClassFinder
instanceKlass org/eclipse/sisu/space/ClassFinder
instanceKlass org/eclipse/sisu/space/SpaceModule
instanceKlass org/eclipse/sisu/space/SpaceVisitor
instanceKlass org/eclipse/sisu/plexus/PlexusTypeListener
instanceKlass org/eclipse/sisu/space/QualifiedTypeListener
instanceKlass org/eclipse/sisu/plexus/PlexusAnnotatedBeanModule$1
instanceKlass org/eclipse/sisu/space/SpaceModule$Strategy
instanceKlass org/eclipse/sisu/plexus/PlexusAnnotatedBeanModule
instanceKlass org/eclipse/sisu/plexus/PlexusBeanSource
instanceKlass org/eclipse/sisu/plexus/PlexusXmlBeanModule
instanceKlass org/eclipse/sisu/plexus/PlexusBeanModule
instanceKlass org/eclipse/sisu/space/URLClassSpace
instanceKlass org/codehaus/plexus/DefaultPlexusContainer$SLF4JLoggerFactoryProvider
instanceKlass com/google/inject/util/Providers$ConstantProvider
instanceKlass com/google/inject/util/Providers
instanceKlass org/codehaus/plexus/personality/plexus/lifecycle/phase/Disposable
instanceKlass org/codehaus/plexus/personality/plexus/lifecycle/phase/Startable
instanceKlass org/codehaus/plexus/personality/plexus/lifecycle/phase/Initializable
instanceKlass org/codehaus/plexus/personality/plexus/lifecycle/phase/Contextualizable
instanceKlass org/codehaus/plexus/logging/LogEnabled
instanceKlass org/eclipse/sisu/bean/PropertyBinding
instanceKlass org/eclipse/sisu/bean/LifecycleBuilder
instanceKlass org/eclipse/sisu/bean/BeanScheduler$1
instanceKlass com/google/inject/spi/DefaultBindingScopingVisitor
instanceKlass com/google/inject/spi/BindingScopingVisitor
instanceKlass org/eclipse/sisu/bean/BeanScheduler$CycleActivator
instanceKlass com/google/inject/spi/Dependency
instanceKlass com/google/inject/Key
instanceKlass com/google/inject/binder/AnnotatedBindingBuilder
instanceKlass com/google/inject/binder/LinkedBindingBuilder
instanceKlass com/google/inject/binder/ScopedBindingBuilder
instanceKlass com/google/inject/PrivateBinder
instanceKlass com/google/inject/spi/ModuleAnnotatedMethodScanner
instanceKlass com/google/inject/MembersInjector
instanceKlass com/google/inject/TypeLiteral
instanceKlass com/google/inject/spi/TypeListener
instanceKlass com/google/inject/binder/AnnotatedConstantBindingBuilder
instanceKlass com/google/inject/spi/Message
instanceKlass com/google/inject/spi/Element
instanceKlass com/google/inject/Scope
instanceKlass com/google/inject/spi/ProvisionListener
instanceKlass com/google/inject/Binder
instanceKlass org/eclipse/sisu/bean/BeanScheduler
instanceKlass org/eclipse/sisu/plexus/DefaultPlexusBeanLocator
instanceKlass org/eclipse/sisu/inject/MildKeys
instanceKlass org/eclipse/sisu/plexus/ClassRealmManager
instanceKlass org/codehaus/plexus/context/ContextMapAdapter
instanceKlass org/codehaus/plexus/context/DefaultContext
instanceKlass org/codehaus/plexus/logging/AbstractLogger
instanceKlass org/codehaus/plexus/logging/AbstractLoggerManager
instanceKlass java/util/Date
instanceKlass java/text/DigitList
instanceKlass java/text/FieldPosition
instanceKlass  @bci sun/util/locale/provider/JRELocaleProviderAdapter getDecimalFormatSymbolsProvider ()Ljava/text/spi/DecimalFormatSymbolsProvider; 8 <appendix> member <vmtarget> ; # sun/util/locale/provider/JRELocaleProviderAdapter$$Lambda+0x800000065
instanceKlass java/text/DecimalFormatSymbols
instanceKlass  @bci sun/util/locale/provider/JRELocaleProviderAdapter getNumberFormatProvider ()Ljava/text/spi/NumberFormatProvider; 8 <appendix> member <vmtarget> ; # sun/util/locale/provider/JRELocaleProviderAdapter$$Lambda+0x800000066
instanceKlass  @bci sun/util/locale/provider/JRELocaleProviderAdapter getDateFormatSymbolsProvider ()Ljava/text/spi/DateFormatSymbolsProvider; 8 <appendix> member <vmtarget> ; # sun/util/locale/provider/JRELocaleProviderAdapter$$Lambda+0x800000064
instanceKlass java/text/DateFormatSymbols
instanceKlass sun/util/calendar/CalendarUtils
instanceKlass sun/util/calendar/CalendarDate
instanceKlass sun/util/resources/Bundles$CacheKeyReference
instanceKlass  @bci java/util/ResourceBundle$ResourceBundleProviderHelper newResourceBundle (Ljava/lang/Class;)Ljava/util/ResourceBundle; 22 <appendix> member <vmtarget> ; # java/util/ResourceBundle$ResourceBundleProviderHelper$$Lambda+0x80000000f
instanceKlass java/util/ResourceBundle$ResourceBundleProviderHelper
instanceKlass  @bci sun/util/cldr/CLDRLocaleProviderAdapter applyAliases (Ljava/util/Locale;)Ljava/util/Locale; 4 <appendix> argL0 ; # sun/util/cldr/CLDRLocaleProviderAdapter$$Lambda+0x80000005e
instanceKlass sun/util/resources/Bundles$CacheKey
instanceKlass java/util/ResourceBundle$1
instanceKlass jdk/internal/access/JavaUtilResourceBundleAccess
instanceKlass sun/util/resources/Bundles
instanceKlass sun/util/resources/LocaleData$LocaleDataStrategy
instanceKlass sun/util/resources/Bundles$Strategy
instanceKlass sun/util/resources/LocaleData$1
instanceKlass sun/util/resources/LocaleData
instanceKlass sun/util/locale/provider/LocaleResources
instanceKlass java/util/stream/Sink$ChainedReference
instanceKlass java/util/stream/Node$Builder
instanceKlass java/util/stream/Sink
instanceKlass java/util/function/Consumer
instanceKlass java/util/stream/Nodes$ArrayNode
instanceKlass java/util/stream/Node$OfDouble
instanceKlass java/util/stream/Node$OfLong
instanceKlass java/util/stream/Node$OfInt
instanceKlass java/util/stream/Node$OfPrimitive
instanceKlass java/util/stream/Nodes$EmptyNode
instanceKlass java/util/stream/Node
instanceKlass java/util/stream/Nodes
instanceKlass  @bci sun/util/locale/provider/LocaleProviderAdapter toLocaleArray (Ljava/util/Set;)[Ljava/util/Locale; 16 <appendix> argL0 ; # sun/util/locale/provider/LocaleProviderAdapter$$Lambda+0x800000068
instanceKlass java/util/function/IntFunction
instanceKlass  @bci sun/util/locale/provider/LocaleProviderAdapter toLocaleArray (Ljava/util/Set;)[Ljava/util/Locale; 6 <appendix> argL0 ; # sun/util/locale/provider/LocaleProviderAdapter$$Lambda+0x800000067
# instanceKlass java/lang/invoke/LambdaForm$MH+0x0000019d5c028800
instanceKlass sun/reflect/annotation/AnnotationParser
instanceKlass java/lang/Class$3
instanceKlass java/util/EnumMap$1
instanceKlass java/util/stream/StreamOpFlag$MaskBuilder
instanceKlass java/util/stream/Stream
instanceKlass java/util/stream/BaseStream
instanceKlass java/util/stream/PipelineHelper
instanceKlass java/util/stream/StreamSupport
instanceKlass java/util/Spliterators$IteratorSpliterator
instanceKlass java/util/Spliterator$OfDouble
instanceKlass java/util/Spliterator$OfLong
instanceKlass java/util/Spliterator$OfInt
instanceKlass java/util/Spliterator$OfPrimitive
instanceKlass java/util/Spliterator
instanceKlass java/util/Spliterators$EmptySpliterator
instanceKlass java/util/Spliterators
instanceKlass  @bci sun/util/cldr/CLDRLocaleProviderAdapter getCalendarDataProvider ()Ljava/util/spi/CalendarDataProvider; 8 <appendix> member <vmtarget> ; # sun/util/cldr/CLDRLocaleProviderAdapter$$Lambda+0x800000061
instanceKlass java/util/ResourceBundle
instanceKlass java/util/ResourceBundle$Control
instanceKlass sun/util/locale/provider/CalendarDataUtility$CalendarWeekParameterGetter
instanceKlass sun/util/locale/provider/LocaleServiceProviderPool$LocalizedObjectGetter
instanceKlass sun/util/locale/provider/LocaleServiceProviderPool
instanceKlass java/util/Locale$Builder
instanceKlass sun/util/locale/provider/CalendarDataUtility
instanceKlass sun/util/calendar/CalendarSystem$GregorianHolder
instanceKlass sun/util/calendar/CalendarSystem
instanceKlass java/util/Calendar$Builder
instanceKlass sun/util/locale/provider/AvailableLanguageTags
instanceKlass  @bci sun/util/locale/provider/JRELocaleProviderAdapter getCalendarProvider ()Lsun/util/spi/CalendarProvider; 8 <appendix> member <vmtarget> ; # sun/util/locale/provider/JRELocaleProviderAdapter$$Lambda+0x800000062
instanceKlass java/util/ServiceLoader$ProviderImpl
instanceKlass java/util/ServiceLoader$Provider
instanceKlass java/util/ServiceLoader$1
instanceKlass sun/util/resources/cldr/provider/CLDRLocaleDataMetaInfo
instanceKlass jdk/internal/module/ModulePatcher$PatchedModuleReader
instanceKlass java/util/ServiceLoader$3
instanceKlass java/util/ServiceLoader$2
instanceKlass java/util/ServiceLoader$LazyClassPathLookupIterator
instanceKlass java/util/concurrent/CopyOnWriteArrayList$COWIterator
instanceKlass java/util/ServiceLoader$ModuleServicesLookupIterator
instanceKlass java/util/ServiceLoader
instanceKlass  @bci sun/util/cldr/CLDRLocaleProviderAdapter <init> ()V 4 <appendix> argL0 ; # sun/util/cldr/CLDRLocaleProviderAdapter$$Lambda+0x800000060
instanceKlass sun/util/locale/InternalLocaleBuilder$CaseInsensitiveChar
instanceKlass sun/util/locale/InternalLocaleBuilder
instanceKlass sun/util/locale/StringTokenIterator
instanceKlass sun/util/locale/ParseStatus
instanceKlass sun/util/locale/LanguageTag
instanceKlass sun/util/cldr/CLDRBaseLocaleDataMetaInfo
instanceKlass sun/util/locale/provider/LocaleDataMetaInfo
instanceKlass sun/util/locale/provider/ResourceBundleBasedAdapter
instanceKlass sun/util/locale/provider/LocaleProviderAdapter
instanceKlass java/util/spi/LocaleServiceProvider
instanceKlass sun/util/calendar/ZoneInfoFile$ZoneOffsetTransitionRule
instanceKlass jdk/internal/util/ByteArray
instanceKlass sun/util/calendar/ZoneInfoFile$1
instanceKlass sun/util/calendar/ZoneInfoFile
instanceKlass java/util/TimeZone
instanceKlass java/util/Calendar
instanceKlass java/text/AttributedCharacterIterator$Attribute
instanceKlass com/google/inject/matcher/AbstractMatcher
instanceKlass com/google/inject/matcher/Matcher
instanceKlass com/google/inject/spi/TypeConverter
instanceKlass org/codehaus/plexus/DefaultPlexusContainer$LoggerProvider
instanceKlass org/codehaus/plexus/DefaultPlexusContainer$DefaultsModule
instanceKlass org/codehaus/plexus/DefaultPlexusContainer$ContainerModule
instanceKlass org/eclipse/sisu/inject/ImplicitBindings
instanceKlass org/eclipse/sisu/inject/MildValues$InverseMapping
instanceKlass org/eclipse/sisu/inject/MildValues
instanceKlass org/eclipse/sisu/inject/Weak
instanceKlass java/util/concurrent/atomic/AtomicReference
instanceKlass org/eclipse/sisu/inject/RankingFunction
instanceKlass org/eclipse/sisu/inject/BindingPublisher
instanceKlass org/eclipse/sisu/inject/BindingSubscriber
instanceKlass org/eclipse/sisu/inject/DefaultBeanLocator
instanceKlass org/eclipse/sisu/inject/DeferredClass
instanceKlass org/codehaus/plexus/DefaultPlexusContainer$LoggerManagerProvider
instanceKlass org/eclipse/sisu/inject/DeferredProvider
instanceKlass com/google/inject/Provider
instanceKlass com/google/inject/AbstractModule
instanceKlass javax/inject/Provider
instanceKlass org/eclipse/sisu/bean/BeanManager
instanceKlass org/eclipse/sisu/plexus/PlexusBeanLocator
instanceKlass org/codehaus/plexus/classworlds/ClassWorldListener
instanceKlass org/eclipse/sisu/inject/MutableBeanLocator
instanceKlass org/eclipse/sisu/inject/BeanLocator
instanceKlass com/google/inject/Module
instanceKlass org/codehaus/plexus/context/Context
instanceKlass org/eclipse/sisu/space/ClassSpace
instanceKlass org/codehaus/plexus/DefaultPlexusContainer
instanceKlass org/codehaus/plexus/MutablePlexusContainer
instanceKlass org/apache/maven/extension/internal/CoreExports
instanceKlass java/util/Collections$UnmodifiableCollection$1
instanceKlass org/codehaus/plexus/DefaultContainerConfiguration
instanceKlass org/codehaus/plexus/ContainerConfiguration
instanceKlass org/codehaus/plexus/util/xml/XMLWriter
instanceKlass org/codehaus/plexus/util/xml/Xpp3Dom
instanceKlass org/codehaus/plexus/util/xml/pull/MXParser
instanceKlass org/codehaus/plexus/util/xml/pull/XmlPullParser
instanceKlass org/codehaus/plexus/util/xml/Xpp3DomBuilder
instanceKlass java/util/regex/ASCII
instanceKlass  @bci java/util/regex/CharPredicates ASCII_SPACE ()Ljava/util/regex/Pattern$BmpCharPredicate; 0 <appendix> argL0 ; # java/util/regex/CharPredicates$$Lambda+0x800000025
instanceKlass  @bci java/util/regex/Pattern union (Ljava/util/regex/Pattern$CharPredicate;Ljava/util/regex/Pattern$CharPredicate;Z)Ljava/util/regex/Pattern$CharPredicate; 14 <appendix> member <vmtarget> ; # java/util/regex/Pattern$$Lambda+0x0000019d5c05e6d8
instanceKlass org/codehaus/plexus/util/ReaderFactory
instanceKlass org/apache/maven/project/ExtensionDescriptor
instanceKlass org/apache/maven/project/ExtensionDescriptorBuilder
instanceKlass org/apache/maven/extension/internal/CoreExtensionEntry
instanceKlass org/codehaus/plexus/util/StringUtils
instanceKlass org/codehaus/plexus/logging/Logger
instanceKlass org/apache/maven/cli/logging/Slf4jLoggerManager
instanceKlass org/slf4j/impl/MavenSlf4jSimpleFriend
instanceKlass org/slf4j/MavenSlf4jFriend
instanceKlass org/apache/maven/cli/logging/BaseSlf4jConfiguration
instanceKlass org/codehaus/plexus/util/IOUtil
instanceKlass org/codehaus/plexus/util/PropertyUtils
instanceKlass org/apache/maven/cli/logging/Slf4jConfiguration
instanceKlass org/apache/maven/cli/logging/Slf4jConfigurationFactory
instanceKlass org/slf4j/impl/OutputChoice
instanceKlass org/slf4j/impl/SimpleLoggerConfiguration$1
instanceKlass java/text/Format
instanceKlass org/slf4j/impl/SimpleLoggerConfiguration
instanceKlass org/slf4j/helpers/NamedLoggerBase
instanceKlass org/slf4j/impl/SimpleLoggerFactory
instanceKlass org/slf4j/impl/StaticLoggerBinder
instanceKlass org/slf4j/spi/LoggerFactoryBinder
instanceKlass java/util/Collections$3
instanceKlass java/net/URLClassLoader$3$1
instanceKlass java/net/URLClassLoader$3
instanceKlass jdk/internal/loader/URLClassPath$1
instanceKlass java/lang/CompoundEnumeration
instanceKlass jdk/internal/loader/BuiltinClassLoader$1
instanceKlass java/util/Collections$EmptyEnumeration
instanceKlass org/slf4j/helpers/Util
instanceKlass org/slf4j/helpers/NOPLoggerFactory
instanceKlass java/util/concurrent/LinkedBlockingQueue$Node
instanceKlass java/util/concurrent/BlockingQueue
instanceKlass org/slf4j/helpers/SubstituteLoggerFactory
instanceKlass org/slf4j/ILoggerFactory
instanceKlass org/slf4j/event/LoggingEvent
instanceKlass org/slf4j/LoggerFactory
instanceKlass org/apache/commons/lang3/StringUtils
instanceKlass org/apache/maven/cli/CLIReportingUtils
instanceKlass org/apache/maven/properties/internal/SystemProperties
instanceKlass java/util/Collections$SynchronizedCollection
instanceKlass java/util/Properties$EntrySet
instanceKlass java/util/Collections$UnmodifiableMap$UnmodifiableEntrySet$UnmodifiableEntry
instanceKlass java/util/Collections$UnmodifiableMap$UnmodifiableEntrySet$1
instanceKlass org/codehaus/plexus/util/Os
instanceKlass org/apache/maven/properties/internal/EnvironmentUtils
instanceKlass java/util/LinkedList$Node
instanceKlass java/util/AbstractList$Itr
instanceKlass org/apache/commons/cli/Util
instanceKlass org/apache/commons/cli/CommandLine
instanceKlass java/util/Collections$UnmodifiableCollection
instanceKlass org/apache/commons/cli/Parser
instanceKlass org/apache/maven/cli/CleanArgument
instanceKlass org/apache/commons/cli/OptionValidator
instanceKlass org/apache/commons/cli/Option$Builder
instanceKlass org/apache/commons/cli/Option
instanceKlass org/apache/commons/cli/Options
instanceKlass org/apache/commons/cli/CommandLineParser
instanceKlass org/apache/maven/cli/CLIManager
instanceKlass org/apache/maven/cli/logging/Slf4jStdoutLogger
instanceKlass org/eclipse/aether/DefaultRepositoryCache
instanceKlass org/eclipse/aether/RepositoryCache
instanceKlass org/apache/maven/project/ProjectBuildingRequest
instanceKlass org/apache/maven/execution/DefaultMavenExecutionRequest
instanceKlass org/apache/maven/execution/MavenExecutionRequest
instanceKlass java/lang/ApplicationShutdownHooks$1
instanceKlass java/lang/ApplicationShutdownHooks
instanceKlass java/lang/Thread$ThreadNumbering
instanceKlass org/fusesource/jansi/io/AnsiOutputStream$ZeroWidthSupplier
instanceKlass jdk/internal/loader/NativeLibraries$Unloader
instanceKlass java/lang/Shutdown$Lock
instanceKlass java/lang/Shutdown
instanceKlass java/io/DeleteOnExitHook$1
instanceKlass java/io/DeleteOnExitHook
instanceKlass java/io/FileOutputStream$1
instanceKlass java/util/Random
instanceKlass java/util/random/RandomGenerator
instanceKlass org/fusesource/jansi/internal/OSInfo
instanceKlass java/net/URLClassLoader$2
instanceKlass org/fusesource/jansi/internal/JansiLoader$1
instanceKlass org/fusesource/jansi/internal/JansiLoader
instanceKlass org/fusesource/jansi/internal/CLibrary
instanceKlass org/fusesource/jansi/io/AnsiProcessor
instanceKlass org/fusesource/jansi/io/AnsiOutputStream$IoRunnable
instanceKlass org/fusesource/jansi/io/AnsiOutputStream$WidthSupplier
instanceKlass org/fusesource/jansi/AnsiConsole
instanceKlass org/fusesource/jansi/Ansi$1
instanceKlass java/util/concurrent/Callable
instanceKlass org/fusesource/jansi/Ansi
instanceKlass org/apache/maven/shared/utils/logging/MessageBuilder
instanceKlass org/apache/maven/shared/utils/logging/MessageUtils
instanceKlass  @bci jdk/internal/reflect/DirectConstructorHandleAccessor invokeImpl ([Ljava/lang/Object;)Ljava/lang/Object; 88 <adapter> ; # java/lang/invoke/LambdaForm$MH+0x0000019d5c00f400
# instanceKlass java/lang/invoke/LambdaForm$MH+0x0000019d5c00f000
# instanceKlass java/lang/invoke/LambdaForm$MH+0x0000019d5c00ec00
# instanceKlass java/lang/invoke/LambdaForm$MH+0x0000019d5c00e800
instanceKlass sun/invoke/util/ValueConversions$WrapperCache
# instanceKlass java/lang/invoke/LambdaForm$MH+0x0000019d5c00e400
instanceKlass  @cpi com/sun/tools/javac/comp/Modules 1540 form vmentry <vmtarget> ; # java/lang/invoke/LambdaForm$DMH+0x0000019d5c00e000
instanceKlass sun/invoke/util/VerifyAccess$1
instanceKlass  @bci java/util/regex/Pattern negate (Ljava/util/regex/Pattern$CharPredicate;)Ljava/util/regex/Pattern$CharPredicate; 1 <appendix> member <vmtarget> ; # java/util/regex/Pattern$$Lambda+0x800000030
instanceKlass org/apache/maven/cli/CliRequest
instanceKlass org/apache/maven/eventspy/EventSpy$Context
instanceKlass org/codehaus/plexus/PlexusContainer
instanceKlass org/apache/maven/exception/ExceptionHandler
instanceKlass org/apache/maven/execution/ExecutionListener
instanceKlass org/eclipse/aether/transfer/TransferListener
instanceKlass org/apache/maven/toolchain/building/ToolchainsBuildingRequest
instanceKlass org/apache/maven/building/Source
instanceKlass org/codehaus/plexus/logging/LoggerManager
instanceKlass org/slf4j/Logger
instanceKlass org/apache/maven/cli/MavenCli
instanceKlass java/util/TreeMap$PrivateEntryIterator
instanceKlass java/util/TimSort
instanceKlass java/util/Arrays$LegacyMergeSort
instanceKlass org/codehaus/plexus/classworlds/launcher/Configurator$1
instanceKlass org/codehaus/plexus/classworlds/launcher/ConfigurationParser$1
instanceKlass org/codehaus/plexus/classworlds/strategy/AbstractStrategy
instanceKlass org/codehaus/plexus/classworlds/strategy/Strategy
instanceKlass org/codehaus/plexus/classworlds/strategy/StrategyFactory
instanceKlass java/util/NavigableSet
instanceKlass java/util/SortedSet
instanceKlass java/nio/charset/CoderResult
instanceKlass java/io/FilenameFilter
instanceKlass org/codehaus/plexus/classworlds/launcher/ConfigurationParser
instanceKlass org/codehaus/plexus/classworlds/launcher/Configurator
instanceKlass org/codehaus/plexus/classworlds/launcher/ConfigurationHandler
# instanceKlass java/lang/invoke/LambdaForm$MH+0x0000019d5c009400
# instanceKlass java/lang/invoke/LambdaForm$MH+0x0000019d5c009000
# instanceKlass java/lang/invoke/LambdaForm$MH+0x0000019d5c008c00
# instanceKlass java/lang/invoke/LambdaForm$MH+0x0000019d5c008800
instanceKlass  @cpi com/sun/tools/javac/code/Symtab 1394 form vmentry <vmtarget> ; # java/lang/invoke/LambdaForm$DMH+0x0000019d5c008400
instanceKlass  @cpi com/sun/tools/javac/code/DeferredCompletionFailureHandler$1 96 form vmentry <vmtarget> ; # java/lang/invoke/LambdaForm$DMH+0x0000019d5c008000
instanceKlass org/codehaus/plexus/classworlds/ClassWorld
instanceKlass org/codehaus/plexus/classworlds/launcher/Launcher
instanceKlass  @bci java/io/FilePermissionCollection add (Ljava/security/Permission;)V 68 <appendix> argL0 ; # java/io/FilePermissionCollection$$Lambda+0x0000019d5c055210
instanceKlass sun/security/util/FilePermCompat
instanceKlass java/io/FilePermission$1
instanceKlass jdk/internal/access/JavaIOFilePermissionAccess
instanceKlass java/net/URLClassLoader$1
instanceKlass org/apache/maven/wrapper/PathAssembler$LocalDistribution
instanceKlass java/util/Formatter$Flags
instanceKlass java/util/Formattable
instanceKlass java/util/Formatter$FixedString
instanceKlass java/util/Formatter$FormatSpecifier
instanceKlass java/util/Formatter$FormatString
instanceKlass java/util/Formatter$Conversion
instanceKlass  @bci java/util/regex/Pattern union (Ljava/util/regex/Pattern$CharPredicate;Ljava/util/regex/Pattern$CharPredicate;Z)Ljava/util/regex/Pattern$CharPredicate; 6 <appendix> member <vmtarget> ; # java/util/regex/Pattern$$Lambda+0x800000031
instanceKlass  @bci java/util/regex/Pattern Range (II)Ljava/util/regex/Pattern$CharPredicate; 23 <appendix> member <vmtarget> ; # java/util/regex/Pattern$$Lambda+0x800000029
instanceKlass java/util/regex/Pattern$BitClass
instanceKlass  @bci java/util/regex/CharPredicates ASCII_DIGIT ()Ljava/util/regex/Pattern$BmpCharPredicate; 0 <appendix> argL0 ; # java/util/regex/CharPredicates$$Lambda+0x800000024
instanceKlass java/util/regex/CharPredicates
instanceKlass java/util/Formatter
instanceKlass java/math/MutableBigInteger
instanceKlass sun/security/provider/ByteArrayAccess
instanceKlass java/lang/invoke/VarHandle$AccessDescriptor
instanceKlass java/lang/invoke/VarForm
instanceKlass java/lang/invoke/VarHandleGuards
instanceKlass java/lang/invoke/VarHandles
instanceKlass sun/security/provider/ByteArrayAccess$LE
instanceKlass sun/security/util/MessageDigestSpi2
instanceKlass sun/security/jca/GetInstance$Instance
instanceKlass jdk/internal/reflect/MethodHandleAccessorFactory$LazyStaticHolder
instanceKlass jdk/internal/event/Event
instanceKlass java/util/Collections$EmptyIterator
instanceKlass java/util/LinkedHashMap$LinkedHashIterator
instanceKlass sun/security/util/SecurityProviderConstants
instanceKlass java/security/Provider$UString
instanceKlass java/security/Provider$Service
instanceKlass sun/security/provider/NativePRNG$NonBlocking
instanceKlass sun/security/provider/NativePRNG$Blocking
instanceKlass sun/security/provider/NativePRNG
instanceKlass sun/security/provider/SunEntries$1
instanceKlass sun/security/provider/SunEntries
instanceKlass sun/security/util/SecurityConstants
instanceKlass sun/security/jca/ProviderList$2
instanceKlass java/util/SequencedSet
instanceKlass jdk/internal/math/FloatingDecimal$ASCIIToBinaryBuffer
instanceKlass jdk/internal/math/FloatingDecimal$PreparedASCIIToBinaryBuffer
instanceKlass jdk/internal/math/FloatingDecimal$ASCIIToBinaryConverter
instanceKlass jdk/internal/math/FloatingDecimal$BinaryToASCIIBuffer
instanceKlass jdk/internal/math/FloatingDecimal$ExceptionalBinaryToASCIIBuffer
instanceKlass jdk/internal/math/FloatingDecimal$BinaryToASCIIConverter
instanceKlass jdk/internal/math/FloatingDecimal
instanceKlass javax/security/auth/login/Configuration$Parameters
instanceKlass java/security/Policy$Parameters
instanceKlass java/security/cert/CertStoreParameters
instanceKlass java/security/SecureRandomParameters
instanceKlass java/security/Provider$EngineDescription
instanceKlass java/security/Provider$ServiceKey
instanceKlass sun/security/jca/ProviderConfig
instanceKlass sun/security/jca/ProviderList
instanceKlass sun/security/jca/Providers
instanceKlass sun/security/jca/GetInstance
instanceKlass java/security/Security$1
instanceKlass jdk/internal/access/JavaSecurityPropertiesAccess
instanceKlass java/util/concurrent/ConcurrentHashMap$MapEntry
instanceKlass  @bci java/security/Security <clinit> ()V 9 <appendix> argL0 ; # java/security/Security$$Lambda+0x80000000b
instanceKlass java/security/Security
instanceKlass sun/security/util/SecurityProperties
instanceKlass sun/security/util/CryptoAlgorithmConstraints$CryptoHolder
instanceKlass sun/security/util/AbstractAlgorithmConstraints
instanceKlass java/security/AlgorithmConstraints
instanceKlass java/security/MessageDigestSpi
instanceKlass org/apache/maven/wrapper/BootstrapMainStarter
instanceKlass org/apache/maven/wrapper/PathAssembler
instanceKlass java/net/Authenticator
instanceKlass org/apache/maven/wrapper/DefaultDownloader
instanceKlass java/io/Reader
instanceKlass java/lang/Readable
instanceKlass org/apache/maven/wrapper/Installer
instanceKlass java/io/FileInputStream$1
instanceKlass org/apache/maven/wrapper/WrapperConfiguration
instanceKlass org/apache/maven/wrapper/WrapperExecutor
instanceKlass org/apache/maven/wrapper/SystemPropertiesHandler
instanceKlass java/util/regex/Pattern$TreeInfo
instanceKlass  @bci com/sun/tools/javac/processing/JavacProcessingEnvironment$Round <init> (Lcom/sun/tools/javac/processing/JavacProcessingEnvironment;ILjava/util/Set;Lcom/sun/tools/javac/util/Log$DeferredDiagnosticHandler;)V 10 <appendix> form vmentry <vmtarget> ; # java/lang/invoke/LambdaForm$MH+0x0000019d5c004000
instanceKlass jdk/internal/org/objectweb/asm/FieldVisitor
instanceKlass java/lang/invoke/InvokerBytecodeGenerator$ClassData
instanceKlass jdk/internal/org/objectweb/asm/Frame
instanceKlass java/lang/invoke/LambdaFormBuffer
instanceKlass java/lang/invoke/LambdaFormEditor$TransformKey
instanceKlass java/lang/invoke/LambdaFormEditor
instanceKlass java/lang/invoke/DelegatingMethodHandle$Holder
instanceKlass java/lang/invoke/DirectMethodHandle$2
instanceKlass java/lang/invoke/ClassSpecializer$Factory
instanceKlass java/lang/invoke/ClassSpecializer$SpeciesData
instanceKlass java/lang/invoke/ClassSpecializer$1
instanceKlass java/lang/invoke/ClassSpecializer
instanceKlass  @bci java/util/regex/Pattern DOT ()Ljava/util/regex/Pattern$CharPredicate; 0 <appendix> argL0 ; # java/util/regex/Pattern$$Lambda+0x0000019d5c046cc0
instanceKlass java/lang/invoke/MethodHandles$Lookup$ClassDefiner
instanceKlass java/lang/invoke/MethodHandles$Lookup$ClassFile
instanceKlass jdk/internal/org/objectweb/asm/AnnotationVisitor
instanceKlass jdk/internal/org/objectweb/asm/Attribute
instanceKlass jdk/internal/org/objectweb/asm/Handler
instanceKlass jdk/internal/org/objectweb/asm/Label
instanceKlass jdk/internal/org/objectweb/asm/MethodVisitor
instanceKlass sun/invoke/empty/Empty
instanceKlass sun/invoke/util/VerifyType
instanceKlass  @bci java/util/regex/Pattern Single (I)Ljava/util/regex/Pattern$BmpCharPredicate; 1 <appendix> member <vmtarget> ; # java/util/regex/Pattern$$Lambda+0x800000028
instanceKlass java/lang/invoke/LambdaProxyClassArchive
instanceKlass jdk/internal/org/objectweb/asm/ByteVector
instanceKlass jdk/internal/org/objectweb/asm/Symbol
instanceKlass jdk/internal/org/objectweb/asm/SymbolTable
instanceKlass jdk/internal/org/objectweb/asm/ClassVisitor
instanceKlass java/lang/invoke/InfoFromMemberName
instanceKlass java/lang/invoke/MethodHandleInfo
instanceKlass jdk/internal/org/objectweb/asm/ConstantDynamic
instanceKlass sun/invoke/util/BytecodeDescriptor
instanceKlass jdk/internal/org/objectweb/asm/Handle
instanceKlass sun/security/action/GetBooleanAction
instanceKlass jdk/internal/org/objectweb/asm/Type
instanceKlass java/lang/invoke/AbstractValidatingLambdaMetafactory
instanceKlass java/lang/invoke/MethodHandleImpl$1
instanceKlass jdk/internal/access/JavaLangInvokeAccess
instanceKlass java/lang/invoke/Invokers$Holder
instanceKlass java/lang/invoke/BootstrapMethodInvoker
instanceKlass java/util/regex/Pattern$BmpCharPredicate
instanceKlass java/util/regex/Pattern$CharPredicate
instanceKlass java/lang/invoke/InvokerBytecodeGenerator$1
instanceKlass java/lang/invoke/InvokerBytecodeGenerator
instanceKlass java/lang/invoke/LambdaForm$Holder
instanceKlass java/lang/invoke/LambdaForm$Name
instanceKlass java/lang/invoke/Invokers
instanceKlass java/lang/invoke/MethodHandleImpl
instanceKlass sun/invoke/util/ValueConversions
instanceKlass java/lang/invoke/DirectMethodHandle$Holder
instanceKlass java/lang/invoke/LambdaForm$NamedFunction
instanceKlass sun/invoke/util/Wrapper$Format
instanceKlass java/lang/invoke/MethodTypeForm
instanceKlass jdk/internal/util/StrongReferenceKey
instanceKlass jdk/internal/util/ReferenceKey
instanceKlass jdk/internal/util/ReferencedKeyMap
instanceKlass java/lang/invoke/MethodType$1
instanceKlass java/lang/invoke/LambdaMetafactory
instanceKlass org/apache/maven/wrapper/cli/CommandLineParser$OptionParserState
instanceKlass org/apache/maven/wrapper/cli/ParsedCommandLineOption
instanceKlass org/apache/maven/wrapper/cli/ParsedCommandLine
instanceKlass java/util/Arrays$ArrayItr
instanceKlass org/apache/maven/wrapper/cli/CommandLineOption
instanceKlass java/io/PrintWriter$1
instanceKlass jdk/internal/access/JavaIOPrintWriterAccess
instanceKlass org/apache/maven/wrapper/cli/CommandLineParser$ParserState
instanceKlass org/apache/maven/wrapper/cli/CommandLineParser
instanceKlass org/apache/maven/wrapper/cli/AbstractCommandLineConverter
instanceKlass org/apache/maven/wrapper/cli/CommandLineConverter
instanceKlass java/util/TreeMap$Entry
instanceKlass java/lang/ProcessEnvironment$CheckedEntry
instanceKlass java/lang/ProcessEnvironment$CheckedEntrySet$1
instanceKlass java/util/NavigableMap
instanceKlass java/util/SortedMap
instanceKlass java/lang/ProcessEnvironment$EntryComparator
instanceKlass java/lang/ProcessEnvironment$NameComparator
instanceKlass org/apache/maven/wrapper/Logger
instanceKlass java/util/Properties$LineReader
instanceKlass sun/net/www/MessageHeader
instanceKlass sun/net/www/protocol/jar/JarFileFactory
instanceKlass sun/net/www/protocol/jar/URLJarFile$URLJarFileCloseController
instanceKlass java/net/URLConnection
instanceKlass jdk/internal/jimage/ImageLocation
instanceKlass jdk/internal/jimage/decompressor/Decompressor
instanceKlass jdk/internal/jimage/ImageStringsReader
instanceKlass jdk/internal/jimage/ImageStrings
instanceKlass jdk/internal/jimage/ImageHeader
instanceKlass jdk/internal/jimage/NativeImageBuffer$1
instanceKlass jdk/internal/jimage/NativeImageBuffer
instanceKlass jdk/internal/jimage/BasicImageReader$1
instanceKlass jdk/internal/jimage/BasicImageReader
instanceKlass jdk/internal/jimage/ImageReader
instanceKlass jdk/internal/jimage/ImageReaderFactory$1
instanceKlass java/nio/file/FileSystems$DefaultFileSystemHolder$1
instanceKlass java/nio/file/FileSystems$DefaultFileSystemHolder
instanceKlass java/nio/file/FileSystems
instanceKlass java/nio/file/Paths
instanceKlass jdk/internal/jimage/ImageReaderFactory
instanceKlass jdk/internal/module/SystemModuleFinders$SystemImage
instanceKlass jdk/internal/module/SystemModuleFinders$SystemModuleReader
instanceKlass java/lang/module/ModuleReader
instanceKlass jdk/internal/loader/BuiltinClassLoader$5
instanceKlass jdk/internal/loader/BuiltinClassLoader$2
instanceKlass jdk/internal/module/Resources
instanceKlass java/util/regex/IntHashSet
instanceKlass java/util/regex/Matcher
instanceKlass java/util/regex/MatchResult
instanceKlass java/util/ArrayList$Itr
instanceKlass java/util/regex/Pattern$Node
instanceKlass java/util/regex/Pattern
instanceKlass java/net/URI$Parser
instanceKlass java/lang/Void
instanceKlass java/lang/PublicMethods$Key
instanceKlass java/lang/PublicMethods$MethodList
instanceKlass org/apache/maven/wrapper/Downloader
instanceKlass jdk/internal/misc/PreviewFeatures
instanceKlass jdk/internal/misc/MainMethodFinder
instanceKlass org/apache/maven/wrapper/MavenWrapperMain
instanceKlass java/security/SecureClassLoader$DebugHolder
instanceKlass java/security/Permission
instanceKlass java/security/Guard
instanceKlass java/security/PermissionCollection
instanceKlass java/security/SecureClassLoader$1
instanceKlass java/util/zip/Checksum$1
instanceKlass java/util/zip/CRC32
instanceKlass java/util/zip/Checksum
instanceKlass sun/nio/ByteBuffered
instanceKlass java/lang/Package$VersionInfo
instanceKlass java/lang/NamedPackage
instanceKlass java/lang/reflect/Array
instanceKlass java/util/jar/Attributes$Name
instanceKlass java/util/SequencedMap
instanceKlass java/util/jar/Attributes
instanceKlass jdk/internal/loader/Resource
instanceKlass sun/security/action/GetIntegerAction
instanceKlass sun/security/util/Debug
instanceKlass sun/security/util/SignatureFileVerifier
instanceKlass java/util/zip/ZipFile$InflaterCleanupAction
instanceKlass java/util/zip/Inflater$InflaterZStreamRef
instanceKlass java/util/zip/Inflater
instanceKlass java/util/zip/ZipEntry
instanceKlass java/util/zip/ZipFile$2
instanceKlass java/nio/Bits$1
instanceKlass jdk/internal/misc/VM$BufferPool
instanceKlass java/nio/Bits
instanceKlass sun/nio/ch/DirectBuffer
instanceKlass jdk/internal/perf/PerfCounter$CoreCounters
instanceKlass jdk/internal/perf/Perf
instanceKlass jdk/internal/perf/Perf$GetPerfAction
instanceKlass jdk/internal/perf/PerfCounter
instanceKlass sun/util/locale/LocaleObjectCache
instanceKlass sun/util/locale/BaseLocale$Key
instanceKlass sun/util/locale/LocaleUtils
instanceKlass sun/util/locale/BaseLocale
instanceKlass java/util/Locale
instanceKlass java/nio/file/attribute/FileTime
instanceKlass java/util/zip/ZipUtils
instanceKlass java/util/zip/ZipFile$Source$End
instanceKlass java/io/RandomAccessFile$2
instanceKlass jdk/internal/access/JavaIORandomAccessFileAccess
instanceKlass java/io/RandomAccessFile
instanceKlass java/io/DataInput
instanceKlass java/io/DataOutput
instanceKlass sun/nio/fs/WindowsNativeDispatcher$CompletionStatus
instanceKlass sun/nio/fs/WindowsNativeDispatcher$AclInformation
instanceKlass sun/nio/fs/WindowsNativeDispatcher$Account
instanceKlass sun/nio/fs/WindowsNativeDispatcher$DiskFreeSpace
instanceKlass sun/nio/fs/WindowsNativeDispatcher$VolumeInformation
instanceKlass sun/nio/fs/WindowsNativeDispatcher$FirstStream
instanceKlass sun/nio/fs/WindowsNativeDispatcher$FirstFile
instanceKlass java/util/Enumeration
instanceKlass java/util/concurrent/ConcurrentHashMap$Traverser
instanceKlass jdk/internal/loader/NativeLibraries$3
instanceKlass jdk/internal/loader/NativeLibrary
instanceKlass java/util/ArrayDeque$DeqIterator
instanceKlass jdk/internal/loader/NativeLibraries$NativeLibraryContext$1
instanceKlass jdk/internal/loader/NativeLibraries$NativeLibraryContext
instanceKlass jdk/internal/loader/NativeLibraries$2
instanceKlass jdk/internal/loader/NativeLibraries$1
instanceKlass jdk/internal/loader/NativeLibraries$LibraryPaths
instanceKlass sun/nio/fs/WindowsNativeDispatcher
instanceKlass sun/nio/fs/NativeBuffer$Deallocator
instanceKlass sun/nio/fs/NativeBuffer
instanceKlass java/lang/ThreadLocal$ThreadLocalMap
instanceKlass java/lang/ThreadLocal
instanceKlass sun/nio/fs/NativeBuffers
instanceKlass sun/nio/fs/WindowsFileAttributes
instanceKlass java/nio/file/attribute/DosFileAttributes
instanceKlass sun/nio/fs/AbstractBasicFileAttributeView
instanceKlass sun/nio/fs/DynamicFileAttributeView
instanceKlass sun/nio/fs/WindowsFileAttributeViews
instanceKlass sun/nio/fs/Util
instanceKlass java/nio/file/attribute/BasicFileAttributeView
instanceKlass java/nio/file/attribute/FileAttributeView
instanceKlass java/nio/file/attribute/AttributeView
instanceKlass java/nio/file/Files
instanceKlass java/nio/file/CopyOption
instanceKlass java/nio/file/attribute/BasicFileAttributes
instanceKlass java/util/concurrent/ForkJoinPool$ManagedBlocker
instanceKlass java/util/concurrent/locks/AbstractQueuedSynchronizer$Node
instanceKlass sun/nio/fs/WindowsPath
instanceKlass java/nio/file/Path
instanceKlass java/nio/file/Watchable
instanceKlass java/util/zip/ZipFile$Source$Key
instanceKlass sun/nio/fs/WindowsPathParser$Result
instanceKlass sun/nio/fs/WindowsPathParser
instanceKlass java/nio/file/FileSystem
instanceKlass java/nio/file/OpenOption
instanceKlass java/nio/file/spi/FileSystemProvider
instanceKlass sun/nio/fs/DefaultFileSystemProvider
instanceKlass java/util/zip/ZipFile$Source
instanceKlass java/lang/ref/Cleaner$Cleanable
instanceKlass jdk/internal/ref/CleanerImpl
instanceKlass java/lang/ref/Cleaner$1
instanceKlass java/lang/ref/Cleaner
instanceKlass jdk/internal/ref/CleanerFactory$1
instanceKlass java/util/concurrent/ThreadFactory
instanceKlass jdk/internal/ref/CleanerFactory
instanceKlass java/util/zip/ZipCoder
instanceKlass java/util/zip/ZipFile$CleanableResource
instanceKlass java/lang/Runtime$Version
instanceKlass java/util/jar/JavaUtilJarAccessImpl
instanceKlass jdk/internal/access/JavaUtilJarAccess
instanceKlass jdk/internal/loader/FileURLMapper
instanceKlass jdk/internal/loader/URLClassPath$JarLoader$1
instanceKlass java/util/zip/ZipFile$1
instanceKlass jdk/internal/access/JavaUtilZipFileAccess
instanceKlass java/util/zip/ZipFile
instanceKlass java/util/zip/ZipConstants
instanceKlass jdk/internal/loader/URLClassPath$Loader
instanceKlass jdk/internal/loader/URLClassPath$3
instanceKlass java/security/PrivilegedExceptionAction
instanceKlass sun/net/util/URLUtil
instanceKlass java/lang/StringCoding
instanceKlass sun/nio/cs/ArrayDecoder
instanceKlass java/nio/charset/CharsetDecoder
instanceKlass sun/launcher/LauncherHelper
instanceKlass java/lang/invoke/StringConcatFactory
instanceKlass java/lang/ModuleLayer$Controller
instanceKlass java/util/concurrent/CopyOnWriteArrayList
instanceKlass jdk/internal/module/ServicesCatalog$ServiceProvider
instanceKlass jdk/internal/loader/AbstractClassLoaderValue$Memoizer
instanceKlass java/util/ImmutableCollections$ListItr
instanceKlass java/util/ListIterator
instanceKlass java/lang/ModuleLayer
instanceKlass jdk/internal/module/ModuleLoaderMap$Modules
instanceKlass jdk/internal/module/ModuleLoaderMap$Mapper
instanceKlass jdk/internal/module/ModuleLoaderMap
instanceKlass java/util/AbstractMap$1$1
instanceKlass java/lang/module/ResolvedModule
instanceKlass java/lang/module/Configuration
instanceKlass jdk/internal/loader/BuiltinClassLoader$LoadedModule
instanceKlass jdk/internal/loader/AbstractClassLoaderValue
instanceKlass jdk/internal/module/ServicesCatalog
instanceKlass java/util/Deque
instanceKlass java/util/Queue
instanceKlass sun/net/util/IPAddressUtil$MASKS
instanceKlass sun/net/util/IPAddressUtil
instanceKlass java/net/URLStreamHandler
instanceKlass sun/net/www/ParseUtil
instanceKlass java/net/URL$3
instanceKlass jdk/internal/access/JavaNetURLAccess
instanceKlass java/net/URL$DefaultFactory
instanceKlass java/net/URLStreamHandlerFactory
instanceKlass jdk/internal/loader/URLClassPath
instanceKlass java/security/Principal
instanceKlass java/security/ProtectionDomain$Key
instanceKlass java/security/ProtectionDomain$JavaSecurityAccessImpl
instanceKlass jdk/internal/access/JavaSecurityAccess
instanceKlass java/lang/ClassLoader$ParallelLoaders
instanceKlass java/security/cert/Certificate
instanceKlass jdk/internal/loader/ArchivedClassLoaders
instanceKlass java/util/concurrent/ConcurrentHashMap$CollectionView
instanceKlass jdk/internal/loader/ClassLoaderHelper
instanceKlass jdk/internal/loader/NativeLibraries
instanceKlass java/lang/Module$EnableNativeAccess
instanceKlass jdk/internal/loader/BootLoader
instanceKlass java/util/Optional
instanceKlass jdk/internal/module/SystemModuleFinders$SystemModuleFinder
instanceKlass java/lang/module/ModuleFinder
instanceKlass jdk/internal/module/SystemModuleFinders$3
instanceKlass jdk/internal/module/ModuleHashes$HashSupplier
instanceKlass jdk/internal/module/SystemModuleFinders$2
instanceKlass java/util/function/Supplier
instanceKlass java/lang/module/ModuleReference
instanceKlass jdk/internal/module/ModuleResolution
instanceKlass java/util/Collections$UnmodifiableMap
instanceKlass jdk/internal/module/ModuleHashes$Builder
instanceKlass jdk/internal/module/ModuleHashes
instanceKlass jdk/internal/module/ModuleTarget
instanceKlass java/util/ImmutableCollections$Set12$1
instanceKlass java/lang/reflect/AccessFlag$18
instanceKlass java/lang/reflect/AccessFlag$17
instanceKlass java/lang/reflect/AccessFlag$16
instanceKlass java/lang/reflect/AccessFlag$15
instanceKlass java/lang/reflect/AccessFlag$14
instanceKlass java/lang/reflect/AccessFlag$13
instanceKlass java/lang/reflect/AccessFlag$12
instanceKlass java/lang/reflect/AccessFlag$11
instanceKlass java/lang/reflect/AccessFlag$10
instanceKlass java/lang/reflect/AccessFlag$9
instanceKlass java/lang/reflect/AccessFlag$8
instanceKlass java/lang/reflect/AccessFlag$7
instanceKlass java/lang/reflect/AccessFlag$6
instanceKlass java/lang/reflect/AccessFlag$5
instanceKlass java/lang/reflect/AccessFlag$4
instanceKlass java/lang/reflect/AccessFlag$3
instanceKlass java/lang/reflect/AccessFlag$2
instanceKlass java/lang/reflect/AccessFlag$1
instanceKlass java/lang/module/ModuleDescriptor$Version
instanceKlass java/lang/module/ModuleDescriptor$Provides
instanceKlass java/lang/module/ModuleDescriptor$Opens
instanceKlass java/util/ImmutableCollections$SetN$SetNIterator
instanceKlass java/lang/module/ModuleDescriptor$Exports
instanceKlass java/lang/module/ModuleDescriptor$Requires
instanceKlass jdk/internal/module/Builder
instanceKlass jdk/internal/module/SystemModules$default
instanceKlass jdk/internal/module/SystemModules
instanceKlass jdk/internal/module/SystemModulesMap
instanceKlass java/net/URI$1
instanceKlass jdk/internal/access/JavaNetUriAccess
instanceKlass java/net/URI
instanceKlass jdk/internal/module/SystemModuleFinders
instanceKlass jdk/internal/module/ArchivedModuleGraph
instanceKlass jdk/internal/module/ArchivedBootLayer
instanceKlass jdk/internal/module/ModuleBootstrap$Counters
instanceKlass jdk/internal/module/ModulePatcher
instanceKlass java/io/FileSystem
instanceKlass java/io/DefaultFileSystem
instanceKlass java/io/File
instanceKlass java/lang/module/ModuleDescriptor$1
instanceKlass jdk/internal/access/JavaLangModuleAccess
instanceKlass sun/invoke/util/VerifyAccess
instanceKlass java/util/KeyValueHolder
instanceKlass java/util/ImmutableCollections$MapN$MapNIterator
instanceKlass java/lang/StrictMath
instanceKlass java/lang/invoke/MethodHandles$Lookup
instanceKlass java/lang/invoke/MemberName$Factory
instanceKlass java/lang/invoke/MethodHandles
instanceKlass java/lang/module/ModuleDescriptor
instanceKlass jdk/internal/module/ModuleBootstrap
instanceKlass java/lang/Character$CharacterCache
instanceKlass java/util/HexFormat
instanceKlass jdk/internal/util/ClassFileDumper
instanceKlass sun/security/action/GetPropertyAction
instanceKlass java/lang/invoke/MethodHandleStatics
instanceKlass jdk/internal/misc/Blocker
instanceKlass java/util/concurrent/locks/AbstractQueuedSynchronizer$ConditionObject
instanceKlass java/util/concurrent/locks/Condition
instanceKlass java/util/Collections
instanceKlass java/lang/Thread$ThreadIdentifiers
instanceKlass sun/io/Win32ErrorMode
instanceKlass jdk/internal/misc/OSEnvironment
instanceKlass java/lang/Integer$IntegerCache
instanceKlass jdk/internal/misc/Signal$NativeHandler
instanceKlass java/util/Hashtable$Entry
instanceKlass jdk/internal/misc/Signal
instanceKlass java/lang/Terminator$1
instanceKlass jdk/internal/misc/Signal$Handler
instanceKlass java/lang/Terminator
instanceKlass java/nio/ByteOrder
instanceKlass java/nio/Buffer$2
instanceKlass jdk/internal/access/JavaNioAccess
instanceKlass java/nio/Buffer$1
instanceKlass jdk/internal/misc/ScopedMemoryAccess
instanceKlass java/nio/charset/CodingErrorAction
instanceKlass sun/nio/cs/SingleByte
instanceKlass java/lang/StringUTF16
instanceKlass sun/nio/cs/MS1252$Holder
instanceKlass sun/nio/cs/ArrayEncoder
instanceKlass java/nio/charset/CharsetEncoder
instanceKlass java/io/Writer
instanceKlass java/io/PrintStream$1
instanceKlass jdk/internal/access/JavaIOPrintStreamAccess
instanceKlass jdk/internal/misc/InternalLock
instanceKlass java/io/OutputStream
instanceKlass java/io/Flushable
instanceKlass java/io/FileDescriptor$1
instanceKlass jdk/internal/access/JavaIOFileDescriptorAccess
instanceKlass java/io/FileDescriptor
instanceKlass jdk/internal/util/StaticProperty
instanceKlass jdk/internal/reflect/MethodHandleAccessorFactory
instanceKlass java/lang/reflect/Modifier
instanceKlass java/lang/Class$1
instanceKlass java/lang/Class$Atomic
instanceKlass java/lang/Class$ReflectionData
instanceKlass java/nio/charset/StandardCharsets
instanceKlass sun/nio/cs/HistoricallyNamedCharset
instanceKlass java/nio/charset/spi/CharsetProvider
instanceKlass java/nio/charset/Charset
instanceKlass java/util/HashMap$HashIterator
instanceKlass java/util/concurrent/locks/LockSupport
instanceKlass java/util/concurrent/ConcurrentHashMap$Node
instanceKlass java/util/concurrent/ConcurrentHashMap$CounterCell
instanceKlass java/util/concurrent/locks/ReentrantLock
instanceKlass java/util/concurrent/locks/Lock
instanceKlass java/lang/CharacterData
instanceKlass java/util/Arrays
instanceKlass jdk/internal/util/Preconditions$3
instanceKlass jdk/internal/util/Preconditions$2
instanceKlass jdk/internal/util/Preconditions$4
instanceKlass java/util/function/BiFunction
instanceKlass jdk/internal/util/Preconditions$1
instanceKlass java/util/function/Function
instanceKlass jdk/internal/util/Preconditions
instanceKlass java/lang/Runtime
instanceKlass java/lang/VersionProps
instanceKlass java/lang/StringConcatHelper
instanceKlass java/util/HashMap$Node
instanceKlass java/util/Map$Entry
instanceKlass jdk/internal/util/ArraysSupport
instanceKlass jdk/internal/util/SystemProps$Raw
instanceKlass jdk/internal/util/SystemProps
instanceKlass java/lang/System$2
instanceKlass jdk/internal/access/JavaLangAccess
instanceKlass java/lang/ref/NativeReferenceQueue$Lock
instanceKlass java/lang/ref/ReferenceQueue
instanceKlass java/lang/ref/Reference$1
instanceKlass jdk/internal/access/JavaLangRefAccess
instanceKlass jdk/internal/reflect/ReflectionFactory
instanceKlass java/lang/Math
instanceKlass java/lang/StringLatin1
instanceKlass jdk/internal/reflect/Reflection
instanceKlass jdk/internal/reflect/ReflectionFactory$GetReflectionFactoryAction
instanceKlass java/security/PrivilegedAction
instanceKlass jdk/internal/access/SharedSecrets
instanceKlass java/lang/reflect/ReflectAccess
instanceKlass jdk/internal/access/JavaLangReflectAccess
instanceKlass java/util/ImmutableCollections
instanceKlass java/util/Objects
instanceKlass java/util/Set
instanceKlass jdk/internal/misc/CDS
instanceKlass java/lang/Module$ArchivedData
instanceKlass jdk/internal/misc/VM
instanceKlass java/lang/String$CaseInsensitiveComparator
instanceKlass java/util/Comparator
instanceKlass java/io/ObjectStreamField
instanceKlass jdk/internal/vm/FillerObject
instanceKlass jdk/internal/vm/vector/VectorSupport$VectorPayload
instanceKlass jdk/internal/vm/vector/VectorSupport
instanceKlass java/lang/reflect/RecordComponent
instanceKlass java/util/Iterator
instanceKlass java/lang/Number
instanceKlass java/lang/Character
instanceKlass java/lang/Boolean
instanceKlass java/util/concurrent/locks/AbstractOwnableSynchronizer
instanceKlass java/lang/LiveStackFrame
instanceKlass java/lang/StackFrameInfo
instanceKlass java/lang/StackWalker$StackFrame
instanceKlass java/lang/StackStreamFactory$AbstractStackWalker
instanceKlass java/lang/StackWalker
instanceKlass java/nio/Buffer
instanceKlass java/lang/StackTraceElement
instanceKlass java/util/RandomAccess
instanceKlass java/util/List
instanceKlass java/util/SequencedCollection
instanceKlass java/util/AbstractCollection
instanceKlass java/util/Collection
instanceKlass java/lang/Iterable
instanceKlass java/util/concurrent/ConcurrentMap
instanceKlass java/util/AbstractMap
instanceKlass java/security/CodeSource
instanceKlass jdk/internal/loader/ClassLoaders
instanceKlass java/util/jar/Manifest
instanceKlass java/lang/Enum
instanceKlass java/net/URL
instanceKlass java/io/InputStream
instanceKlass java/io/Closeable
instanceKlass java/lang/AutoCloseable
instanceKlass jdk/internal/module/Modules
instanceKlass jdk/internal/misc/Unsafe
instanceKlass jdk/internal/misc/UnsafeConstants
instanceKlass java/lang/AbstractStringBuilder
instanceKlass java/lang/Appendable
instanceKlass java/lang/AssertionStatusDirectives
instanceKlass jdk/internal/foreign/abi/ABIDescriptor
instanceKlass jdk/internal/foreign/abi/NativeEntryPoint
instanceKlass java/lang/invoke/CallSite
instanceKlass java/lang/invoke/MethodType
instanceKlass java/lang/invoke/TypeDescriptor$OfMethod
instanceKlass java/lang/invoke/LambdaForm
instanceKlass java/lang/invoke/MethodHandleNatives
instanceKlass java/lang/invoke/ResolvedMethodName
instanceKlass java/lang/invoke/MemberName
instanceKlass java/lang/invoke/VarHandle
instanceKlass java/lang/invoke/MethodHandle
instanceKlass jdk/internal/reflect/CallerSensitive
instanceKlass java/lang/annotation/Annotation
instanceKlass jdk/internal/reflect/FieldAccessor
instanceKlass jdk/internal/reflect/ConstantPool
instanceKlass jdk/internal/reflect/ConstructorAccessor
instanceKlass jdk/internal/reflect/MethodAccessor
instanceKlass jdk/internal/reflect/MagicAccessorImpl
instanceKlass jdk/internal/vm/StackChunk
instanceKlass jdk/internal/vm/Continuation
instanceKlass jdk/internal/vm/ContinuationScope
instanceKlass java/lang/reflect/Parameter
instanceKlass java/lang/reflect/Member
instanceKlass java/lang/reflect/AccessibleObject
instanceKlass java/lang/Module
instanceKlass java/util/Map
instanceKlass java/util/Dictionary
instanceKlass java/lang/ThreadGroup
instanceKlass java/lang/Thread$UncaughtExceptionHandler
instanceKlass java/lang/Thread$Constants
instanceKlass java/lang/Thread$FieldHolder
instanceKlass java/lang/Thread
instanceKlass java/lang/Runnable
instanceKlass java/lang/ref/Reference
instanceKlass java/lang/Record
instanceKlass java/security/AccessController
instanceKlass java/security/AccessControlContext
instanceKlass java/security/ProtectionDomain
instanceKlass java/lang/SecurityManager
instanceKlass java/lang/Throwable
instanceKlass java/lang/System
instanceKlass java/lang/ClassLoader
instanceKlass java/lang/Cloneable
instanceKlass java/lang/Class
instanceKlass java/lang/invoke/TypeDescriptor$OfField
instanceKlass java/lang/invoke/TypeDescriptor
instanceKlass java/lang/reflect/Type
instanceKlass java/lang/reflect/GenericDeclaration
instanceKlass java/lang/reflect/AnnotatedElement
instanceKlass java/lang/String
instanceKlass java/lang/constant/ConstantDesc
instanceKlass java/lang/constant/Constable
instanceKlass java/lang/CharSequence
instanceKlass java/lang/Comparable
instanceKlass java/io/Serializable
ciInstanceKlass java/lang/Object 1 1 124 7 1 10 12 1 1 10 7 12 1 1 1 10 7 12 1 1 1 10 12 1 1 8 1 10 12 1 1 10 7 12 1 1 1 10 12 1 10 12 1 1 10 7 12 1 1 1 10 12 1 10 12 1 7 1 10 7 12 1 1 1 10 12 1 1 10 12 1 100 1 8 1 10 12 1 3 8 1 7 1 5 0 1 1 1 1 1 1 1 1 1 1 1 1 1 1 1 1 100 1 1 1 1 1 1 1 1 1 1 7 1 1 1 1 1 1 1 1 1 1 3 1 1
ciMethod java/lang/Object equals (Ljava/lang/Object;)Z 10 0 12794 0 88
ciMethod java/lang/Object hashCode ()I 256 0 128 0 -1
ciInstanceKlass java/io/Serializable 1 0 7 100 1 100 1 1 1
ciInstanceKlass java/lang/System 1 1 834 10 7 12 1 1 1 9 7 12 1 1 1 10 12 1 10 12 1 1 10 12 1 1 10 12 1 9 12 1 1 10 7 12 1 1 1 11 100 12 1 1 1 10 100 12 1 1 1 10 12 1 1 10 12 1 1 100 1 8 1 10 12 1 10 7 12 1 1 1 10 100 12 1 1 1 18 12 1 1 10 7 12 1 1 1 7 1 10 12 1 1 10 7 12 1 1 1 10 12 1 10 7 12 1 1 1 9 100 12 1 1 1 10 7 12 1 1 1 11 7 12 1 1 1 10 12 1 1 10 7 12 1 1 1 7 1 10 10 12 1 1 8 1 10 12 1 8 1 10 12 1 9 12 1 1 8 1 10 7 12 1 1 1 10 12 1 1 100 1 8 1 10 9 12 1 1 8 1 10 12 1 1 10 100 12 1 1 1 8 1 10 12 1 7 1 10 12 1 8 1 10 12 1 10 12 1 1 100 1 10 12 10 12 1 9 12 1 1 9 12 1 1 10 7 12 1 1 1 10 7 12 1 1 1 10 12 1 1 10 12 1 10 12 1 10 7 12 1 1 1 10 12 1 100 1 100 1 8 1 10 12 1 10 12 1 1 7 1 10 12 1 100 1 8 1 10 10 12 1 100 1 8 1 10 8 1 10 7 12 1 1 8 1 10 12 100 1 8 1 10 10 12 1 1 10 100 12 1 1 1 100 1 18 12 1 100 1 9 100 12 1 1 1 10 12 1 100 1 10 12 1 1 10 12 1 1 10 7 12 1 1 1 10 12 1 1 10 12 1 10 12 1 10 12 1 1 10 12 1 7 1 10 12 1 9 7 12 1 1 1 10 7 12 1 1 1 10 12 1 10 12 1 10 7 12 1 1 1 7 1 8 1 10 9 12 1 9 12 1 10 12 1 10 7 12 1 1 10 12 1 10 12 1 1 8 1 10 12 1 1 8 1 11 12 1 10 12 11 12 1 1 11 7 12 1 1 1 11 7 12 1 1 11 12 1 1 7 1 11 12 1 10 12 1 8 1 10 12 1 1 8 1 8 1 8 1 8 1 11 12 1 10 12 1 10 12 1 10 12 1 8 1 10 12 1 1 8 1 9 12 1 8 1 10 7 12 1 1 8 1 7 1 9 7 12 1 1 1 10 12 1 7 1 9 12 10 9 12 7 1 10 12 9 12 1 1 8 1 10 12 1 1 8 1 10 7 12 1 1 10 12 1 10 12 1 1 11 7 12 1 1 10 12 10 7 12 1 1 1 9 12 1 1 7 1 8 1 10 12 1 1 10 7 12 1 1 1 7 1 10 12 1 1 10 12 1 8 1 8 1 10 8 1 8 1 8 1 8 1 10 10 7 12 1 1 10 12 1 10 12 1 1 10 12 1 1 10 12 1 10 100 12 1 1 1 10 7 1 8 1 10 10 10 12 1 1 10 12 1 1 8 1 10 12 1 8 1 8 1 10 12 1 10 7 12 1 1 1 10 12 1 1 7 1 10 10 12 1 10 12 1 9 12 1 1 3 1 3 1 1 1 1 1 1 1 1 1 1 1 1 100 1 1 100 1 1 1 1 1 1 1 1 1 1 1 100 1 7 1 1 1 1 1 1 1 1 1 1 1 1 1 1 1 1 1 1 1 1 1 1 1 1 1 1 1 1 1 1 1 1 1 1 1 1 1 1 1 1 1 1 1 1 1 1 1 1 1 1 1 1 1 1 1 1 1 1 100 1 1 1 1 1 1 1 1 1 1 1 1 1 1 1 1 1 1 1 1 1 1 1 1 1 1 1 1 1 1 1 1 1 100 1 1 16 15 10 12 1 1 16 15 10 12 16 1 15 10 100 12 1 1 1 1 1 1 1 1 1 100 1 100 1 1
staticfield java/lang/System in Ljava/io/InputStream; java/io/BufferedInputStream
staticfield java/lang/System out Ljava/io/PrintStream; org/fusesource/jansi/AnsiPrintStream
staticfield java/lang/System err Ljava/io/PrintStream; org/fusesource/jansi/AnsiPrintStream
ciInstanceKlass java/lang/SecurityManager 0 0 576 10 7 12 1 1 1 9 7 12 1 1 1 10 7 12 1 1 1 100 1 8 1 10 12 1 10 12 1 1 10 7 12 1 1 1 10 7 1 10 100 1 10 9 100 12 1 1 1 10 7 12 1 1 1 10 12 1 1 10 7 12 1 1 100 1 8 1 10 9 12 1 1 9 12 1 8 1 9 12 1 7 1 10 8 1 10 12 1 1 10 12 1 10 12 1 1 100 1 10 10 12 1 1 100 1 8 1 10 12 1 8 1 8 1 8 1 8 1 8 1 8 1 10 12 1 8 1 8 1 8 1 8 1 8 1 10 7 12 1 1 1 10 12 1 1 8 1 100 1 8 1 10 8 1 8 1 8 1 8 1 8 1 10 100 12 1 1 8 1 100 1 8 1 8 1 10 8 1 10 12 1 100 1 8 1 10 10 12 1 1 10 12 1 10 12 1 10 12 1 10 100 12 1 1 1 10 12 1 10 100 12 1 1 11 100 12 1 1 1 18 12 1 1 11 100 12 1 1 1 18 12 1 1 11 12 1 1 18 18 11 12 1 18 12 1 11 12 1 1 9 12 1 1 9 12 1 9 12 1 9 12 1 100 1 10 100 12 1 1 10 12 1 10 12 1 18 12 1 18 10 100 12 1 1 1 18 12 1 10 12 1 18 18 8 1 10 12 1 9 12 1 1 11 7 12 1 1 1 8 1 100 1 10 12 1 10 12 1 1 10 12 1 1 9 12 1 1 10 12 1 10 12 1 1 8 1 100 1 10 9 12 1 8 1 10 12 1 8 1 100 1 10 10 100 12 1 1 10 100 1 9 7 12 1 1 1 11 12 1 1 10 12 1 11 12 1 10 12 1 7 1 10 10 12 1 1 10 12 1 1 1 1 1 1 1 1 1 1 1 7 1 1 1 1 1 1 1 1 1 1 1 1 1 1 1 1 1 1 1 1 1 1 1 1 1 1 1 1 1 1 1 1 1 1 1 1 1 1 1 1 1 1 1 1 1 1 1 1 1 1 1 1 1 1 1 1 3 1 1 1 1 1 1 1 1 1 1 100 1 1 1 1 1 1 1 1 1 1 1 1 1 1 1 1 1 1 1 1 1 1 1 1 1 1 1 1 1 1 1 1 1 1 1 1 1 1 16 15 10 7 12 1 1 1 16 1 16 15 10 12 16 1 15 10 12 16 15 11 7 1 16 1 16 1 15 10 12 16 15 10 12 16 15 10 12 1 16 1 15 11 12 1 15 10 12 16 15 10 16 1 15 10 100 12 1 1 1 1 1 1 100 1 100 1 1
ciInstanceKlass java/security/AccessController 1 1 295 10 7 12 1 1 1 10 7 12 1 1 1 10 7 12 1 1 1 10 12 1 1 10 12 1 1 10 7 12 1 1 1 10 12 1 1 10 12 1 10 12 1 1 10 12 1 100 1 8 1 10 12 1 10 12 1 10 12 1 1 10 12 1 7 1 7 1 10 12 1 1 10 12 1 10 12 1 10 12 1 1 10 7 12 1 1 1 10 12 1 1 9 100 12 1 1 1 10 7 12 1 1 1 10 12 1 10 12 1 9 100 12 1 1 1 10 12 1 10 12 1 1 9 12 1 1 10 100 1 10 11 7 12 1 1 1 10 7 12 1 1 11 7 1 100 1 10 12 1 10 12 1 10 12 1 8 1 10 12 1 1 8 1 10 100 12 1 1 1 8 1 7 1 10 10 12 1 1 10 12 1 10 7 12 1 1 1 10 12 1 8 1 10 7 12 1 1 8 1 8 1 10 12 1 8 1 10 12 1 10 12 1 1 10 12 1 1 1 1 1 1 1 1 1 1 1 1 1 1 1 1 1 1 1 1 1 1 1 1 1 1 1 1 100 1 1 1 1 1 1 1 1 1 1 1 1 1 1 1 1 1 1 1 1 1 1 1 1 1 1 1 1 1 1 1 1 1 1 100 1 100 1 1 1 1 1 1 1 1 1 3 1 1 1
staticfield java/security/AccessController $assertionsDisabled Z 1
ciInstanceKlass java/security/ProtectionDomain 1 1 348 10 7 12 1 1 1 9 7 12 1 1 1 7 1 10 9 12 1 1 9 12 1 1 9 12 1 1 10 7 12 1 1 7 1 9 12 1 9 12 1 1 7 1 9 12 1 1 9 12 1 10 100 12 1 1 10 100 12 1 1 1 10 12 1 1 10 12 1 9 12 1 9 100 12 1 1 10 12 1 1 10 100 1 10 12 1 1 8 1 7 1 8 1 10 12 1 10 11 10 7 12 1 1 1 10 12 1 1 8 1 11 8 1 10 12 1 8 1 8 1 10 12 1 1 10 12 1 10 12 1 1 10 12 1 8 1 10 12 1 8 1 8 1 10 7 12 1 1 1 9 100 12 1 1 1 10 12 1 1 9 100 12 1 1 1 10 7 12 1 1 1 100 1 18 12 1 1 10 7 12 1 1 1 10 7 1 10 12 1 10 12 1 1 11 100 12 1 1 11 12 1 100 1 11 7 12 1 1 1 10 12 1 10 11 12 1 1 11 12 1 1 10 12 1 10 7 12 1 1 10 100 12 1 1 11 12 1 10 12 10 12 1 8 1 8 1 10 7 12 1 1 1 7 1 10 10 7 12 1 1 1 1 1 1 1 1 1 1 7 1 1 7 1 1 1 1 1 1 1 1 1 1 1 1 1 1 1 1 1 1 1 1 1 1 1 1 1 1 1 1 1 1 1 1 1 1 1 1 1 1 1 1 1 1 1 1 7 1 1 1 1 1 1 100 1 1 16 15 10 12 16 15 10 100 12 1 1 1 1 1 1 1 100 1 100 1 1
staticfield java/security/ProtectionDomain filePermCompatInPD Z 0
ciInstanceKlass java/security/CodeSource 1 1 398 10 7 12 1 1 1 9 7 12 1 1 1 9 12 1 1 9 12 1 1 9 12 1 1 10 7 12 1 1 1 9 12 1 1 10 100 12 1 1 10 100 10 7 12 1 1 1 10 100 12 1 1 1 10 12 1 1 7 1 10 10 100 12 1 1 1 10 100 12 1 1 1 10 12 1 1 100 1 10 12 1 1 10 12 1 1 10 12 1 1 10 12 1 10 10 10 12 1 1 10 7 12 1 1 1 10 12 1 10 12 1 10 12 1 8 1 10 12 1 10 12 1 10 12 1 1 10 12 1 8 1 10 12 1 1 10 7 1 10 10 12 1 1 8 1 10 12 1 10 12 1 10 12 1 8 1 8 1 9 12 1 1 100 1 8 1 10 12 1 10 12 1 1 8 1 10 12 1 8 1 8 1 8 1 10 100 12 1 1 10 12 1 1 10 12 1 10 12 1 1 10 12 1 1 10 12 1 1 100 1 100 1 10 12 1 10 12 10 12 1 1 10 100 12 1 1 10 12 1 7 1 10 12 10 100 12 1 1 1 10 8 1 10 12 1 10 12 1 10 12 1 1 100 1 10 12 1 1 100 1 7 1 8 1 8 1 10 10 12 1 1 10 100 12 1 1 1 7 1 10 12 10 12 1 1 11 7 12 1 1 10 10 12 1 11 10 12 1 8 1 100 1 10 12 1 10 12 1 1 10 12 1 11 12 1 1 7 1 1 1 1 5 0 1 1 1 1 1 1 1 1 1 1 1 1 1 1 1 1 1 1 1 1 1 1 1 1 1 1 1 1 1 1 1 1 1 1 1 1 1 1 1 1 1 1 1 1 1 1 1 1 1 1 1 1 1 1 1 1 1 1 1 1 1 1 1 1 1 1 100 1 1 1 1 1 1 1
ciInstanceKlass java/lang/Boolean 1 1 152 10 7 12 1 1 1 9 7 12 1 1 1 10 12 1 1 10 12 1 8 1 10 7 12 1 1 9 12 1 1 9 12 1 10 12 1 1 10 12 1 1 10 12 1 1 10 7 12 1 1 1 100 1 100 1 10 12 1 1 9 100 12 1 1 9 12 10 100 12 1 1 1 10 12 1 1 8 1 10 7 12 1 1 1 9 12 1 1 7 1 7 1 7 1 1 1 1 1 1 5 0 1 1 1 1 1 1 1 1 1 1 3 1 1 1 1 1 1 1 1 1 1 1 1 1 1 1 1 1 1 7 1 1 1 1 1 1 1 1 1 1 100 1 1 1 1 1 1 1 1 1
staticfield java/lang/Boolean TRUE Ljava/lang/Boolean; java/lang/Boolean
staticfield java/lang/Boolean FALSE Ljava/lang/Boolean; java/lang/Boolean
staticfield java/lang/Boolean TYPE Ljava/lang/Class; java/lang/Class
ciInstanceKlass java/lang/Comparable 1 0 12 100 1 100 1 1 1 1 1 1 1 1
ciInstanceKlass java/lang/constant/Constable 1 0 11 100 1 100 1 1 1 1 1 1 1
ciInstanceKlass java/util/Map 1 1 263 11 7 12 1 1 1 11 12 1 1 10 100 12 1 1 11 12 1 1 11 7 12 1 1 1 11 100 12 1 1 1 11 12 1 1 7 1 11 12 1 11 12 1 100 1 100 1 10 12 1 1 11 100 12 1 1 1 11 100 12 1 1 1 11 12 1 11 12 1 10 12 1 1 11 12 1 11 100 12 1 9 7 12 1 1 1 100 1 10 12 7 1 7 1 10 12 1 7 1 10 7 1 11 12 1 11 12 1 1 11 12 1 1 7 1 11 12 1 1 1 1 1 1 1 1 1 1 1 1 1 1 1 1 1 1 1 1 1 1 1 1 1 1 1 1 1 1 1 1 1 1 1 1 1 1 1 1 1 1 1 1 1 1 1 1 1 1 1 1 1 1 1 1 1 1 1 1 1 1 1 1 1 1 1 1 1 1 1 1 1 1 1 1 1 1 1 1 1 1 1 1 1 1 1 1 1 1 1 1 1 1 1 1 1 1 1 1 1 1 1 1 1 1 1 1 1 1 1 1 1 1 1 1 1 1 1 1 1 1 1 1 1 1 100 1 1 1 1 1 1 1 1 1 1 1 1 1 1 1 1 1 1
ciInstanceKlass java/lang/Class 1 1 1687 10 7 12 1 1 1 9 7 12 1 1 1 9 12 1 1 10 12 1 1 8 1 10 12 1 8 1 8 1 10 12 1 1 10 7 12 1 1 1 10 12 1 7 1 10 10 12 1 10 12 1 1 10 12 1 1 10 12 1 1 10 7 12 1 1 10 12 1 10 12 1 10 12 1 8 1 10 12 1 8 1 10 12 1 8 1 8 1 10 12 1 1 10 7 12 1 1 1 18 12 1 1 11 7 12 1 1 1 8 1 8 1 8 1 10 7 12 1 1 1 11 12 1 1 8 1 10 12 1 10 11 100 12 1 1 1 11 7 12 1 1 1 11 8 1 18 8 1 10 12 1 10 7 12 1 1 10 12 1 1 10 7 12 1 1 1 10 12 1 1 10 12 1 1 10 7 12 1 1 1 10 12 9 100 12 1 1 1 10 7 12 1 1 1 10 12 1 10 7 12 1 1 1 10 12 1 1 18 12 1 1 10 7 12 1 1 1 10 7 12 1 10 12 1 1 10 7 1 7 1 10 12 1 1 9 12 1 1 7 1 8 1 10 12 1 10 12 1 1 10 12 1 1 10 7 12 1 1 1 7 1 10 12 1 7 1 7 1 10 10 12 1 1 10 12 1 1 100 1 10 7 12 1 1 1 10 12 1 1 10 12 1 1 9 12 1 1 10 12 1 10 12 1 1 9 12 1 1 9 12 1 1 10 12 1 1 10 7 1 10 12 1 10 12 1 10 12 1 1 10 9 12 1 10 12 1 8 1 10 12 1 1 10 12 1 1 10 12 1 10 12 1 1 10 12 1 1 10 12 1 1 9 7 12 1 1 1 10 7 12 1 1 10 12 10 12 1 10 12 1 10 12 1 10 12 1 9 100 12 1 1 1 9 12 1 10 12 1 10 100 12 1 1 1 10 12 1 1 10 100 12 1 1 10 12 1 10 12 1 1 10 100 12 1 1 1 10 12 1 10 12 1 1 10 12 1 10 12 1 10 12 1 1 10 7 1 10 10 10 12 1 1 10 12 1 1 10 12 10 10 12 1 1 7 1 8 1 10 10 12 1 1 10 12 1 100 1 11 12 1 10 100 12 1 1 10 12 1 10 12 1 10 100 12 1 1 10 10 12 1 1 8 1 10 12 1 10 12 1 1 8 1 10 12 1 9 12 1 10 12 1 10 12 1 10 12 1 10 12 7 1 9 12 1 10 12 1 9 12 1 10 12 1 10 12 1 10 12 1 10 10 12 1 10 12 1 10 7 12 1 1 10 12 1 10 12 1 10 12 1 1 10 12 1 10 12 1 10 12 1 100 1 10 12 1 10 12 1 1 10 12 1 1 10 12 1 1 10 12 1 1 10 12 1 1 10 12 1 1 7 1 10 10 12 1 1 10 12 1 1 10 12 1 1 10 10 12 1 10 12 1 1 10 12 1 1 10 12 1 1 10 12 1 1 7 1 10 10 12 11 7 12 1 1 10 12 1 10 12 1 10 100 12 1 1 1 10 12 1 1 10 10 12 1 1 7 1 10 10 12 1 1 10 7 12 1 1 1 100 1 7 1 10 12 1 1 10 12 1 10 10 12 1 1 10 12 1 10 12 1 10 12 1 10 100 12 1 1 1 11 7 12 1 1 10 12 1 10 12 1 9 12 1 10 12 1 1 10 12 1 9 7 12 1 1 1 9 12 1 10 100 12 1 1 1 10 12 1 10 12 1 10 100 12 1 1 1 10 12 1 10 12 10 12 1 1 100 1 10 8 1 10 12 1 11 11 12 1 1 11 7 12 1 1 11 12 1 8 1 10 12 1 10 12 1 1 9 12 1 9 12 1 1 10 7 12 1 1 9 12 1 10 12 1 1 10 10 12 1 10 7 12 1 1 1 10 7 12 1 1 10 7 12 1 1 9 12 1 1 10 12 1 9 12 1 10 12 1 10 12 1 1 9 12 1 1 9 12 1 10 12 1 10 12 1 1 9 12 1 7 1 10 10 12 1 1 7 1 10 12 1 1 7 11 7 1 9 12 1 1 9 12 1 7 1 10 12 1 9 12 1 1 9 12 1 10 12 1 10 12 1 1 9 12 1 7 1 10 10 12 1 1 10 10 12 1 10 12 10 10 12 1 9 12 1 10 12 1 1 10 7 12 1 1 1 10 12 1 1 10 12 1 8 10 7 8 1 18 8 1 8 1 10 12 1 9 12 1 9 12 1 1 10 12 1 7 1 7 1 10 12 1 9 12 1 1 7 1 10 10 12 1 10 7 1 9 12 1 8 1 10 12 1 7 1 10 12 1 10 12 1 1 100 1 7 1 9 12 1 100 1 8 1 10 10 7 12 1 1 1 10 12 11 7 12 1 1 1 10 12 1 10 12 1 1 10 8 1 8 1 10 12 1 1 9 7 12 1 1 11 12 7 1 11 7 12 1 1 9 12 1 10 100 12 1 1 1 10 7 12 1 1 10 12 1 1 9 12 1 9 10 12 1 1 10 12 1 1 10 12 1 1 10 12 1 1 10 12 1 1 11 12 1 7 1 11 12 1 10 7 12 1 1 1 10 12 1 11 12 1 10 100 12 1 1 1 10 12 1 10 7 12 1 1 1 11 12 1 11 12 1 1 10 12 1 10 12 1 1 9 12 1 1 9 100 12 1 1 10 12 1 10 100 12 1 1 1 10 12 1 1 10 12 1 10 12 1 10 12 1 10 7 12 1 1 1 10 12 1 8 1 10 12 1 10 12 1 10 12 1 100 1 10 12 10 100 12 1 1 1 11 100 12 1 1 1 10 12 1 1 10 12 1 18 12 1 1 11 12 1 1 18 11 12 1 18 12 1 11 12 1 10 12 1 1 10 12 1 10 12 1 10 12 1 10 12 1 10 12 10 12 1 8 1 10 12 1 7 1 9 12 1 1 7 1 7 1 7 1 7 1 1 1 3 1 3 1 3 1 1 1 1 1 1 1 5 0 1 1 1 1 1 1 1 1 1 1 1 1 1 1 1 1 1 1 1 1 1 1 1 1 100 1 1 1 1 1 1 1 100 1 1 1 1 1 7 1 1 1 1 1 1 1 1 1 1 1 1 1 1 1 1 1 1 1 1 1 1 1 1 1 1 1 1 1 1 1 1 1 1 1 1 1 1 1 1 1 1 100 1 1 1 1 1 1 1 1 1 1 1 1 1 1 1 1 1 1 1 1 1 1 1 1 1 1 1 1 1 1 1 100 1 1 1 1 1 1 1 1 1 1 1 1 1 1 1 1 1 1 1 1 3 1 1 1 1 1 1 1 1 1 1 1 1 1 1 1 1 1 1 1 1 1 1 1 1 1 1 1 1 1 1 1 1 1 1 1 7 1 7 1 1 1 1 1 1 1 7 1 1 1 1 1 1 1 1 1 1 1 1 1 1 1 1 1 1 1 1 1 1 1 1 1 1 1 1 1 1 1 1 1 1 1 1 1 1 1 1 1 1 1 1 1 1 1 1 1 1 1 1 1 1 1 1 1 1 1 1 1 1 1 1 1 1 1 1 1 1 1 1 1 1 1 1 1 1 1 1 1 1 1 1 1 1 1 1 1 1 1 1 1 1 1 1 1 1 1 1 1 1 1 1 1 1 1 1 1 1 1 1 1 1 1 1 1 1 1 1 1 1 1 1 16 15 10 12 16 15 11 12 16 1 16 15 16 15 10 12 16 16 15 10 12 16 15 16 1 15 10 12 16 15 10 7 12 1 1 1 1 1 1 1 1 1 1 1 1 1 7 1 1 100 1 100 1 1 100 1 100 1 1 100 1 100 1 1
staticfield java/lang/Class EMPTY_CLASS_ARRAY [Ljava/lang/Class; 0 [Ljava/lang/Class;
staticfield java/lang/Class serialPersistentFields [Ljava/io/ObjectStreamField; 0 [Ljava/io/ObjectStreamField;
ciInstanceKlass java/lang/reflect/AnnotatedElement 1 1 164 11 7 12 1 1 1 11 12 1 1 7 1 10 100 12 1 1 1 10 12 1 1 10 12 1 1 10 12 1 10 100 12 1 1 1 11 12 1 1 11 7 12 1 1 10 7 12 1 1 1 10 12 1 10 100 12 1 1 1 18 12 1 1 11 100 12 1 1 18 12 1 18 12 1 1 10 100 12 1 1 1 11 100 12 1 1 1 7 1 10 100 12 1 1 1 1 1 1 1 1 1 1 1 1 1 1 1 1 1 1 1 1 1 1 1 1 1 100 1 1 1 1 1 1 1 1 1 1 1 16 15 16 1 16 1 15 11 12 16 16 1 15 10 100 12 1 1 1 16 1 15 10 100 12 1 1 1 1 100 1 100 1 1
ciInstanceKlass java/lang/invoke/TypeDescriptor 1 0 17 100 1 100 1 1 1 1 1 1 100 1 100 1 1 1 1
ciInstanceKlass java/lang/reflect/GenericDeclaration 1 0 30 7 1 7 1 7 1 1 1 1 1 1 1 1 100 1 8 1 1 12 10 1 1 1 8 1 1 1 8 1
ciInstanceKlass java/lang/reflect/Type 1 1 17 11 100 12 1 1 1 100 1 1 1 1 1 1 1 1 1
ciInstanceKlass java/lang/invoke/TypeDescriptor$OfField 1 0 21 100 1 100 1 100 1 1 1 1 1 1 1 1 1 1 1 1 1 1 1
ciMethod java/lang/Class isArray ()Z 256 0 128 0 -1
ciInstanceKlass java/lang/StringBuilder 1 1 422 10 7 12 1 1 1 10 12 1 10 12 1 10 12 1 1 10 7 12 1 1 1 10 7 12 1 1 1 10 12 1 10 12 1 10 12 1 10 12 1 10 12 1 10 12 1 10 12 1 10 12 1 10 12 1 10 12 1 10 12 1 10 12 1 10 12 1 10 12 1 1 10 12 1 10 12 1 1 10 12 1 1 10 12 1 10 12 1 10 12 1 10 12 1 10 12 1 10 12 1 10 12 1 10 12 10 12 1 10 12 1 10 12 1 10 12 1 1 10 12 1 10 12 1 10 12 10 12 1 1 10 12 1 10 12 1 10 12 1 10 100 12 1 1 1 9 12 1 1 10 12 1 10 12 1 1 10 12 1 1 9 12 1 1 10 100 12 1 1 1 10 100 1 10 12 1 1 10 100 12 1 1 10 12 1 10 12 1 1 100 1 100 1 8 1 10 10 12 1 1 10 12 1 10 12 1 10 12 1 1 10 12 1 10 12 1 10 12 1 10 12 1 10 12 1 10 12 10 12 1 10 12 1 10 12 1 10 12 1 10 12 1 10 12 1 10 12 1 10 12 1 10 12 1 1 10 12 1 1 10 12 1 10 12 1 10 12 1 10 12 10 12 10 12 1 10 12 1 10 12 1 10 12 10 12 1 10 12 1 10 12 1 10 12 1 10 12 1 10 12 1 10 12 1 10 12 1 10 12 1 1 10 12 1 10 12 1 1 10 12 1 10 12 1 1 10 12 1 10 12 1 1 10 12 1 10 12 1 10 12 1 10 10 12 1 10 12 1 7 1 7 1 7 1 7 1 1 1 1 5 0 1 1 1 1 1 1 1 1 1 1 1 1 1 1 1 1 1 1 1 1 1 1 1 1 1 1 1 1 1 1 1 1 1 1 1 1 1 1 1 1 1 1 1 1 100 1 1 1 7 1 1 1 1 1 1 1 1 1 1 1
instanceKlass java/lang/StringBuilder
instanceKlass java/lang/StringBuffer
ciInstanceKlass java/lang/AbstractStringBuilder 1 1 609 7 1 10 7 12 1 1 1 9 7 12 1 1 1 9 12 1 9 12 1 1 9 12 1 1 10 7 12 1 1 1 10 12 1 1 7 1 3 3 10 12 1 10 12 1 1 11 7 1 100 1 7 1 10 8 1 10 12 1 10 12 1 10 12 1 1 10 12 1 10 12 1 9 12 1 10 12 1 9 12 1 1 10 12 1 1 10 7 12 1 1 1 10 10 12 1 10 12 1 10 12 1 1 10 12 1 1 10 7 12 1 1 1 10 7 12 1 1 1 7 1 8 1 10 10 12 1 1 100 1 10 12 10 12 1 1 10 10 7 12 1 1 1 10 12 1 1 10 12 1 1 10 12 1 1 10 12 1 1 10 10 7 12 1 1 1 10 12 1 100 1 10 10 7 12 1 1 1 9 12 1 1 9 12 1 10 12 1 1 10 10 12 1 1 10 12 10 12 1 10 12 1 1 10 12 1 1 10 12 1 1 10 12 1 10 12 1 1 10 12 1 1 10 12 1 10 12 1 1 8 1 10 12 1 1 10 12 1 10 12 1 10 12 1 10 12 1 10 12 1 10 12 1 10 7 12 1 1 10 12 1 10 12 1 10 100 12 1 1 1 100 1 100 1 10 12 1 10 100 12 1 1 10 12 1 10 12 1 1 10 12 1 10 12 1 1 10 12 1 10 12 1 1 10 12 1 1 10 10 7 12 1 1 1 10 12 1 10 12 1 10 12 1 1 10 12 1 10 12 1 10 12 1 10 12 1 10 12 1 10 12 1 10 12 1 10 12 1 1 10 12 1 10 12 1 10 12 10 12 1 1 18 12 1 1 100 1 10 100 12 1 1 1 18 10 12 1 1 10 12 1 1 10 12 1 10 12 1 1 11 12 1 1 10 12 1 10 12 10 10 10 12 1 10 5 0 10 10 12 1 1 100 1 8 1 10 10 12 1 1 10 100 12 1 1 1 10 12 1 10 12 1 1 100 1 10 12 100 1 10 100 1 10 7 1 1 1 1 1 1 1 1 1 1 1 100 1 1 1 1 1 1 1 1 1 1 1 1 1 1 1 1 1 1 1 1 1 1 1 1 1 1 1 1 1 1 1 1 1 1 1 1 1 1 1 1 1 1 1 1 1 1 1 1 1 1 1 1 1 1 1 1 1 1 1 1 1 1 1 1 1 1 1 1 1 1 1 1 1 1 1 1 1 1 1 1 1 1 1 1 1 1 1 1 1 1 1 1 1 1 1 1 1 1 1 100 1 1 1 1 1 1 1 1 1 1 1 1 1 1 1 1 1 100 1 1 1 1 1 1 7 1 1 16 1 15 10 12 16 15 10 12 15 10 100 12 1 1 1 1 1 1 1 100 1 100 1 1
staticfield java/lang/AbstractStringBuilder EMPTYVALUE [B 0
ciMethod java/lang/StringBuilder toString ()Ljava/lang/String; 10 0 122549 0 -1
ciInstanceKlass java/lang/Appendable 1 0 14 100 1 100 1 1 1 1 100 1 1 1 1 1
ciInstanceKlass java/lang/CharSequence 1 1 131 11 7 12 1 1 1 18 12 1 1 100 1 10 100 12 1 1 1 18 10 100 12 1 1 1 11 12 1 1 11 7 1 11 12 1 1 10 100 12 1 1 1 11 12 1 1 100 1 10 12 1 1 10 100 12 1 1 1 100 1 10 10 12 1 1 7 1 1 1 1 1 1 1 1 1 1 1 1 1 1 1 1 1 1 1 1 1 1 1 1 1 1 1 1 1 1 1 1 1 16 1 15 11 12 16 15 11 12 15 10 100 12 1 1 1 1 1 100 1 100 1 1 100 1 1 100 1 100 1 1
ciInstanceKlass java/lang/AutoCloseable 1 0 12 100 1 100 1 1 1 1 100 1 1 1
ciInstanceKlass java/io/Closeable 1 0 14 100 1 100 1 100 1 1 1 1 100 1 1 1
instanceKlass lombok/javac/handlers/HandleDelegate$CantMakeDelegates
instanceKlass lombok/javac/JavacResolution$TypeNotConvertibleException
instanceKlass com/sun/tools/javac/jvm/JNIWriter$TypeSignature$SignatureException
instanceKlass com/sun/tools/javac/jvm/ModuleNameReader$BadClassFile
instanceKlass com/sun/tools/javac/parser/ReferenceParser$ParseException
instanceKlass com/sun/tools/javac/util/ByteBuffer$UnderflowException
instanceKlass com/sun/tools/javac/util/InvalidUtfException
instanceKlass com/sun/tools/javac/platform/PlatformProvider$PlatformNotSupported
instanceKlass jdk/javadoc/internal/doclint/DocLint$BadArgs
instanceKlass com/sun/tools/javac/main/Option$InvalidValueException
instanceKlass org/codehaus/plexus/util/cli/CommandLineException
instanceKlass org/codehaus/plexus/compiler/util/scan/InclusionScanException
instanceKlass org/codehaus/plexus/compiler/CompilerException
instanceKlass org/codehaus/plexus/compiler/manager/NoSuchCompilerException
instanceKlass sun/nio/fs/WindowsException
instanceKlass org/codehaus/plexus/interpolation/InterpolationException
instanceKlass org/apache/maven/artifact/DependencyResolutionRequiredException
instanceKlass org/codehaus/plexus/util/introspection/MethodMap$AmbiguousException
instanceKlass org/xml/sax/SAXException
instanceKlass javax/xml/parsers/ParserConfigurationException
instanceKlass org/apache/maven/shared/filtering/MavenFilteringException
instanceKlass org/codehaus/plexus/interpolation/reflection/MethodMap$AmbiguousException
instanceKlass org/apache/maven/model/resolution/InvalidRepositoryException
instanceKlass org/apache/maven/model/resolution/UnresolvableModelException
instanceKlass org/apache/maven/toolchain/building/ToolchainsBuildingException
instanceKlass org/apache/maven/execution/MavenExecutionRequestPopulationException
instanceKlass org/apache/maven/model/building/ModelBuildingException
instanceKlass org/apache/maven/artifact/repository/metadata/RepositoryMetadataReadException
instanceKlass org/apache/maven/artifact/repository/metadata/RepositoryMetadataStoreException
instanceKlass org/apache/maven/repository/metadata/MetadataGraphTransformationException
instanceKlass org/apache/maven/repository/metadata/GraphConflictResolutionException
instanceKlass org/apache/maven/repository/metadata/MetadataResolutionException
instanceKlass org/apache/maven/repository/ArtifactDoesNotExistException
instanceKlass org/apache/maven/repository/ArtifactTransferFailedException
instanceKlass org/codehaus/plexus/interpolation/InterpolationException
instanceKlass org/apache/maven/project/interpolation/ModelInterpolationException
instanceKlass org/apache/maven/plugin/version/PluginVersionNotFoundException
instanceKlass org/apache/maven/plugin/InvalidPluginException
instanceKlass org/apache/maven/configuration/BeanConfigurationException
instanceKlass org/apache/maven/repository/legacy/resolver/conflict/ConflictResolverNotFoundException
instanceKlass org/codehaus/plexus/configuration/PlexusConfigurationException
instanceKlass org/codehaus/plexus/component/composition/CycleDetectedInComponentGraphException
instanceKlass org/codehaus/plexus/component/configurator/expression/ExpressionEvaluationException
instanceKlass org/apache/maven/settings/building/SettingsBuildingException
instanceKlass org/apache/maven/BuildFailureException
instanceKlass org/codehaus/plexus/util/dag/CycleDetectedException
instanceKlass org/apache/maven/project/DuplicateProjectException
instanceKlass org/apache/maven/artifact/repository/metadata/RepositoryMetadataResolutionException
instanceKlass org/sonatype/plexus/components/sec/dispatcher/SecDispatcherException
instanceKlass org/sonatype/plexus/components/cipher/PlexusCipherException
instanceKlass org/apache/maven/MavenExecutionException
instanceKlass org/apache/maven/project/ProjectBuildingException
instanceKlass org/apache/maven/wagon/providers/http/httpclient/HttpException
instanceKlass org/apache/maven/repository/legacy/metadata/ArtifactMetadataRetrievalException
instanceKlass java/security/GeneralSecurityException
instanceKlass org/codehaus/plexus/component/repository/exception/ComponentLifecycleException
instanceKlass org/apache/maven/wagon/WagonException
instanceKlass org/apache/maven/plugin/PluginConfigurationException
instanceKlass org/apache/maven/plugin/PluginManagerException
instanceKlass org/apache/maven/project/DependencyResolutionException
instanceKlass org/codehaus/plexus/personality/plexus/lifecycle/phase/InitializationException
instanceKlass org/apache/maven/artifact/deployer/ArtifactDeploymentException
instanceKlass org/apache/maven/artifact/installer/ArtifactInstallationException
instanceKlass org/eclipse/aether/RepositoryException
instanceKlass org/apache/maven/lifecycle/internal/builder/BuilderNotFoundException
instanceKlass org/apache/maven/lifecycle/NoGoalSpecifiedException
instanceKlass org/apache/maven/lifecycle/MissingProjectException
instanceKlass org/apache/maven/artifact/InvalidRepositoryException
instanceKlass org/apache/maven/artifact/versioning/InvalidVersionSpecificationException
instanceKlass org/apache/maven/toolchain/MisconfiguredToolchainException
instanceKlass org/codehaus/plexus/component/configurator/ComponentConfigurationException
instanceKlass org/apache/maven/lifecycle/LifecycleExecutionException
instanceKlass org/apache/maven/plugin/version/PluginVersionResolutionException
instanceKlass org/apache/maven/lifecycle/LifecycleNotFoundException
instanceKlass org/apache/maven/plugin/prefix/NoPluginFoundForPrefixException
instanceKlass org/apache/maven/plugin/InvalidPluginDescriptorException
instanceKlass org/apache/maven/plugin/MojoNotFoundException
instanceKlass org/apache/maven/plugin/PluginDescriptorParsingException
instanceKlass org/apache/maven/lifecycle/LifecyclePhaseNotFoundException
instanceKlass org/apache/maven/plugin/PluginResolutionException
instanceKlass org/apache/maven/artifact/resolver/AbstractArtifactResolutionException
instanceKlass org/apache/maven/plugin/AbstractMojoExecutionException
instanceKlass java/security/PrivilegedActionException
instanceKlass java/util/concurrent/TimeoutException
instanceKlass java/util/concurrent/ExecutionException
instanceKlass com/google/inject/internal/ErrorsException
instanceKlass com/google/inject/internal/InternalProvisionException
instanceKlass org/codehaus/plexus/context/ContextException
instanceKlass java/text/ParseException
instanceKlass org/codehaus/plexus/component/repository/exception/ComponentLookupException
instanceKlass org/codehaus/plexus/PlexusContainerException
instanceKlass org/codehaus/plexus/util/xml/pull/XmlPullParserException
instanceKlass java/lang/CloneNotSupportedException
instanceKlass org/apache/maven/cli/MavenCli$ExitException
instanceKlass org/apache/commons/cli/ParseException
instanceKlass org/codehaus/plexus/classworlds/launcher/ConfigurationException
instanceKlass org/codehaus/plexus/classworlds/ClassWorldException
instanceKlass java/lang/InterruptedException
instanceKlass java/io/IOException
instanceKlass java/net/URISyntaxException
instanceKlass java/lang/ReflectiveOperationException
instanceKlass java/lang/RuntimeException
ciInstanceKlass java/lang/Exception 1 1 40 10 7 12 1 1 1 10 12 1 10 12 1 10 12 1 10 12 1 100 1 1 1 1 5 0 1 1 1 1 1 1 1 1 1 1 1 1 1 1
instanceKlass lombok/javac/handlers/HandleDelegate$DelegateRecursion
instanceKlass org/apache/maven/artifact/repository/metadata/RepositoryMetadataDeploymentException
instanceKlass org/apache/maven/artifact/repository/metadata/RepositoryMetadataInstallationException
instanceKlass java/lang/Exception
instanceKlass java/lang/Error
ciInstanceKlass java/lang/Throwable 1 1 404 10 7 12 1 1 1 9 7 12 1 1 1 9 12 1 1 9 12 1 9 12 1 1 9 12 1 10 12 1 1 9 12 1 1 10 12 1 1 10 12 1 100 1 7 1 10 8 1 10 12 1 1 8 1 10 100 12 1 1 10 10 12 1 100 1 8 1 10 10 12 1 1 10 7 12 1 1 10 12 1 8 1 9 7 12 1 1 1 10 12 1 1 100 1 10 12 10 12 1 10 100 12 1 1 1 100 1 10 12 10 12 1 10 12 1 100 1 10 10 7 12 1 1 1 11 100 12 1 1 1 10 12 1 1 10 12 1 1 8 1 10 12 1 10 12 1 1 8 1 8 1 10 12 1 1 10 12 1 8 1 8 1 9 12 1 1 10 12 1 1 100 1 10 11 12 1 8 1 8 1 10 7 12 1 1 8 1 10 12 1 8 1 100 1 10 12 1 9 12 1 1 10 12 1 10 7 12 1 9 12 1 1 10 12 1 1 100 1 8 1 10 12 1 10 100 12 1 1 10 12 1 1 7 1 10 100 12 1 1 1 10 12 1 11 7 12 1 1 1 11 7 12 1 1 11 12 1 8 1 10 12 1 1 8 1 10 10 9 100 12 1 1 1 8 1 10 12 1 1 11 10 100 1 8 1 10 11 12 1 1 8 1 9 12 1 10 100 12 1 1 11 9 12 1 1 11 12 1 1 100 10 12 1 10 12 1 1 7 1 1 1 1 5 0 1 1 1 1 1 1 1 1 1 1 1 1 1 7 1 1 1 1 1 1 1 1 1 1 1 1 1 1 1 1 1 1 1 1 1 1 1 1 1 1 1 1 1 1 1 1 1 1 1 1 1 1 1 1 1 1 1 1 100 1 7 1 1 1 1 1 1 1 1 1 1 1 1 1 1 1 1 1 1
staticfield java/lang/Throwable UNASSIGNED_STACK [Ljava/lang/StackTraceElement; 0 [Ljava/lang/StackTraceElement;
staticfield java/lang/Throwable SUPPRESSED_SENTINEL Ljava/util/List; java/util/Collections$EmptyList
staticfield java/lang/Throwable EMPTY_THROWABLE_ARRAY [Ljava/lang/Throwable; 0 [Ljava/lang/Throwable;
staticfield java/lang/Throwable $assertionsDisabled Z 1
ciMethod java/lang/Throwable getMessage ()Ljava/lang/String; 0 0 1 0 0
instanceKlass java/security/Provider
ciInstanceKlass java/util/Properties 1 1 690 10 7 12 1 1 1 100 1 10 7 12 1 1 7 1 10 12 1 9 12 1 1 9 12 1 1 9 12 1 1 10 7 12 1 1 1 10 12 1 1 8 1 10 7 12 1 1 1 7 1 10 12 1 10 12 1 1 8 1 10 12 1 7 1 10 12 10 12 1 1 9 12 1 1 10 12 1 1 7 1 10 12 1 10 12 1 10 12 1 1 100 1 8 1 10 12 1 10 12 1 10 12 1 1 10 12 1 7 1 3 10 10 100 12 1 1 1 10 12 1 10 12 1 1 8 1 10 12 1 10 12 1 1 8 1 10 100 12 1 1 10 12 1 1 10 12 1 10 12 1 1 100 1 10 12 1 10 12 1 1 100 1 9 100 12 1 1 1 10 12 1 10 12 1 1 10 12 1 1 10 12 1 1 100 1 9 12 1 1 7 1 7 1 10 12 1 7 1 11 7 12 1 1 1 11 12 1 1 11 7 12 1 1 1 11 7 12 1 1 1 11 12 1 1 11 12 1 11 12 1 10 12 1 1 8 1 10 12 1 10 100 12 1 1 10 12 1 100 1 10 10 12 1 10 12 1 100 1 10 10 12 1 1 10 7 12 1 1 9 100 12 1 1 10 12 1 1 10 100 12 1 1 1 100 1 100 1 100 1 10 8 1 8 1 10 12 1 10 12 1 10 12 1 1 10 10 12 1 1 10 12 1 1 100 1 10 10 12 1 11 7 12 1 1 10 7 12 1 1 1 8 1 10 100 12 1 1 11 11 7 1 8 1 10 100 1 11 10 12 1 10 10 12 1 10 12 1 1 10 12 1 1 10 12 1 1 10 12 1 10 12 1 10 10 12 1 10 12 1 10 12 1 10 10 12 1 1 10 12 1 1 10 10 12 1 10 12 1 10 12 1 10 12 1 10 12 1 1 10 12 1 1 10 12 1 10 12 1 10 12 1 1 10 12 10 12 1 1 10 12 1 1 10 12 1 10 12 1 1 10 12 1 1 10 12 10 11 12 1 4 11 10 12 1 1 10 100 12 1 1 11 12 1 10 12 1 1 10 100 12 1 1 10 12 1 100 1 8 1 10 12 1 10 10 100 12 1 1 1 100 1 6 0 10 12 1 1 11 100 12 1 1 1 10 12 1 10 12 1 1 1 1 1 5 0 1 1 1 1 1 1 1 1 1 1 1 1 1 1 1 1 1 1 1 1 1 1 1 1 1 1 1 1 1 1 1 1 1 1 1 1 1 1 1 100 1 1 1 1 1 1 1 1 1 1 1 1 1 1 1 1 1 1 1 1 100 1 1 1 1 1 1 1 1 1 1 1 1 7 1 7 1 1 1 1 1 100 1 1 1 1 1 1 1 1 1 1 1 1 1 1 1 1 1 1 1 1 1 1 1 1 1 1 1 1 1 1 1 1 1 1 1 1 1 1 1 1 1 1 1 1 1 1 1 1 1 1 1 1 1 1 1 1 1 1 1 1 1 1 1 1 1 1 1 1 1 1 1 1 1 1 1 1 1 7 1 1 1 1 1 1 1 1 1 1 1 100 1 1
staticfield java/util/Properties UNSAFE Ljdk/internal/misc/Unsafe; jdk/internal/misc/Unsafe
instanceKlass java/util/Hashtable
ciInstanceKlass java/util/Dictionary 1 1 36 10 7 12 1 1 1 100 1 1 1 1 1 1 1 1 1 1 1 1 1 1 1 1 1 1 1 1 1 1 1 1 1 1 1 1
instanceKlass java/util/Properties
ciInstanceKlass java/util/Hashtable 1 1 516 7 1 10 7 12 1 1 1 9 7 12 1 1 1 100 1 7 1 10 8 1 10 12 1 1 10 12 1 10 12 1 1 10 12 1 10 7 12 1 1 1 8 1 10 12 1 9 12 1 1 7 1 9 12 1 1 4 10 7 12 1 1 1 9 12 1 4 10 12 1 11 7 12 1 1 1 10 12 1 1 10 12 1 1 9 12 1 10 12 1 1 100 1 10 9 12 1 1 10 7 12 1 1 1 9 12 1 1 10 12 1 10 12 1 3 9 12 1 9 12 1 3 10 12 1 10 12 1 10 12 1 1 11 12 1 1 11 100 12 1 1 1 11 7 12 1 1 1 11 12 1 100 1 11 12 1 11 12 1 10 12 1 1 10 12 1 1 10 12 1 9 12 1 1 9 12 9 12 1 1 10 100 1 7 1 10 12 1 10 8 1 10 10 12 1 8 1 10 8 1 10 100 12 1 1 1 7 1 10 12 1 10 12 1 100 1 10 12 1 10 12 1 1 100 1 10 100 1 10 10 12 1 1 11 12 1 1 11 12 1 7 1 10 10 10 100 12 1 1 11 100 12 1 1 1 100 1 10 11 100 12 1 1 11 100 12 1 10 12 1 10 12 1 1 10 100 12 1 1 10 12 1 1 10 12 1 1 10 12 1 1 10 100 12 1 1 1 8 10 100 12 1 1 100 1 8 1 10 4 4 10 12 1 1 10 12 1 8 1 4 10 12 10 100 12 1 1 1 100 1 11 100 12 1 1 1 10 100 12 1 1 1 10 12 1 10 12 1 1 10 7 1 7 1 1 1 1 1 1 5 0 1 1 1 1 1 3 1 3 1 3 1 1 1 1 1 1 1 1 1 1 1 1 1 1 1 1 1 1 1 1 1 1 1 1 1 100 1 1 1 1 1 1 1 1 1 1 1 1 1 1 1 1 1 1 1 1 1 1 1 1 1 1 1 1 1 7 1 1 1 1 1 1 1 1 1 1 1 1 1 1 7 1 1 1 1 1 1 1 1 1 1 1 1 1 1 1 1 1 1 1 1 1 1 1 1 1 1 1 1 1 1 1 1 1 1 1 1 1 1 1 1 1 1 1 1 100 1 1 1 7 1 1 1 1 1 7 1 1 1 1 1 1 1 1 1 1 1 1 1 1 1 1 1 1
ciInstanceKlass java/lang/String 1 1 1451 10 7 12 1 1 1 8 1 9 7 12 1 1 1 9 12 1 1 9 12 1 1 9 12 1 1 10 12 1 10 12 1 1 10 12 1 1 9 12 1 10 7 12 1 1 1 10 12 1 1 10 12 1 10 7 12 1 1 1 10 12 1 1 10 12 1 1 10 12 1 10 12 1 1 10 12 1 10 7 12 1 1 1 7 1 9 7 12 1 1 1 10 7 12 1 1 1 10 12 1 1 10 12 1 1 10 7 12 1 1 1 10 12 1 1 9 7 12 1 1 10 12 9 7 12 1 1 10 12 1 1 3 10 12 1 1 7 1 11 12 1 1 11 12 1 11 12 1 1 10 100 12 1 1 1 10 12 1 1 9 100 12 1 1 1 10 12 1 1 10 12 1 11 12 1 1 10 12 1 10 12 10 12 1 1 10 7 12 1 1 1 10 7 12 1 1 1 10 12 1 1 100 1 7 1 10 12 1 10 12 1 10 12 1 1 10 12 1 1 100 1 10 12 1 1 100 1 10 12 1 1 10 12 1 1 10 12 1 10 10 12 1 100 1 100 1 100 1 10 12 1 10 12 1 1 10 12 1 1 10 12 1 10 12 1 1 10 12 1 1 10 100 12 1 1 100 1 11 10 7 12 1 1 11 12 1 11 12 1 10 12 1 1 10 12 1 10 12 10 12 1 1 10 10 100 12 1 1 1 10 100 12 1 1 10 12 1 1 10 100 12 1 1 10 12 1 10 12 1 1 10 12 1 1 10 12 1 10 12 1 10 12 1 1 100 1 10 12 1 1 10 12 10 12 1 10 12 1 1 10 12 1 1 10 7 12 1 1 1 10 12 1 10 12 1 1 10 12 1 10 12 1 3 3 10 12 1 1 10 12 1 10 12 1 1 10 12 1 1 10 12 1 1 10 12 1 10 12 1 1 10 12 1 1 10 12 1 10 12 1 10 12 1 10 12 1 1 10 12 1 10 12 1 10 12 1 10 12 1 10 12 1 10 12 1 10 7 1 10 8 1 10 12 1 1 10 12 1 8 1 10 12 1 1 10 12 10 12 1 8 1 10 10 12 1 1 10 12 1 1 10 12 1 1 10 7 1 10 10 12 1 10 12 1 10 12 1 10 10 12 1 10 12 1 10 12 1 10 12 1 10 12 1 10 12 1 10 12 1 1 10 12 1 1 10 12 1 1 10 10 12 1 1 10 10 12 1 100 1 10 10 12 1 1 10 12 1 1 10 7 1 10 12 1 10 12 1 10 7 12 1 1 1 10 12 1 10 12 1 1 10 12 1 11 7 1 11 12 10 12 1 10 12 1 1 10 12 1 1 10 10 12 1 10 12 1 9 12 1 1 11 7 12 1 1 1 10 12 10 10 12 1 10 12 1 1 10 10 12 1 10 12 1 10 12 1 1 10 12 1 1 10 10 12 1 1 10 12 1 10 10 12 1 10 12 10 10 12 10 10 12 1 10 12 1 10 10 12 10 7 12 1 1 1 10 12 10 10 12 10 12 1 10 12 10 12 10 10 12 1 10 12 1 1 10 12 1 1 10 10 12 1 10 7 12 1 1 1 10 12 1 1 10 10 7 12 1 1 1 11 10 12 1 10 12 1 1 10 12 1 1 10 7 12 1 1 1 10 12 1 10 12 1 10 12 1 10 12 1 10 12 1 10 12 1 100 1 7 1 8 1 10 10 10 12 1 10 12 1 1 8 1 10 12 1 3 3 10 12 1 10 12 1 1 10 12 7 1 10 10 12 1 1 10 12 1 10 12 1 10 12 1 1 10 12 1 1 11 7 12 1 1 1 7 1 10 12 1 10 12 1 1 8 1 10 12 1 1 10 12 1 11 7 12 1 1 1 11 7 12 1 1 11 12 1 10 12 1 10 12 1 1 10 10 7 12 1 1 1 10 12 1 10 12 1 10 10 12 10 12 1 1 10 10 12 1 10 10 12 1 10 10 12 1 10 10 12 1 10 12 1 1 10 10 12 1 8 1 10 12 1 1 18 12 1 1 11 7 12 1 1 1 7 1 3 18 12 1 18 12 1 8 1 10 7 12 1 1 1 11 12 1 1 10 12 10 10 12 1 10 11 12 1 1 10 12 1 1 11 12 1 18 3 11 10 12 1 11 11 10 12 1 10 12 1 1 8 1 10 12 1 10 12 1 10 12 1 1 10 10 12 1 11 100 12 1 100 1 100 1 10 12 100 1 10 10 100 12 1 1 1 100 1 10 7 1 10 10 12 1 10 10 12 1 8 1 10 10 12 1 8 1 8 1 10 12 1 10 12 1 10 10 12 10 7 12 1 1 10 7 12 1 1 10 7 12 1 1 8 1 10 12 1 10 12 1 10 9 12 1 10 12 9 7 12 1 1 1 10 12 1 10 12 1 10 12 1 10 12 10 12 1 10 12 1 8 1 10 100 12 1 1 1 10 12 10 12 1 1 10 12 10 10 12 10 12 7 1 9 12 1 1 7 1 10 7 1 7 1 7 1 7 1 1 1 1 1 1 5 0 1 1 1 1 1 3 1 3 1 1 1 1 1 1 1 1 1 1 1 1 1 1 1 100 1 1 1 1 1 1 1 1 1 1 1 1 1 1 1 1 1 1 1 1 1 1 1 1 1 1 1 1 1 1 1 100 1 1 1 1 1 1 1 1 1 1 1 1 7 1 1 1 1 1 1 1 1 1 1 1 1 1 1 1 1 1 1 1 1 1 1 1 1 1 1 1 1 1 1 1 1 1 1 1 1 1 1 1 1 1 1 1 1 1 1 1 1 1 1 1 1 1 1 1 1 1 1 1 1 1 1 1 1 1 1 1 1 1 1 1 1 1 1 1 1 1 1 1 1 1 1 1 1 1 1 1 1 1 1 1 1 1 1 1 1 1 1 1 1 1 1 1 1 1 1 1 1 1 1 1 1 1 1 1 1 1 1 1 1 1 1 1 1 1 1 1 1 1 1 1 1 1 1 1 1 1 1 1 1 1 1 1 1 1 1 1 1 1 1 1 1 1 1 1 1 1 1 1 1 1 1 1 1 1 1 1 1 1 1 1 1 1 1 100 1 1 1 1 1 1 1 1 1 1 1 1 1 1 1 1 1 1 1 1 1 1 1 100 1 1 1 1 1 1 1 1 1 1 1 1 1 1 1 7 1 1 1 1 1 1 1 1 1 1 1 1 1 1 1 16 15 10 12 16 15 10 12 15 10 12 15 10 12 15 10 7 12 1 1 1 1 1 1 1 100 1 100 1 1 1
staticfield java/lang/String COMPACT_STRINGS Z 1
staticfield java/lang/String serialPersistentFields [Ljava/io/ObjectStreamField; 0 [Ljava/io/ObjectStreamField;
staticfield java/lang/String CASE_INSENSITIVE_ORDER Ljava/util/Comparator; java/lang/String$CaseInsensitiveComparator
ciMethod java/lang/String equals (Ljava/lang/Object;)Z 1024 0 5637 0 424
ciInstanceKlass java/lang/constant/ConstantDesc 1 0 37 100 1 100 1 1 1 1 100 1 1 1 1 100 1 100 1 100 1 100 1 100 1 100 1 100 1 100 1 100 1 1 100 1 100 1 1
ciInstanceKlass java/lang/InternalError 0 0 34 10 100 12 1 1 1 10 12 1 10 12 1 10 12 1 100 1 1 1 1 5 0 1 1 1 1 1 1 1 1 1 1 1
instanceKlass com/sun/tools/javac/file/PathFileObject$CannotCreateUriError
instanceKlass com/sun/tools/javac/processing/ServiceProxy$ServiceConfigurationError
instanceKlass com/sun/tools/javac/util/Abort
instanceKlass com/sun/tools/javac/processing/AnnotationProcessingError
instanceKlass com/sun/tools/javac/util/FatalError
instanceKlass java/util/ServiceConfigurationError
instanceKlass com/google/common/util/concurrent/ExecutionError
instanceKlass java/io/IOError
instanceKlass org/apache/maven/BuildAbort
instanceKlass java/lang/AssertionError
instanceKlass java/lang/VirtualMachineError
instanceKlass java/lang/LinkageError
ciInstanceKlass java/lang/Error 1 1 40 10 7 12 1 1 1 10 12 1 10 12 1 10 12 1 10 12 1 100 1 1 1 1 5 0 1 1 1 1 1 1 1 1 1 1 1 1 1 1
instanceKlass java/lang/StackOverflowError
instanceKlass java/lang/OutOfMemoryError
instanceKlass java/lang/InternalError
ciInstanceKlass java/lang/VirtualMachineError 1 1 34 10 100 12 1 1 1 10 12 1 10 12 1 10 12 1 100 1 1 1 1 5 0 1 1 1 1 1 1 1 1 1 1 1
ciInstanceKlass java/util/Iterator 1 1 53 100 1 8 1 10 12 1 1 10 7 12 1 1 1 11 7 12 1 1 1 11 12 1 1 11 7 12 1 1 1 7 1 1 1 1 1 1 1 1 1 1 1 1 1 1 1 1 1 1 1 1 1
ciInstanceKlass java/util/Map$Entry 1 0 178 18 12 1 1 7 1 100 1 18 10 100 12 1 1 1 18 12 1 18 100 1 11 7 12 1 1 1 11 12 1 11 7 12 1 1 1 10 100 12 1 1 1 10 7 12 1 1 1 8 1 10 12 1 1 8 1 8 1 8 1 10 12 1 10 12 1 8 10 7 1 10 12 1 8 10 12 1 8 1 10 12 1 8 10 12 1 8 1 10 12 1 1 8 1 100 1 8 1 10 12 1 1 11 12 7 1 11 12 1 1 1 1 1 1 1 1 1 1 1 1 1 1 1 1 1 1 1 1 1 1 1 1 1 1 1 1 1 1 1 1 1 1 1 1 1 1 1 16 15 11 12 16 3 3 15 11 12 15 11 12 15 11 12 15 10 100 12 1 1 1 1 1 100 1 100 1 1
instanceKlass jdk/nio/zipfs/ZipFileSystem$EntryInputStream
instanceKlass sun/nio/ch/ChannelInputStream
instanceKlass java/util/zip/ZipFile$ZipFileInputStream
instanceKlass java/io/FilterInputStream
instanceKlass java/io/FileInputStream
instanceKlass java/io/ByteArrayInputStream
ciInstanceKlass java/io/InputStream 1 1 195 7 1 10 7 12 1 1 1 100 1 10 10 7 12 1 1 1 10 7 12 1 1 1 10 12 1 100 1 3 10 12 1 1 100 1 8 1 10 12 1 10 7 12 1 1 1 3 7 1 8 1 10 10 7 12 1 1 1 7 1 10 11 7 12 1 1 1 10 12 1 1 11 12 1 1 11 7 12 1 1 1 11 12 1 1 7 1 10 7 12 1 1 1 5 0 10 12 1 10 12 1 1 100 1 10 8 1 10 8 1 8 1 10 12 1 1 10 100 12 1 1 1 7 1 5 0 10 12 1 100 1 7 1 1 1 1 3 1 3 1 1 1 1 1 1 1 1 1 1 1 1 1 1 1 1 1 1 1 1 1 1 1 1 1 1 1 1 1 1 1 1 1 1 1 1 1 1 1 1 1 1 1 1 1 1 1 1 1 1 1 1 1 1 1
ciInstanceKlass jdk/internal/misc/Unsafe 1 1 1287 10 7 12 1 1 1 9 7 12 1 1 1 9 12 1 1 10 12 1 1 10 7 12 1 1 1 10 12 1 1 10 12 1 1 10 12 1 1 10 12 1 1 10 12 1 1 10 12 1 1 10 12 1 1 10 12 1 1 10 12 1 1 10 12 1 1 10 12 1 1 10 12 1 1 10 12 1 1 10 12 1 10 12 1 100 1 10 10 12 1 1 10 12 1 1 5 0 10 12 1 1 10 12 1 1 10 7 12 1 1 1 10 12 1 1 10 12 1 10 12 1 10 12 1 1 10 12 1 1 10 12 1 10 12 1 7 1 7 1 10 8 1 10 12 1 1 10 12 1 8 1 10 12 1 1 10 12 1 10 12 1 10 12 1 1 10 12 1 10 12 1 1 10 12 1 1 10 12 1 10 12 1 10 12 1 10 12 1 1 10 12 1 10 12 1 10 12 1 1 10 12 1 5 0 5 0 5 0 10 12 1 10 12 1 10 12 1 10 12 1 10 12 1 10 12 1 10 12 1 10 12 1 10 12 1 1 10 12 1 10 12 1 7 1 8 1 10 100 1 10 10 12 1 1 10 12 1 1 10 12 1 10 12 1 1 10 12 1 1 10 12 1 10 12 1 1 10 12 1 9 7 12 1 1 9 12 1 100 1 10 10 12 1 1 8 1 10 8 1 8 1 10 12 1 1 9 7 12 1 1 1 9 7 1 9 7 1 9 7 1 9 9 7 1 9 7 1 9 7 1 10 12 1 1 10 12 1 1 10 12 1 1 10 12 1 1 5 0 5 0 9 12 1 1 10 12 1 10 12 1 10 12 1 1 10 12 1 1 10 12 1 8 1 3 10 12 1 1 10 12 1 1 10 12 1 10 12 1 1 10 12 1 1 10 12 1 10 12 1 10 12 1 10 12 1 10 12 1 10 12 1 1 10 12 1 1 10 12 1 10 12 1 10 12 1 10 12 1 10 12 1 10 12 1 1 10 12 1 1 10 12 1 10 12 1 10 12 1 10 12 1 10 12 1 10 12 1 1 10 12 1 1 10 12 1 1 10 12 1 1 10 12 1 10 12 1 10 12 1 10 12 1 10 12 1 10 12 1 10 12 1 1 10 12 1 1 10 12 1 10 12 1 10 12 1 10 12 1 10 12 1 10 12 1 10 12 1 1 10 12 1 1 10 12 1 10 12 1 10 12 1 10 12 1 10 12 1 10 12 1 10 12 1 10 12 1 1 10 12 1 10 12 1 10 12 1 10 12 1 10 12 1 1 10 12 1 10 12 1 10 12 1 10 12 1 10 12 1 10 12 1 10 12 1 10 12 1 1 10 12 1 10 12 1 10 12 1 10 12 1 10 12 1 10 12 1 1 10 12 1 10 12 1 10 12 1 1 10 12 1 10 12 1 10 12 1 10 12 1 10 12 1 10 12 1 10 12 1 10 12 1 10 12 1 10 12 1 10 12 1 10 12 1 10 12 1 10 12 1 10 12 1 10 12 1 10 12 1 10 12 1 10 12 1 10 12 1 10 12 1 10 12 1 10 12 1 100 1 10 100 1 10 9 12 1 5 0 10 12 1 1 5 0 10 12 1 5 0 10 12 1 10 12 1 10 12 1 1 10 12 1 1 10 12 1 10 12 1 10 12 1 10 12 1 1 10 12 1 10 12 1 10 12 1 10 12 1 10 12 1 1 10 12 1 10 12 1 10 12 1 10 12 1 1 10 12 1 10 12 1 10 12 1 1 10 12 1 10 12 1 10 12 1 10 12 1 1 10 12 1 10 10 12 1 1 10 12 1 10 12 1 1 10 12 1 10 12 5 0 5 0 5 0 10 12 1 1 10 12 1 10 12 1 10 12 10 100 12 1 1 8 1 100 1 11 12 1 1 8 1 11 12 1 1 10 100 12 1 1 10 12 1 10 12 1 10 12 1 10 12 1 10 12 1 1 10 12 1 10 12 1 10 12 1 10 12 1 10 12 1 10 12 1 10 7 1 10 12 1 9 12 1 7 1 9 12 1 7 1 9 12 1 7 1 9 12 1 7 1 9 12 1 7 1 9 12 1 7 1 9 12 1 7 1 9 12 1 7 1 9 12 1 10 12 1 9 12 1 9 12 1 9 12 1 9 12 1 9 12 1 9 12 1 9 12 1 9 12 1 9 12 1 9 12 1 1 1 3 1 1 1 1 1 1 1 1 1 1 1 1 1 1 1 1 1 1 1 1 1 1 1 1 1 1 1 1 1 1 1 1 1 1 1 1 1 1 1 1 1 1 1 1 1 1 1 1 1 1 1 1 1 1 1 1 1 1 1 1 1 1 1 1 1 1 1 1 1 1 1 1 1 1 1 1 1 1 1 1 1 1 1 1 1 1 1 1 1 100 1 1 1 1 1 1 1 1 1 1 1 1 1 1 1 1 1 1 1 1 1 1 1 1 1 1 1 1 1 1 1 1 1 1 1 1 1 1 1 1 1 1 1 1 1 1 1 1 1 1 1 1 1 1 1 1 1 1 1 1 1 1 1 1 1 1 1 1 1 1 1 1 1 1 1 1 1 1 1 1 1 1 1 1 1 1 1 1 1 1 1 1 1 1 1 1 1 1 1 1 1 1 1 1 1 1 1 1 1 1 1 1 1 1 1 1 1 1 1 1 1 1 1 1 1 1 1 1 1 1 1 1 1 1 1 1 1 1 1 1 1 1 1 1 1 1 1 1 1 1 1 1 1 1 1 1 1 1 1 1 1 1 1 1 1 1 1 1 1 1 1 1 1 1 1 1 1 1 1 1 1 1 1 1 1 1 1 1 1 1 1 1 1 1 1 1 1 1 1 1 1 1 1 1 1 1 3 1 1 1 1 1 1 1 1 1 1 1 1 1 1 1 1 1 1 1 1 1
staticfield jdk/internal/misc/Unsafe theUnsafe Ljdk/internal/misc/Unsafe; jdk/internal/misc/Unsafe
staticfield jdk/internal/misc/Unsafe ARRAY_BOOLEAN_BASE_OFFSET I 16
staticfield jdk/internal/misc/Unsafe ARRAY_BYTE_BASE_OFFSET I 16
staticfield jdk/internal/misc/Unsafe ARRAY_SHORT_BASE_OFFSET I 16
staticfield jdk/internal/misc/Unsafe ARRAY_CHAR_BASE_OFFSET I 16
staticfield jdk/internal/misc/Unsafe ARRAY_INT_BASE_OFFSET I 16
staticfield jdk/internal/misc/Unsafe ARRAY_LONG_BASE_OFFSET I 16
staticfield jdk/internal/misc/Unsafe ARRAY_FLOAT_BASE_OFFSET I 16
staticfield jdk/internal/misc/Unsafe ARRAY_DOUBLE_BASE_OFFSET I 16
staticfield jdk/internal/misc/Unsafe ARRAY_OBJECT_BASE_OFFSET I 16
staticfield jdk/internal/misc/Unsafe ARRAY_BOOLEAN_INDEX_SCALE I 1
staticfield jdk/internal/misc/Unsafe ARRAY_BYTE_INDEX_SCALE I 1
staticfield jdk/internal/misc/Unsafe ARRAY_SHORT_INDEX_SCALE I 2
staticfield jdk/internal/misc/Unsafe ARRAY_CHAR_INDEX_SCALE I 2
staticfield jdk/internal/misc/Unsafe ARRAY_INT_INDEX_SCALE I 4
staticfield jdk/internal/misc/Unsafe ARRAY_LONG_INDEX_SCALE I 8
staticfield jdk/internal/misc/Unsafe ARRAY_FLOAT_INDEX_SCALE I 4
staticfield jdk/internal/misc/Unsafe ARRAY_DOUBLE_INDEX_SCALE I 8
staticfield jdk/internal/misc/Unsafe ARRAY_OBJECT_INDEX_SCALE I 4
staticfield jdk/internal/misc/Unsafe ADDRESS_SIZE I 8
instanceKlass lombok/javac/apt/LombokProcessor$1
instanceKlass lombok/launch/ShadowClassLoader
instanceKlass com/google/inject/internal/BytecodeGen$BridgeClassLoader
instanceKlass org/eclipse/sisu/space/CloningClassSpace$CloningClassLoader
instanceKlass jdk/internal/reflect/DelegatingClassLoader
instanceKlass java/security/SecureClassLoader
ciInstanceKlass java/lang/ClassLoader 1 1 1108 9 7 12 1 1 1 10 7 12 1 1 1 9 12 1 1 10 7 12 1 1 1 7 1 10 12 1 1 10 12 1 1 9 12 1 1 10 12 1 1 100 1 10 12 1 10 12 1 1 10 7 12 1 1 1 100 1 8 1 10 12 1 10 7 12 1 1 1 10 7 12 1 10 7 1 10 7 1 7 1 7 1 10 12 1 10 12 1 9 12 1 1 10 10 7 12 1 1 1 9 12 1 1 9 12 1 9 12 1 1 9 12 1 9 12 1 1 9 12 1 1 7 1 10 12 1 9 12 1 1 10 12 1 1 10 7 12 1 1 1 9 12 1 9 12 1 1 9 12 1 10 12 1 1 9 12 10 12 1 1 7 1 10 8 1 10 12 1 1 10 12 1 10 7 1 7 1 10 12 1 1 10 7 12 1 1 1 8 1 10 12 1 10 12 1 10 12 1 1 10 12 1 1 10 12 1 1 10 12 1 1 10 12 1 1 10 12 1 7 1 10 12 1 10 7 12 1 1 1 10 12 1 1 10 12 1 10 12 1 10 12 1 10 12 1 10 12 1 1 10 10 12 1 10 12 1 10 100 12 1 1 10 12 1 1 10 12 1 1 10 12 1 100 1 10 12 1 7 1 10 12 1 10 7 12 1 1 1 10 10 12 1 1 10 12 1 1 7 1 8 1 10 8 1 10 12 1 10 12 1 100 1 8 1 10 12 1 1 10 12 1 1 10 10 12 1 1 10 12 1 1 10 12 1 1 10 7 1 10 12 1 1 10 12 1 1 10 12 1 1 10 12 1 1 10 12 1 1 10 12 1 1 10 12 1 10 7 12 1 1 1 10 12 1 10 12 1 10 12 1 1 10 12 1 10 12 1 10 12 1 10 12 1 1 10 12 1 10 12 1 1 8 1 9 12 1 10 12 1 1 8 1 8 1 10 7 12 1 1 100 1 10 10 12 10 12 1 10 12 1 10 12 1 10 12 1 1 10 7 12 1 1 10 12 1 10 7 1 7 1 10 12 1 1 10 12 1 10 7 1 10 12 1 100 1 18 12 1 10 100 12 1 1 1 10 7 12 1 1 1 10 7 12 1 1 10 12 1 10 12 1 100 1 10 12 1 8 1 10 10 12 1 1 10 12 1 10 12 1 1 100 1 10 12 1 10 12 1 1 10 7 12 1 1 10 12 1 8 1 100 1 10 10 12 1 9 12 1 10 7 12 1 1 10 12 1 7 1 8 1 10 12 1 10 8 1 8 1 10 12 1 1 10 12 1 1 10 12 1 1 10 7 12 1 1 7 1 100 1 10 12 1 1 7 1 7 1 10 7 12 1 1 10 12 1 10 12 1 1 10 12 1 10 12 1 1 10 12 1 1 9 100 12 1 1 1 10 12 1 1 10 12 1 10 12 1 10 12 1 1 10 12 1 8 1 7 1 18 12 1 1 10 12 1 1 10 12 1 10 12 1 10 12 1 8 1 10 12 1 10 12 1 18 12 1 11 100 12 1 1 1 100 1 10 12 1 1 10 12 1 10 11 12 1 1 10 18 10 12 1 1 11 7 12 1 18 12 1 11 12 1 1 10 12 10 12 1 1 10 12 1 1 100 1 8 1 10 10 12 1 8 1 8 1 10 100 12 1 1 10 12 1 100 1 10 10 12 1 8 1 8 1 8 1 10 12 1 10 12 1 1 10 12 1 10 7 12 1 1 1 11 7 12 1 1 100 1 10 11 10 12 1 10 12 1 10 12 1 1 9 7 12 1 1 9 12 1 1 9 12 9 12 1 9 12 1 9 12 1 8 10 12 1 1 10 7 12 1 1 1 10 12 1 1 10 12 1 1 10 12 1 10 10 12 1 11 12 1 1 10 100 12 1 1 1 100 1 10 12 1 10 12 1 10 12 1 1 1 1 1 1 1 1 1 1 1 1 1 1 1 1 1 1 1 1 1 1 1 1 1 1 1 1 100 1 1 1 1 1 1 1 1 1 1 1 1 1 1 1 1 1 1 1 1 1 100 1 1 1 1 1 1 1 1 1 1 100 1 1 1 1 1 1 1 1 1 1 1 1 1 1 1 1 1 1 1 1 1 1 1 1 1 1 1 1 1 1 1 1 1 1 1 1 1 1 1 1 1 100 1 1 1 1 1 1 1 1 1 1 1 1 1 1 1 1 1 1 1 7 1 1 1 1 1 1 1 1 1 1 1 1 1 1 1 1 1 1 1 1 1 1 1 1 1 1 1 1 1 1 1 1 1 1 1 1 1 1 1 1 1 1 1 1 1 1 1 1 1 1 100 1 1 1 1 1 1 1 1 1 1 1 1 1 1 1 1 1 1 1 1 1 1 1 1 1 1 1 1 1 1 1 1 1 1 1 1 1 1 1 1 1 1 1 1 1 1 16 1 15 10 12 16 1 16 15 10 12 16 1 16 1 15 10 12 16 15 10 12 16 15 10 12 16 15 10 100 12 1 1 1 1 1 100 1 100 1 1
staticfield java/lang/ClassLoader nocerts [Ljava/security/cert/Certificate; 0 [Ljava/security/cert/Certificate;
staticfield java/lang/ClassLoader $assertionsDisabled Z 1
ciInstanceKlass java/lang/reflect/Constructor 1 1 439 10 7 12 1 1 1 10 7 12 1 1 9 7 12 1 1 1 10 12 1 1 10 12 1 1 10 7 12 1 1 9 12 1 1 10 7 12 1 1 1 9 12 1 1 9 12 1 1 9 12 1 9 12 1 1 9 12 1 9 12 1 1 9 12 1 1 9 12 1 100 1 8 1 10 12 1 10 12 1 9 12 1 1 10 7 12 1 1 10 7 12 1 1 1 10 12 1 1 10 12 1 1 10 12 1 7 1 100 1 8 1 10 10 12 1 10 12 1 10 12 1 1 10 12 1 1 9 100 12 1 1 1 10 7 12 1 1 10 12 1 1 10 12 1 10 12 1 1 10 7 12 1 1 1 10 100 12 1 1 10 12 1 1 10 12 1 10 7 12 1 1 1 8 1 10 10 12 1 100 1 8 1 10 12 1 10 12 1 1 10 12 1 1 10 12 1 10 12 1 10 12 1 1 10 12 1 1 9 12 1 1 10 12 1 1 10 12 1 1 10 12 1 1 11 7 12 1 1 1 10 12 1 1 10 12 1 10 12 1 10 12 1 8 1 9 12 1 1 10 7 12 1 1 1 10 7 12 1 1 10 12 1 1 10 12 1 1 10 12 1 1 10 12 1 1 10 12 1 9 7 12 1 1 10 12 1 10 12 1 10 12 1 100 1 8 1 10 10 12 1 1 10 12 1 10 10 12 1 1 10 12 1 1 10 100 12 1 1 1 11 100 12 1 1 1 10 12 1 1 9 100 12 1 1 1 10 100 12 1 1 1 10 12 1 1 1 1 1 1 1 1 1 1 1 1 1 1 1 1 1 1 1 1 1 1 1 1 1 1 1 1 1 1 1 1 1 1 1 1 1 1 1 1 1 1 1 1 1 1 1 1 1 1 1 1 100 1 100 1 100 1 100 1 1 1 1 1 1 1 1 1 1 1 1 1 1 1 1 1 1 1 1 1 1 1 1 1 1 1 1 1 1 1 1 1 100 1 1
instanceKlass java/lang/reflect/Executable
instanceKlass java/lang/reflect/Field
ciInstanceKlass java/lang/reflect/AccessibleObject 1 1 400 10 7 12 1 1 1 9 100 12 1 1 1 10 7 12 1 1 1 10 7 12 1 1 10 7 12 1 1 1 10 7 12 1 1 1 10 12 1 1 10 12 1 1 9 12 1 1 7 1 10 7 12 1 1 1 11 12 1 7 1 10 12 1 7 1 100 1 10 12 1 10 12 1 1 10 12 1 1 10 12 1 1 10 12 1 1 7 1 10 7 12 1 1 1 10 12 1 1 11 10 7 12 1 1 1 10 12 1 1 10 12 1 10 12 1 10 12 1 1 10 12 1 8 1 7 1 7 1 10 10 12 1 1 8 1 10 12 1 10 12 1 8 1 8 1 8 1 8 1 8 1 8 1 8 1 8 1 8 1 100 1 10 12 1 10 12 1 9 12 1 1 10 12 1 1 10 12 1 10 7 1 100 1 8 1 10 8 1 10 12 1 8 1 10 12 1 10 12 1 1 10 100 1 8 1 10 11 7 12 1 1 1 10 12 1 1 10 12 1 1 10 12 1 1 9 12 1 1 100 1 10 12 1 7 1 10 12 1 10 12 1 1 10 100 1 10 12 1 10 12 10 12 1 10 12 1 10 12 1 1 10 12 1 9 12 1 10 100 12 1 1 8 1 10 100 12 1 1 1 8 1 10 7 12 1 1 1 9 12 1 7 1 10 7 1 10 10 7 12 1 1 1 7 1 10 10 7 12 1 1 1 7 1 9 12 1 1 1 1 1 1 1 1 1 1 1 1 1 1 1 1 1 1 1 1 1 1 1 1 1 1 1 1 1 1 1 1 1 1 1 1 1 1 1 1 1 1 1 1 1 1 1 1 1 1 1 1 1 1 1 1 1 1 1 1 1 1 1 1 1 1 1 1 1 1 1 1 1 1 1 1 1 1 1 1 1 1 1 1
staticfield java/lang/reflect/AccessibleObject reflectionFactory Ljdk/internal/reflect/ReflectionFactory; jdk/internal/reflect/ReflectionFactory
instanceKlass java/lang/reflect/Constructor
instanceKlass java/lang/reflect/Method
ciInstanceKlass java/lang/reflect/Executable 1 1 581 10 7 12 1 1 1 10 7 12 1 1 1 10 7 12 1 1 1 11 7 12 1 1 1 10 7 12 1 1 1 10 12 1 1 10 7 12 1 1 1 10 7 12 1 1 1 10 12 1 8 1 10 10 12 1 1 10 12 1 1 10 100 12 1 1 1 18 12 1 1 11 100 12 1 1 1 8 1 8 1 8 1 10 100 12 1 1 1 11 12 1 1 7 1 8 1 8 1 10 12 1 7 1 8 1 10 12 1 8 1 11 100 12 1 1 1 7 1 11 7 12 1 1 1 11 12 1 8 1 18 8 1 10 12 1 10 12 1 1 18 8 1 10 12 1 100 1 10 12 1 10 12 1 11 12 1 10 12 1 1 8 1 8 1 10 12 1 1 10 12 1 1 10 10 12 1 9 100 12 1 1 1 10 100 12 1 1 1 10 12 1 10 12 1 1 10 7 12 1 1 10 12 1 10 12 1 10 12 1 10 7 12 1 1 7 1 10 100 12 1 1 1 10 12 1 1 10 7 12 1 1 10 12 1 10 12 1 1 9 100 12 1 1 1 10 100 10 12 1 8 1 10 12 1 10 12 1 3 100 1 8 1 10 12 1 10 12 1 10 10 12 1 10 12 1 1 8 1 8 1 8 1 9 12 1 1 9 12 1 10 12 1 100 1 8 1 10 12 1 10 12 1 10 12 1 1 10 12 1 1 10 12 1 10 12 10 12 1 7 1 10 12 1 10 12 1 1 100 1 10 7 12 1 1 1 7 1 10 7 12 1 1 1 10 12 1 1 11 7 12 1 1 10 12 1 10 100 12 1 1 1 10 12 1 1 9 12 1 10 12 1 1 10 12 1 10 12 1 1 9 100 12 1 1 1 10 100 12 1 1 1 10 12 1 10 12 1 1 9 12 1 10 10 10 10 100 12 1 1 1 10 12 1 9 12 1 10 12 1 1 9 12 1 7 1 7 1 1 1 1 1 1 1 1 1 1 1 1 1 1 1 1 1 1 1 1 1 1 1 1 1 1 1 1 1 1 1 1 1 1 1 1 100 1 1 1 1 1 1 1 1 1 1 1 1 1 1 1 1 1 1 1 100 1 1 1 1 1 1 1 1 1 1 1 1 1 1 1 1 1 1 1 1 1 1 1 1 1 1 1 1 1 1 1 1 1 1 1 1 1 1 1 1 1 1 1 7 1 1 1 1 1 1 1 1 1 1 1 1 1 1 1 1 1 1 1 1 1 1 7 1 1 16 15 16 1 16 1 15 10 12 16 15 10 100 12 1 1 1 1 1 1 100 1 1 100 1 100 1 1
ciInstanceKlass java/lang/reflect/Member 1 1 37 100 1 10 12 1 1 100 1 100 1 1 1 1 3 1 3 1 1 1 1 1 1 1 1 1 1 1 1 1 1 1 1 1 1 1 1
instanceKlass com/sun/tools/javac/file/BaseFileManager$1
instanceKlass org/apache/maven/shared/utils/logging/MessageUtils$1
instanceKlass java/util/logging/LogManager$Cleaner
instanceKlass org/apache/maven/shared/utils/logging/MessageUtils$1
instanceKlass jdk/internal/misc/InnocuousThread
instanceKlass java/util/concurrent/ForkJoinWorkerThread
instanceKlass java/lang/ref/Finalizer$FinalizerThread
instanceKlass java/lang/ref/Reference$ReferenceHandler
instanceKlass java/lang/BaseVirtualThread
ciInstanceKlass java/lang/Thread 1 1 870 10 7 12 1 1 1 9 12 1 1 10 100 12 1 1 10 12 1 10 100 12 1 1 100 1 8 1 10 12 1 1 9 12 1 9 12 1 1 9 12 1 1 7 1 10 12 1 1 10 12 1 10 100 12 1 1 1 10 12 9 12 1 1 10 12 1 7 1 10 12 1 100 1 8 1 10 9 100 12 1 1 1 10 12 1 1 10 12 1 1 10 12 1 1 10 12 1 10 12 1 1 3 8 1 7 1 5 0 10 7 12 1 1 1 9 12 1 10 12 1 1 10 7 12 1 1 1 10 7 12 1 1 1 10 12 1 1 10 12 1 1 9 12 1 1 10 7 1 8 1 10 7 1 10 12 1 9 12 1 1 10 7 12 1 1 1 10 10 12 1 1 9 100 12 1 1 1 10 12 1 1 10 12 1 1 10 7 12 1 1 10 12 1 10 12 1 10 7 12 1 1 9 12 1 10 7 12 1 1 1 10 12 1 1 9 12 1 1 9 12 1 1 10 7 12 1 1 1 9 12 1 1 10 100 12 1 1 10 100 12 1 1 1 10 12 1 10 12 1 10 7 12 1 1 9 12 1 8 1 9 7 12 1 1 9 12 1 1 5 0 100 1 10 100 1 10 100 1 10 7 1 10 8 1 10 12 1 1 10 7 12 1 10 12 1 10 12 1 100 1 8 1 10 10 12 1 10 12 1 1 10 100 12 1 1 1 10 100 12 1 1 1 10 12 1 7 1 9 12 1 1 100 1 10 10 12 1 9 12 1 1 10 12 1 1 10 12 1 1 10 12 1 10 12 1 9 12 1 1 10 10 12 1 1 10 12 1 1 11 7 12 1 1 10 7 12 1 1 9 12 1 9 12 1 1 9 12 1 1 10 100 12 1 1 10 12 1 1 9 100 12 1 1 1 10 100 12 1 1 10 12 1 10 12 1 100 1 10 10 12 9 12 1 1 10 12 1 11 100 12 1 1 10 12 1 10 12 1 10 12 1 9 12 1 10 10 12 1 10 12 1 1 9 12 1 9 12 10 12 1 8 1 10 12 1 10 12 1 10 12 1 10 12 1 10 12 1 1 10 12 1 10 12 1 1 10 12 1 10 12 1 10 12 1 10 12 1 10 12 1 1 9 7 12 1 1 1 8 1 10 9 12 1 10 12 1 7 1 8 1 10 10 12 1 8 1 10 12 1 1 9 12 10 12 8 1 10 10 12 1 10 12 1 8 1 10 12 1 10 8 1 10 100 12 1 1 10 12 1 1 100 1 8 1 10 9 12 1 9 12 1 1 10 12 1 1 10 10 12 1 10 12 1 100 10 7 12 1 1 1 9 12 1 10 12 1 1 10 12 1 1 10 100 12 1 1 1 11 7 12 1 1 1 9 100 12 1 1 1 10 100 12 1 1 1 7 1 10 12 1 100 1 10 12 1 10 12 1 1 10 12 1 1 8 1 9 12 1 10 12 1 10 12 1 1 11 7 12 1 1 1 10 12 1 1 1 1 3 1 3 1 3 1 3 1 1 1 1 1 1 1 1 1 1 1 1 1 1 1 1 1 1 1 1 1 7 1 1 1 1 1 1 1 1 1 1 1 1 1 1 1 1 1 1 1 1 1 1 100 1 1 1 1 1 1 1 1 1 1 1 1 1 1 1 1 7 1 7 1 1 1 1 1 1 1 1 1 1 1 1 1 1 1 1 1 1 1 1 1 1 1 1 1 1 1 1 1 1 1 1 1 1 1 1 1 1 1 1 1 1 1 1 1 1 1 1 1 1 1 1 1 1 1 1 1 1 1 1 1 1 1 1 1 1 1 1 1 1 1 1 1 1 1 1 100 100 1 1 1 1 1 1 1 1 1 1 1 1 1 1 1 1 1 1 1 1 1 1 1 1 1 1 100 1 100 1 100 1 100 1 100 1 1 100 1 1 1 1 1 1 1 1 1 1 1 1 1 1 1
staticfield java/lang/Thread NEW_THREAD_BINDINGS Ljava/lang/Object; java/lang/Class
staticfield java/lang/Thread EMPTY_STACK_TRACE [Ljava/lang/StackTraceElement; 0 [Ljava/lang/StackTraceElement;
ciInstanceKlass java/lang/Runnable 1 0 11 100 1 100 1 1 1 1 1 1 1
ciInstanceKlass java/net/URL 1 1 771 10 7 12 1 1 1 10 12 1 10 7 12 1 1 9 12 1 1 9 12 1 10 7 12 1 1 1 10 12 1 1 10 12 1 1 9 12 1 1 10 7 12 1 1 1 8 1 10 12 1 1 7 1 10 10 12 1 1 8 1 10 12 1 1 9 12 1 100 1 8 1 10 12 1 10 12 1 8 1 9 12 1 10 12 1 1 9 12 1 10 12 1 10 12 1 9 12 1 9 12 1 8 1 9 12 1 10 12 1 1 8 1 9 12 1 1 10 12 1 1 10 7 12 1 1 1 8 1 10 12 1 7 1 10 12 1 10 12 1 10 12 1 10 12 1 1 10 12 1 1 8 1 10 12 1 1 10 12 1 8 1 9 12 1 8 1 10 12 1 10 7 12 1 1 1 7 1 10 12 1 10 12 1 1 10 7 12 1 1 1 100 1 8 1 10 10 12 1 8 1 10 12 1 1 10 12 1 10 12 1 10 12 1 10 12 1 10 12 1 10 12 1 8 1 10 12 1 8 1 10 10 100 1 10 10 12 1 8 1 10 7 12 1 1 1 10 12 1 9 100 12 1 1 1 10 7 12 1 1 1 9 12 1 1 10 12 1 10 100 12 1 1 1 100 1 100 1 10 12 1 10 12 1 10 12 1 10 12 1 10 12 1 10 12 10 10 12 1 10 12 1 10 12 1 1 8 1 9 100 12 1 1 1 10 100 12 1 1 1 10 12 1 1 9 100 12 1 1 1 10 12 1 1 100 1 10 12 1 10 12 1 10 10 12 1 1 10 12 1 1 10 12 1 10 12 1 10 12 1 10 7 12 1 1 1 10 12 1 1 10 12 1 9 12 1 1 9 12 1 1 7 1 8 1 10 10 12 1 9 12 1 1 10 7 12 1 1 8 1 10 7 12 1 1 8 1 10 12 1 1 10 12 1 8 1 8 1 10 7 12 1 1 1 7 1 10 7 12 1 1 1 10 12 1 10 12 1 7 1 10 9 7 12 1 1 1 10 7 12 1 1 10 12 1 1 10 12 1 8 1 7 1 10 10 7 12 1 1 1 10 12 1 8 9 100 12 1 1 1 10 12 1 1 10 12 1 10 12 1 1 10 7 12 1 1 11 7 12 1 1 10 12 1 10 12 1 9 12 1 10 12 1 1 10 100 12 1 1 10 100 12 1 1 1 8 10 100 12 1 1 100 1 10 8 8 10 12 1 8 8 8 100 1 10 12 1 9 12 1 1 10 12 1 10 12 1 1 10 12 1 10 12 10 12 1 1 10 12 1 1 10 10 10 12 1 10 12 1 10 12 1 10 12 1 10 12 1 10 10 12 1 100 1 8 1 10 10 10 12 1 1 10 12 1 10 12 1 1 8 1 7 1 10 10 7 1 10 12 1 9 7 12 1 1 1 9 12 1 1 7 1 10 10 7 12 1 1 1 7 1 1 1 1 1 5 0 1 1 1 1 1 1 1 1 1 1 1 1 1 1 1 1 1 1 1 1 1 1 1 1 1 1 1 1 1 1 1 1 1 1 1 1 1 1 1 1 1 1 1 1 1 1 1 1 7 1 1 1 1 1 1 1 1 1 1 1 1 1 1 1 1 1 1 1 1 1 1 1 1 1 1 1 1 1 1 1 1 1 1 1 1 1 100 1 1 1 1 1 1 1 1 1 1 1 1 1 1 1 1 1 100 1 1 1 1 1 1 1 1 1 1 1 1 1 1 1 1 1 1 1
staticfield java/net/URL defaultFactory Ljava/net/URLStreamHandlerFactory; java/net/URL$DefaultFactory
staticfield java/net/URL streamHandlerLock Ljava/lang/Object; java/lang/Object
staticfield java/net/URL serialPersistentFields [Ljava/io/ObjectStreamField; 7 [Ljava/io/ObjectStreamField;
ciMethod java/lang/System identityHashCode (Ljava/lang/Object;)I 256 0 128 0 -1
ciMethod java/lang/System arraycopy (Ljava/lang/Object;ILjava/lang/Object;II)V 256 0 128 0 -1
ciInstanceKlass java/lang/Module 1 1 1070 10 7 12 1 1 1 9 7 12 1 1 1 10 7 12 1 1 1 9 12 1 9 12 1 1 9 12 1 1 10 12 1 1 10 12 1 10 12 1 1 10 7 12 1 1 1 7 1 10 7 12 1 1 1 10 12 1 1 11 7 12 1 1 1 10 12 1 1 10 7 12 1 1 1 10 12 1 1 10 7 12 1 1 1 9 100 12 1 1 1 10 7 12 1 1 1 10 12 1 8 1 10 7 12 1 1 1 10 7 12 1 1 1 10 7 12 1 1 1 10 12 1 10 12 1 9 12 1 1 10 100 12 1 1 100 1 7 1 10 8 1 10 12 1 1 10 12 1 10 12 10 12 1 10 7 12 1 1 8 1 8 1 10 8 1 8 1 9 12 1 1 8 1 10 100 12 1 1 1 10 12 1 9 12 1 1 11 12 1 9 7 12 1 1 10 7 12 1 1 1 10 7 12 1 1 1 10 12 1 1 8 1 10 12 1 1 10 12 1 10 12 1 1 9 7 12 1 1 1 10 12 1 1 10 12 1 1 9 12 1 10 12 1 10 12 1 9 12 1 1 11 7 12 1 1 10 12 1 1 9 12 1 9 12 1 10 12 1 10 12 1 100 1 8 1 10 10 12 1 1 10 12 1 8 1 10 12 1 1 8 1 8 1 10 12 1 1 10 12 1 10 12 1 1 18 12 1 1 10 12 1 1 11 12 1 9 12 1 11 12 10 100 12 1 1 100 1 8 1 10 11 12 1 1 10 7 12 1 1 1 10 12 1 10 12 1 1 11 12 1 1 11 7 12 1 1 11 12 1 1 9 12 1 11 12 1 10 12 1 1 10 12 1 1 9 12 1 10 12 10 7 12 1 1 10 7 1 18 12 1 1 11 100 12 1 1 1 18 12 1 11 12 1 1 10 100 12 1 1 1 11 12 1 1 10 7 12 1 1 7 1 11 12 1 7 1 7 1 10 12 1 10 7 12 1 1 1 10 11 7 12 1 8 1 10 10 12 1 1 10 7 12 1 1 10 12 1 10 12 1 7 1 10 12 1 10 11 12 1 1 10 12 10 12 1 1 9 12 1 1 100 1 10 10 12 1 1 11 7 1 10 12 1 1 11 12 1 10 10 12 1 11 10 12 1 1 10 12 1 1 10 12 1 1 10 7 12 1 1 10 12 1 10 12 1 1 10 10 12 1 1 10 12 1 18 12 1 11 12 1 18 12 1 10 12 1 10 12 1 10 12 7 1 10 12 1 10 12 1 10 12 1 9 12 1 7 1 10 10 10 10 12 1 10 12 1 10 12 1 10 12 1 1 10 12 1 1 10 12 1 9 12 1 18 12 1 1 10 7 12 1 1 1 100 1 8 1 10 12 1 1 10 12 1 1 10 7 12 1 1 7 1 10 12 1 1 7 1 8 1 10 12 1 1 100 1 11 12 1 1 10 100 12 1 1 1 18 12 1 1 11 100 12 1 1 1 100 1 10 12 1 10 12 1 1 7 1 7 1 10 12 8 1 10 12 1 1 10 12 1 1 10 7 12 1 1 10 12 1 1 10 12 1 10 12 10 12 1 1 7 1 10 10 12 1 1 10 7 12 1 1 1 100 1 10 12 1 1 10 7 12 1 1 8 1 18 12 1 1 100 1 100 1 9 12 1 1 9 12 1 9 12 1 11 100 12 1 1 1 100 1 11 12 1 1 100 1 10 12 1 8 1 10 12 1 10 12 10 12 1 8 1 10 10 100 12 1 1 7 1 10 10 12 1 10 7 12 1 1 9 12 1 9 12 1 9 12 1 9 12 1 10 12 11 12 1 10 12 1 7 1 1 1 1 1 1 1 1 1 1 1 1 1 1 1 1 1 1 1 100 1 1 1 1 1 1 1 1 1 1 1 1 1 1 1 1 1 1 1 1 1 1 1 1 1 1 1 1 1 1 1 1 1 1 1 1 1 1 1 1 1 1 1 1 1 1 1 1 1 1 1 1 1 1 1 1 1 1 1 1 1 1 1 1 1 1 1 1 1 1 1 1 1 1 1 1 1 1 1 1 1 1 1 1 1 1 1 1 1 1 1 1 1 1 1 100 100 1 1 1 1 1 1 1 1 1 1 1 1 1 1 1 1 1 1 1 1 1 1 1 1 1 1 1 100 1 7 1 1 1 1 1 1 1 1 1 1 1 1 1 1 1 1 1 1 1 1 100 1 1 1 1 1 1 1 1 1 1 1 1 1 1 1 1 1 1 1 1 1 1 1 16 15 10 12 16 16 15 10 12 16 16 15 10 16 1 15 10 12 16 1 15 10 12 16 1 16 15 10 12 16 16 1 15 10 12 16 15 10 7 12 1 1 1 15 10 100 12 1 1 1 1 1 1 1 1 1 1 1 100 1 100 1 1 100 1 100 1 1
staticfield java/lang/Module ALL_UNNAMED_MODULE Ljava/lang/Module; java/lang/Module
staticfield java/lang/Module ALL_UNNAMED_MODULE_SET Ljava/util/Set; java/util/ImmutableCollections$Set12
staticfield java/lang/Module EVERYONE_MODULE Ljava/lang/Module; java/lang/Module
staticfield java/lang/Module EVERYONE_SET Ljava/util/Set; java/util/ImmutableCollections$Set12
staticfield java/lang/Module $assertionsDisabled Z 1
ciInstanceKlass java/lang/StringLatin1 1 1 395 7 1 10 7 12 1 1 1 10 12 1 1 10 7 12 1 1 1 10 7 12 1 1 1 10 12 1 10 7 12 1 1 1 10 12 1 1 10 7 12 1 1 1 10 7 12 1 1 1 10 12 1 1 10 12 1 1 10 10 12 1 10 12 1 10 9 7 12 1 1 1 10 12 1 1 10 7 12 1 1 1 10 12 10 12 1 1 10 12 1 1 10 12 1 10 12 1 1 10 12 1 1 10 12 1 10 7 12 1 1 1 10 12 1 10 12 1 1 9 12 1 1 100 1 10 10 12 1 1 10 7 12 1 1 1 10 12 1 10 12 1 100 1 7 1 8 1 10 12 1 8 1 10 12 1 1 100 1 10 10 12 10 7 12 1 1 1 8 1 8 1 8 1 10 12 1 1 10 100 12 1 1 10 12 1 10 12 1 1 10 12 1 1 10 12 1 1 10 12 1 10 12 10 12 10 12 1 10 12 10 10 12 1 10 12 1 10 12 1 10 7 12 1 1 1 10 7 12 1 1 1 10 12 1 1 10 12 1 1 10 10 7 12 1 1 1 1 1 1 1 1 1 1 1 1 1 1 1 1 1 1 1 1 1 1 1 1 1 1 1 1 1 1 1 1 1 1 1 1 1 1 1 1 1 1 1 1 1 1 1 1 1 1 1 1 100 1 1 1 1 1 1 1 1 1 1 1 1 1 1 1 1 1 1 1 1 1 1 1 1 1 1 1 1 1 1 1 1 1 1 1 1 1 1 1 1 1 1 100 1 1 1 1 1 1 1 1 1 1 1 1 1 1 1 1 1 1 1 1 1 1 1 100 1 1 1 1 1 1 1 1 1 1 1 1 1 1 1 1 1 1 1 1 1 1 1 1 1 1 100 1 1 1 1
staticfield java/lang/StringLatin1 $assertionsDisabled Z 1
ciInstanceKlass java/lang/Math 1 1 460 7 1 10 7 12 1 1 1 10 7 12 1 1 1 10 12 1 10 12 1 10 12 1 10 12 1 10 12 1 6 0 6 0 10 12 1 10 12 1 10 12 1 10 12 1 10 12 1 10 12 1 1 10 12 1 10 12 1 10 12 1 10 12 1 10 12 1 10 7 12 1 1 1 100 1 3 3 3 10 7 12 1 1 1 100 1 5 0 5 0 5 0 5 0 5 0 9 100 12 1 1 1 10 100 12 1 1 1 100 1 8 1 10 12 1 8 1 10 12 1 1 10 12 1 1 7 1 5 0 5 0 7 1 3 5 0 3 5 0 10 12 1 10 12 1 10 12 1 10 12 1 10 12 1 8 1 10 12 1 8 1 10 12 1 1 10 12 1 1 9 12 1 1 9 12 1 100 1 7 1 10 10 12 1 1 8 1 10 12 1 10 12 1 1 10 10 12 1 10 12 1 10 12 1 10 12 1 1 8 1 8 1 10 12 1 1 10 12 1 10 12 10 12 10 12 1 10 12 1 10 12 1 10 12 1 10 12 6 0 10 12 1 9 12 1 1 100 1 10 10 12 1 100 1 10 12 1 10 12 1 1 10 12 1 10 12 1 10 12 10 12 1 1 10 12 1 1 10 12 1 1 10 12 6 0 10 12 1 1 10 12 10 12 1 4 10 12 1 10 12 1 10 12 10 12 1 10 12 1 10 12 1 10 12 1 10 12 1 10 12 1 5 0 6 0 4 6 0 4 6 0 4 10 12 1 9 12 1 1 10 12 9 12 1 10 7 12 1 1 1 4 6 0 1 1 6 0 1 6 0 1 6 0 1 1 1 1 1 1 1 1 1 1 1 1 1 1 1 1 1 1 1 1 1 1 1 1 1 1 1 1 1 1 1 1 1 1 1 1 1 1 1 1 1 1 1 1 1 1 1 1 1 1 1 1 1 1 1 1 1 1 1 1 1 1 1 1 1 1 1 1 1 1 1 1 1 1 1 1 1 1 1 1 1 1 1 1 1 1 1 1 1 1 1 1 1 1 1 1
staticfield java/lang/Math negativeZeroFloatBits J -2147483648
staticfield java/lang/Math negativeZeroDoubleBits J -9223372036854775808
staticfield java/lang/Math $assertionsDisabled Z 1
ciInstanceKlass jdk/internal/util/ArraysSupport 1 1 378 7 1 7 1 8 1 10 12 1 1 10 12 1 1 10 7 12 1 1 9 7 12 1 1 1 9 12 1 1 10 7 12 1 1 1 9 12 1 1 10 7 12 1 1 1 9 12 1 10 12 9 12 1 10 12 1 1 10 12 7 1 10 12 1 1 10 12 1 100 1 10 12 1 1 10 12 100 1 10 12 1 100 1 10 12 1 100 1 7 1 10 8 1 10 12 1 1 10 12 1 10 12 1 1 10 9 12 1 1 11 100 12 1 1 1 9 12 1 9 12 1 10 12 1 1 9 12 1 9 12 1 9 12 1 9 12 1 9 12 1 9 12 1 9 12 1 10 12 1 1 10 7 12 1 1 1 9 12 1 9 12 1 10 12 1 1 10 12 1 9 12 1 10 12 1 10 7 12 1 1 1 9 12 1 9 12 1 10 12 1 10 12 1 10 7 12 1 1 1 3 10 12 1 7 1 8 1 8 1 8 1 10 10 100 12 1 1 1 11 7 12 1 1 1 10 12 1 10 7 12 1 1 1 10 12 1 1 10 12 1 1 9 12 1 10 12 1 9 12 1 9 12 1 9 12 1 9 12 1 9 12 1 9 12 1 9 12 1 7 1 10 7 12 1 1 1 1 1 3 1 3 1 3 1 3 1 3 1 3 1 3 1 3 1 1 1 1 1 1 1 1 1 1 1 1 1 1 1 1 1 1 1 1 1 1 1 1 1 1 1 1 1 1 1 1 1 1 1 1 1 1 1 1 1 1 1 1 1 1 1 1 1 1 1 1 1 1 1 1 1 1 1 1 1 1 1 1 1 1 1 1 1 1 1 1 1 1 1 1 1 1 1 100 1 1 1 1
staticfield jdk/internal/util/ArraysSupport U Ljdk/internal/misc/Unsafe; jdk/internal/misc/Unsafe
staticfield jdk/internal/util/ArraysSupport BIG_ENDIAN Z 0
staticfield jdk/internal/util/ArraysSupport LOG2_ARRAY_BOOLEAN_INDEX_SCALE I 0
staticfield jdk/internal/util/ArraysSupport LOG2_ARRAY_BYTE_INDEX_SCALE I 0
staticfield jdk/internal/util/ArraysSupport LOG2_ARRAY_CHAR_INDEX_SCALE I 1
staticfield jdk/internal/util/ArraysSupport LOG2_ARRAY_SHORT_INDEX_SCALE I 1
staticfield jdk/internal/util/ArraysSupport LOG2_ARRAY_INT_INDEX_SCALE I 2
staticfield jdk/internal/util/ArraysSupport LOG2_ARRAY_LONG_INDEX_SCALE I 3
staticfield jdk/internal/util/ArraysSupport LOG2_ARRAY_FLOAT_INDEX_SCALE I 2
staticfield jdk/internal/util/ArraysSupport LOG2_ARRAY_DOUBLE_INDEX_SCALE I 3
staticfield jdk/internal/util/ArraysSupport LOG2_BYTE_BIT_SIZE I 3
staticfield jdk/internal/util/ArraysSupport JLA Ljdk/internal/access/JavaLangAccess; java/lang/System$2
ciInstanceKlass java/lang/Character 1 1 604 7 1 7 1 100 1 9 12 1 1 8 1 9 12 1 1 7 1 9 12 1 1 10 7 12 1 1 1 10 100 12 1 1 1 10 100 12 1 1 1 10 7 12 1 1 1 9 7 12 1 1 1 10 12 1 10 12 1 1 10 12 1 1 10 7 12 1 1 10 12 1 1 3 3 3 3 3 10 12 1 1 10 12 1 3 11 7 12 1 1 1 11 12 1 1 10 12 1 1 10 12 1 1 100 1 10 10 12 1 3 10 12 1 1 10 12 1 10 12 1 1 100 1 8 1 10 12 1 1 10 12 1 10 12 1 10 12 1 10 100 12 1 1 1 10 12 1 10 12 1 10 12 1 1 10 12 1 10 7 12 1 1 10 10 12 1 10 10 12 1 10 12 1 1 10 12 1 10 10 12 1 10 12 1 10 12 1 10 12 1 10 12 1 10 12 1 10 12 1 10 12 10 10 12 10 10 12 1 10 10 12 1 10 10 12 1 10 10 12 1 10 12 1 10 12 1 10 12 1 10 12 1 10 12 1 10 12 1 10 10 12 1 10 10 12 1 10 10 12 1 1 10 10 12 1 10 5 0 10 12 1 10 12 1 10 10 12 1 10 10 12 1 1 10 10 12 1 10 10 12 1 9 12 1 1 100 1 10 10 12 1 10 12 1 1 3 10 100 12 1 1 1 10 12 1 10 100 12 1 1 7 1 10 10 12 1 1 10 12 1 1 10 12 1 1 8 1 10 12 1 9 100 12 1 1 1 10 12 1 10 10 12 1 10 12 1 1 10 12 1 10 10 12 1 1 10 10 12 1 1 7 1 8 1 10 12 1 1 10 7 12 1 1 1 8 1 10 12 1 1 9 12 1 1 7 1 7 1 7 1 1 1 1 3 1 3 1 3 1 3 1 1 1 1 1 3 1 1 3 1 3 1 3 1 3 1 3 1 3 1 3 1 3 1 3 1 3 1 3 1 3 1 3 1 3 1 3 1 3 1 3 1 3 1 3 1 3 1 3 1 3 1 3 1 3 1 3 1 3 1 3 1 3 1 1 1 1 1 1 1 1 1 1 1 1 1 1 1 1 1 1 1 3 1 1 1 1 1 1 1 3 1 1 3 1 1 1 1 1 3 1 1 5 0 1 1 1 1 1 1 1 1 1 1 1 1 1 1 1 1 1 1 1 1 1 1 1 1 1 1 1 1 1 1 1 1 1 1 1 1 1 1 1 1 1 1 1 1 1 1 1 1 1 1 1 1 1 1 1 1 1 1 1 1 1 1 1 1 1 1 1 1 1 1 1 1 1 1 1 1 1 1 1 1 1 1 1 1 1 1 1 1 1 1 100 1 100 1 1 1 1 1 1
staticfield java/lang/Character TYPE Ljava/lang/Class; java/lang/Class
staticfield java/lang/Character $assertionsDisabled Z 1
ciInstanceKlass java/util/Arrays 1 1 1029 10 7 12 1 1 1 10 100 12 1 1 1 10 7 12 1 1 1 10 12 1 10 12 1 10 12 1 10 12 1 10 12 1 10 12 1 10 100 12 1 1 1 100 1 7 1 10 8 1 10 12 1 1 10 12 1 8 1 8 1 10 12 1 1 10 12 1 100 1 10 12 1 9 100 12 1 1 1 10 7 12 1 1 100 1 10 12 1 1 10 7 12 1 1 10 7 12 1 1 1 100 1 10 12 1 10 12 1 1 7 1 9 7 12 1 1 1 10 12 1 1 10 7 12 1 1 10 12 1 10 12 1 1 10 12 1 10 12 1 1 7 1 11 12 1 1 10 12 1 10 7 12 1 1 1 10 12 10 12 1 10 12 1 10 12 10 12 1 11 7 12 1 1 1 10 7 12 1 1 1 100 1 10 12 1 10 100 1 10 12 1 10 100 1 10 12 1 10 100 1 10 12 1 10 10 12 1 1 10 12 1 10 12 1 10 12 1 10 12 1 10 12 1 10 7 12 1 1 1 10 12 1 10 7 12 1 1 1 10 12 1 10 12 1 10 7 12 1 1 1 10 12 1 10 12 1 10 12 1 10 12 1 10 12 1 10 12 1 10 12 1 10 12 1 10 12 1 10 12 1 10 12 1 10 12 1 10 12 1 10 12 1 10 12 1 10 12 1 1 10 12 1 1 10 7 12 1 1 1 10 7 1 10 100 1 10 7 1 10 100 1 10 100 1 10 100 1 10 100 1 10 100 1 10 12 1 8 1 10 12 1 1 10 12 1 1 10 12 1 1 10 12 1 1 10 12 1 1 10 12 1 1 10 12 1 1 10 12 1 1 10 12 1 1 7 1 10 12 10 12 1 1 10 12 1 10 12 1 1 10 12 1 1 9 7 12 1 1 1 10 12 1 9 7 1 10 12 1 9 7 1 10 12 1 9 7 1 10 12 1 9 7 1 10 12 1 9 7 1 10 12 1 9 10 12 1 10 12 1 10 12 1 9 12 1 100 1 10 10 12 1 1 10 12 1 10 12 1 10 12 1 10 12 1 10 12 1 10 12 1 10 12 1 10 12 1 10 12 1 8 1 8 1 10 12 1 10 12 1 8 1 10 12 1 10 12 1 10 12 1 10 7 12 1 1 1 3 10 7 1 10 10 12 1 1 11 100 12 1 1 10 12 1 1 10 12 1 10 12 1 10 12 1 10 12 1 10 12 1 10 12 1 10 12 1 10 12 1 11 12 1 8 1 10 11 12 1 11 100 12 1 1 1 11 100 12 1 1 1 11 12 1 1 18 12 1 1 11 12 1 1 11 100 12 1 1 1 18 12 1 11 100 12 1 1 1 18 12 1 11 100 12 1 1 1 18 12 1 100 1 10 7 12 1 1 1 10 12 1 10 12 1 10 12 1 10 12 1 10 12 1 10 12 1 10 12 1 10 12 1 1 10 12 1 10 7 12 1 1 10 12 1 10 12 1 10 12 1 1 10 12 1 10 12 1 10 12 1 1 10 12 1 10 12 1 10 12 1 1 10 12 1 10 12 1 10 12 1 10 12 1 10 12 10 12 1 10 12 10 12 10 12 1 10 12 10 12 1 10 12 1 10 12 1 1 1 1 3 1 3 1 1 1 1 1 1 1 1 1 1 1 1 1 1 1 1 1 1 1 1 1 1 1 1 1 1 1 1 1 1 1 1 1 1 1 1 1 1 1 1 1 1 1 1 1 1 1 1 1 1 1 1 1 1 1 1 1 1 1 1 1 1 1 1 1 1 1 1 1 1 1 1 1 1 1 1 1 1 1 1 1 1 1 1 1 1 1 1 1 1 1 1 1 1 1 1 1 1 1 1 1 1 1 1 1 1 1 1 1 1 1 1 1 1 1 1 1 1 1 1 1 1 1 1 1 1 1 1 1 1 1 1 1 1 1 1 1 1 1 1 1 1 1 1 1 1 1 1 1 1 1 1 1 1 1 1 1 1 1 1 1 1 1 1 1 1 1 1 1 1 1 1 1 1 1 1 1 1 1 1 1 1 1 1 1 1 1 1 1 1 1 1 1 1 1 1 1 1 1 1 1 1 1 1 1 1 1 1 1 1 1 1 1 1 1 1 1 1 1 1 1 1 1 1 1 1 1 1 1 1 1 1 1 1 1 1 1 1 1 1 1 1 1 1 1 1 1 1 1 1 1 1 1 1 100 1 1 16 15 10 12 15 10 12 15 10 12 15 10 12 15 10 100 12 1 1 1 1 1 100 1 100 1 1 1 1 100 1 1 1 1 1 1 100 1 1 100 1 1 100 1 1 1 100 1 100 1 1
staticfield java/util/Arrays $assertionsDisabled Z 1
ciInstanceKlass java/lang/OutOfMemoryError 1 1 26 10 100 12 1 1 1 10 12 1 100 1 1 1 1 5 0 1 1 1 1 1 1 1 1 1
ciMethod java/lang/StringLatin1 equals ([B[B)Z 1024 606 3320 0 -1
ciInstanceKlass java/lang/Integer 1 1 453 7 1 7 1 7 1 7 1 10 12 1 1 9 12 1 1 9 12 1 1 10 7 12 1 1 1 10 12 1 1 10 100 12 1 1 1 10 10 12 1 1 10 7 12 1 1 1 10 12 1 10 12 1 1 10 7 12 1 1 1 10 12 1 1 10 12 1 1 10 12 1 10 12 1 10 12 1 1 10 10 12 1 9 12 1 1 9 12 1 7 1 8 1 10 12 1 7 1 10 12 1 8 1 10 12 1 1 10 12 1 8 1 10 12 1 8 1 10 12 1 1 3 10 12 1 1 3 10 12 1 1 10 12 1 1 10 7 12 1 1 1 11 7 1 10 12 1 1 11 10 12 1 1 8 1 10 12 1 1 8 1 7 1 10 12 1 1 10 12 1 1 5 0 8 1 10 12 1 10 12 1 10 12 1 10 12 1 1 7 1 9 12 1 1 9 12 1 1 10 12 1 10 7 1 9 12 1 10 12 1 10 12 1 10 12 1 1 10 7 12 1 1 1 100 1 100 1 10 12 1 1 10 12 1 1 8 1 8 1 10 12 1 1 8 1 8 1 8 1 8 1 8 1 8 1 10 12 1 10 12 1 5 0 3 3 3 3 10 12 1 10 12 1 3 10 12 1 10 100 12 1 1 1 10 12 1 1 10 12 1 1 8 1 10 7 12 1 1 1 9 12 1 1 7 1 7 1 7 1 1 1 1 3 1 1 1 3 1 3 1 1 5 0 1 1 1 1 1 1 1 1 1 100 1 1 1 1 1 1 1 1 1 1 1 1 1 1 1 1 1 1 1 1 1 1 1 1 1 1 1 1 1 1 1 1 1 1 1 1 1 1 1 1 3 1 1 1 1 1 1 1 1 1 1 1 1 1 1 1 1 7 1 1 1 1 1 1 1 1 1 1 1 1 1 1 1 1 1 1 1 1 1 1 1 1 1 1 1 1 1 1 1 1 1 1 1 1 1 1 1 1 1 1 1 1 1 1 7 1 1 1 1 1 1 1 1 1 100 1 100 1 1
staticfield java/lang/Integer TYPE Ljava/lang/Class; java/lang/Class
staticfield java/lang/Integer digits [C 36
staticfield java/lang/Integer DigitTens [B 100
staticfield java/lang/Integer DigitOnes [B 100
instanceKlass java/math/BigDecimal
instanceKlass java/math/BigInteger
instanceKlass java/util/concurrent/atomic/AtomicLong
instanceKlass java/util/concurrent/atomic/AtomicInteger
instanceKlass java/lang/Long
instanceKlass java/lang/Integer
instanceKlass java/lang/Short
instanceKlass java/lang/Byte
instanceKlass java/lang/Double
instanceKlass java/lang/Float
ciInstanceKlass java/lang/Number 1 1 37 10 7 12 1 1 1 10 100 12 1 1 1 100 1 1 1 1 5 0 1 1 1 1 1 1 1 1 1 1 1 1 1 1 1 1 1
ciInstanceKlass java/lang/Thread$FieldHolder 1 1 48 10 7 12 1 1 1 9 7 12 1 1 1 9 12 1 1 9 12 1 1 9 12 1 1 9 12 1 1 1 1 1 1 1 1 1 1 100 1 100 1 1 1 1 100 1 1 1
ciInstanceKlass java/lang/Thread$Constants 0 0 59 7 1 10 7 12 1 1 1 100 1 10 10 7 12 1 1 1 7 1 8 1 10 12 1 9 7 12 1 1 1 7 1 7 1 10 12 1 10 12 1 9 12 1 1 1 1 1 1 1 1 1 1 1 1 1 1 1 1
ciInstanceKlass java/lang/ThreadGroup 1 1 411 10 7 12 1 1 1 9 7 12 1 1 1 8 1 9 12 1 1 7 1 9 12 1 1 9 12 1 1 10 7 12 1 1 1 10 12 1 1 10 12 1 10 12 1 10 12 1 10 12 1 1 10 12 1 1 10 12 1 10 12 1 1 10 12 1 10 12 1 10 100 12 1 1 1 10 12 1 1 18 12 1 1 11 7 12 1 1 1 10 7 12 1 1 1 10 7 12 1 10 12 1 1 10 12 1 1 10 12 1 1 10 100 12 1 1 1 10 12 1 11 12 1 1 11 7 12 1 1 11 12 1 1 10 12 1 1 10 12 1 10 12 1 11 12 1 11 12 1 1 100 1 10 10 12 1 100 1 10 18 12 1 1 11 7 12 1 1 1 11 12 1 1 9 12 1 1 10 12 1 1 8 1 10 7 12 1 1 1 10 100 12 1 1 1 10 12 1 1 11 12 10 12 1 1 10 12 1 1 11 7 1 9 12 1 7 1 10 8 1 10 12 1 1 10 12 1 1 8 1 10 12 1 10 7 12 1 1 1 10 12 1 1 10 7 1 8 1 10 8 1 10 12 1 10 12 1 8 1 9 12 1 1 9 12 1 10 100 12 1 1 1 100 9 12 1 1 7 1 9 12 1 10 12 10 12 1 1 100 10 12 9 12 1 10 12 1 100 1 10 11 12 1 1 7 1 10 10 12 1 10 12 1 1 1 1 1 1 1 1 1 1 1 1 1 1 1 1 1 1 3 1 1 1 1 1 1 1 1 1 1 1 1 100 1 1 1 1 1 1 1 1 1 1 1 1 1 1 1 1 1 1 1 1 1 1 1 1 1 1 1 1 1 1 1 1 1 1 1 1 1 1 1 1 1 1 1 16 15 10 12 16 16 15 10 12 16 15 10 100 12 1 1 1 1 1 100 1 100 1 1
staticfield java/lang/ThreadGroup $assertionsDisabled Z 1
ciInstanceKlass java/lang/Thread$UncaughtExceptionHandler 1 0 16 100 1 100 1 1 1 1 1 1 1 1 100 1 1 1
ciInstanceKlass java/security/AccessControlContext 1 1 374 9 7 12 1 1 1 9 12 1 1 10 100 12 1 1 1 8 1 10 100 12 1 1 1 10 7 12 1 1 1 9 12 1 9 12 1 1 9 12 1 1 10 7 12 1 1 7 1 10 12 1 11 7 12 1 1 1 11 12 1 11 12 1 11 12 1 1 7 1 11 12 1 1 10 12 1 10 7 12 1 1 1 9 100 12 1 1 1 10 7 12 1 1 1 11 100 12 1 1 1 10 7 1 100 1 8 1 10 12 1 10 12 1 1 7 1 10 7 12 1 1 1 9 12 1 9 12 1 9 12 1 9 12 1 1 9 12 1 1 9 12 1 9 12 1 10 7 12 1 1 1 9 12 1 10 12 1 1 10 12 1 1 8 1 10 12 1 1 10 12 1 1 10 7 12 1 1 1 7 1 10 10 12 1 1 10 7 12 1 1 1 10 8 1 10 7 12 1 1 8 1 10 7 12 1 1 8 1 8 1 10 12 1 8 1 10 12 1 8 1 10 12 1 10 12 1 10 12 1 1 8 1 8 1 100 1 10 12 1 10 12 1 1 100 1 10 12 1 8 1 10 12 1 10 12 1 10 8 1 10 12 1 1 10 12 1 1 10 12 1 1 10 12 1 1 10 12 1 10 12 1 11 10 12 1 10 12 1 1 10 10 10 12 1 1 1 1 1 1 1 1 1 1 1 1 1 1 1 1 1 1 1 1 1 1 1 1 100 1 1 1 1 1 1 1 1 1 1 1 1 1 1 1 1 1 1 1 1 1 1 1 1 1 1 1 1 1 1 1 1 1 1 1 1 1 1 1 1 1 1 1 1 1 1 1 1 1 1 1 1 3 1 1
instanceKlass java/lang/ThreadBuilders$BoundVirtualThread
instanceKlass java/lang/VirtualThread
ciInstanceKlass java/lang/BaseVirtualThread 0 0 36 10 100 12 1 1 1 100 1 1 1 1 1 1 1 1 1 1 1 1 1 1 1 1 1 1 1 1 100 1 100 1 1 100 1 1
ciInstanceKlass java/lang/VirtualThread 0 0 907 9 7 12 1 1 1 10 7 12 1 1 1 10 100 12 1 1 1 10 7 12 1 1 1 9 12 1 1 9 12 1 1 100 1 10 12 1 9 12 1 1 18 12 1 1 9 12 1 1 10 12 1 1 100 1 10 12 1 10 12 1 1 10 12 1 1 10 12 1 1 10 12 1 10 7 12 1 10 12 1 10 12 1 10 12 1 10 12 1 11 100 12 1 1 1 100 1 10 12 1 1 10 100 12 1 1 1 10 100 12 1 1 1 10 12 1 100 1 10 10 12 1 10 12 1 1 9 12 1 1 10 12 1 1 9 12 1 1 10 12 1 9 12 1 1 9 12 1 100 1 10 10 12 1 10 100 12 1 1 10 9 10 10 12 1 1 10 12 1 1 10 100 12 1 1 10 100 1 10 9 10 10 12 1 7 1 10 12 1 1 10 12 1 10 12 1 10 12 1 1 9 12 1 10 12 1 10 12 1 9 12 1 1 10 12 1 10 12 1 9 12 1 1 10 12 1 10 12 1 10 12 1 11 100 12 1 1 10 12 1 1 10 12 1 1 10 12 1 1 9 12 1 10 100 1 10 12 1 1 10 12 1 1 10 12 1 10 12 1 10 12 1 10 12 9 12 1 1 10 100 12 1 1 10 12 1 10 12 1 1 10 100 12 1 1 10 12 1 100 1 8 1 10 12 1 10 12 1 1 10 12 1 10 12 1 10 100 12 1 1 10 12 1 10 12 1 1 10 12 1 10 12 1 1 10 7 12 1 1 10 12 1 1 10 12 1 1 100 1 10 10 12 1 7 1 9 12 1 1 10 7 12 1 1 10 9 12 1 1 18 9 100 12 1 1 1 11 100 12 1 1 1 11 100 1 11 12 10 12 1 10 12 1 1 10 12 1 100 1 10 10 12 1 10 12 1 1 10 12 1 1 10 12 1 10 12 1 10 12 1 9 12 1 1 11 100 12 1 1 10 12 9 100 12 1 1 1 9 12 1 10 12 1 1 9 12 1 9 12 1 9 12 1 7 1 10 10 12 1 1 10 12 1 10 12 7 1 7 1 10 8 1 10 12 1 1 10 12 1 10 12 1 10 10 12 1 8 1 10 10 12 1 10 12 1 10 7 12 1 1 8 1 8 1 10 9 100 12 1 1 1 10 12 1 1 10 12 1 10 10 10 12 9 12 1 10 12 1 1 9 12 1 10 12 1 1 9 12 1 10 12 1 1 18 12 1 1 18 12 1 10 7 12 1 1 1 8 1 10 100 12 1 1 1 10 7 12 1 1 1 18 12 1 10 100 12 1 1 1 100 1 10 12 1 8 1 10 12 1 8 1 10 12 1 1 8 1 8 1 10 100 12 1 1 8 1 10 12 1 8 1 8 1 10 100 12 1 1 1 10 12 1 10 12 1 1 10 12 1 18 12 1 1 18 12 1 1 5 0 9 12 1 10 12 1 18 12 1 100 1 10 12 10 7 12 1 1 10 12 1 1 7 1 8 1 10 10 12 1 10 12 1 1 10 12 1 9 12 1 8 10 12 1 1 8 8 9 12 1 8 10 12 1 1 3 1 3 1 3 1 3 1 3 1 3 1 3 1 3 1 3 1 3 1 3 1 3 3 1 3 1 1 1 1 1 1 1 1 1 1 1 1 1 1 7 1 1 1 1 1 1 1 1 1 1 1 1 1 1 7 1 1 1 1 1 1 1 1 1 1 1 7 1 1 1 1 1 1 1 1 1 1 1 1 1 1 1 1 1 1 1 1 1 1 1 1 1 1 1 1 1 1 1 1 1 1 1 1 1 1 1 100 1 1 1 1 1 1 1 1 1 1 1 1 1 1 1 1 1 1 1 1 1 1 1 1 1 1 1 1 1 1 1 1 1 1 1 100 1 1 1 1 1 1 1 1 1 1 1 1 1 1 100 1 1 16 15 10 12 15 16 15 10 12 16 15 10 12 16 16 15 10 12 16 15 10 12 16 15 10 12 16 15 10 12 16 1 15 10 100 12 1 1 1 1 1 1 1 7 1 1 100 1 100 1 1
ciInstanceKlass java/lang/ThreadBuilders$BoundVirtualThread 0 0 132 10 7 12 1 1 1 9 7 12 1 1 1 10 7 12 1 1 1 9 12 1 1 10 12 1 1 10 12 1 1 9 12 1 1 10 7 12 1 1 1 10 12 1 1 7 1 8 1 10 12 1 10 12 1 1 10 12 1 1 10 12 1 1 10 7 12 1 1 1 8 1 10 12 1 8 1 10 12 1 1 10 100 12 1 1 9 100 12 1 1 1 10 12 1 1 10 10 12 1 1 1 1 1 1 1 1 1 1 1 1 1 1 1 1 1 1 1 1 1 1 1 1 1 1 1 1 100 1 1 1 1
ciInstanceKlass jdk/internal/vm/ContinuationScope 0 0 50 10 100 12 1 1 1 10 100 12 1 1 1 100 1 9 100 12 1 1 1 10 12 1 1 10 100 12 1 1 1 10 12 1 1 10 12 1 1 1 1 1 1 1 1 1 1 1 1 1
ciInstanceKlass jdk/internal/vm/StackChunk 0 0 32 10 100 12 1 1 1 9 100 12 1 1 1 9 12 1 1 9 12 1 1 1 1 1 1 1 1 1 1 1 1 1
ciInstanceKlass java/lang/Float 1 1 279 7 1 7 1 10 100 12 1 1 1 10 100 12 1 1 1 4 7 1 10 12 1 1 10 12 1 1 8 1 8 1 10 7 12 1 1 1 10 12 1 1 10 12 1 1 10 7 1 4 10 7 12 1 1 9 12 1 1 10 12 1 1 10 12 1 10 10 12 1 1 10 12 1 10 12 1 3 3 100 1 4 4 4 3 10 12 1 1 9 12 1 1 100 1 10 3 3 4 4 10 12 1 3 3 3 10 12 1 1 10 12 1 1 10 12 1 10 100 12 1 1 1 10 12 1 1 10 12 1 1 10 7 12 1 1 1 8 1 10 12 1 1 9 12 1 1 7 1 7 1 7 1 1 1 1 4 1 4 1 1 1 4 1 1 3 1 3 1 3 1 3 1 3 1 1 1 1 5 0 1 1 1 1 1 1 1 1 1 1 7 1 1 1 1 1 1 1 1 1 1 1 1 1 3 1 1 1 1 1 1 1 1 1 1 1 1 1 1 1 1 1 1 1 1 1 1 1 1 1 1 1 1 1 1 1 1 1 1 1 1 1 1 1 1 1 1 1 1 1 1 1 1 1 1 1 1 1 1 1 1 1 1 1 1 1 7 1 1 1 1 1 1 1 100 1 100 1 1
staticfield java/lang/Float TYPE Ljava/lang/Class; java/lang/Class
staticfield java/lang/Float $assertionsDisabled Z 1
ciInstanceKlass java/lang/Double 1 1 290 7 1 7 1 10 100 12 1 1 1 10 12 1 1 10 7 1 10 12 1 1 10 100 12 1 1 1 6 0 8 1 10 12 1 1 8 1 10 12 1 1 8 1 6 0 10 12 1 1 100 1 5 0 5 0 8 1 8 1 10 7 12 1 1 1 10 7 12 1 1 1 8 1 10 12 1 1 8 1 8 1 8 1 10 12 1 1 10 12 1 10 12 1 1 10 12 1 10 12 1 10 12 1 1 10 12 1 10 7 1 6 0 10 7 12 1 1 9 12 1 1 10 12 1 10 12 1 10 12 1 10 12 1 10 12 1 5 0 10 12 1 1 10 12 1 10 12 1 10 100 12 1 1 1 10 12 1 1 10 12 1 1 8 1 10 7 12 1 1 1 9 12 1 1 7 1 7 1 7 1 1 1 6 0 1 6 0 1 6 0 1 1 1 6 0 1 1 3 1 3 1 3 1 3 1 3 1 1 1 1 5 0 1 1 1 1 1 1 1 1 1 1 1 1 1 1 1 1 7 1 1 1 1 1 1 1 1 1 1 1 1 3 1 1 1 1 1 1 1 1 1 1 1 1 1 1 1 1 1 1 1 1 1 1 1 1 1 1 1 1 1 1 1 1 1 1 7 1 1 1 1 1 1 1 100 1 100 1 1
staticfield java/lang/Double TYPE Ljava/lang/Class; java/lang/Class
ciInstanceKlass java/lang/Byte 1 1 213 7 1 100 1 10 7 12 1 1 1 9 12 1 1 8 1 9 12 1 1 7 1 10 12 1 1 10 12 1 1 10 100 12 1 1 1 10 100 12 1 1 1 9 7 12 1 1 1 10 12 1 1 7 1 7 1 10 12 1 1 8 1 10 12 1 1 8 1 10 12 1 10 12 1 10 12 1 10 12 1 1 10 12 1 10 12 1 10 12 1 1 10 8 1 8 1 10 7 1 9 12 1 1 10 12 1 1 10 12 1 1 10 12 1 1 10 12 1 5 0 10 12 1 1 8 1 10 7 12 1 1 1 9 12 1 1 7 1 7 1 1 1 3 1 3 1 1 1 1 3 1 3 1 1 5 0 1 1 1 1 1 1 1 1 1 1 1 1 1 1 1 1 1 1 1 1 1 1 1 1 1 1 1 1 1 1 1 1 1 1 1 1 1 1 1 1 1 1 1 1 1 1 1 1 1 1 1 1 1 1 1 1
staticfield java/lang/Byte TYPE Ljava/lang/Class; java/lang/Class
ciInstanceKlass java/lang/Short 1 1 222 7 1 7 1 100 1 10 7 12 1 1 1 10 12 1 1 7 1 7 1 10 12 1 1 8 1 10 12 1 1 8 1 10 12 1 10 12 1 10 12 1 10 12 1 1 10 12 1 1 10 12 1 9 12 1 1 8 1 9 12 1 1 7 1 10 12 1 1 10 12 1 10 100 12 1 1 1 10 100 12 1 1 1 9 7 12 1 1 1 10 12 1 10 12 1 1 10 8 1 8 1 10 7 1 9 12 1 1 10 12 1 1 10 12 1 1 10 12 1 1 10 12 1 3 3 5 0 10 12 1 1 8 1 10 7 12 1 1 1 9 12 1 1 7 1 7 1 1 1 3 1 3 1 1 1 1 3 1 3 1 1 5 0 1 1 1 1 1 1 1 1 1 1 1 1 1 1 1 1 1 1 1 1 1 1 1 1 1 1 1 3 1 1 1 1 1 1 1 1 1 1 1 1 1 1 1 1 1 1 1 1 1 1 1 1 1 1 1 1 1 1
staticfield java/lang/Short TYPE Ljava/lang/Class; java/lang/Class
ciInstanceKlass java/lang/Long 1 1 524 7 1 7 1 7 1 7 1 10 12 1 1 9 12 1 1 9 7 12 1 1 1 10 7 12 1 1 1 10 12 1 1 10 100 12 1 1 1 10 10 12 10 12 1 10 12 1 10 12 1 5 0 5 0 7 1 10 12 1 1 10 12 1 1 10 12 1 10 12 1 10 12 1 10 12 1 1 10 100 12 1 1 10 12 1 10 12 1 1 10 12 1 1 10 12 1 1 10 12 1 1 10 7 12 1 1 1 10 12 1 1 10 12 1 10 12 1 10 12 1 10 12 1 1 10 10 12 1 5 0 5 0 9 12 1 1 9 12 1 5 0 7 1 8 1 10 12 1 8 1 10 12 1 8 1 8 1 10 12 1 1 5 0 10 12 1 1 5 0 10 12 1 1 10 12 1 1 10 100 12 1 1 1 11 7 1 10 12 1 1 11 10 12 1 1 8 1 10 12 1 1 8 1 7 1 10 12 1 1 10 12 1 8 1 8 1 11 12 1 1 10 12 1 10 12 1 10 12 1 5 0 5 0 9 7 12 1 1 1 10 12 1 10 12 1 1 8 1 8 1 10 12 1 1 8 1 8 1 8 1 8 1 8 1 8 1 10 12 1 10 7 1 9 12 1 1 10 12 1 10 12 1 1 10 12 1 1 10 7 12 1 1 1 100 1 100 1 10 12 1 1 10 12 1 1 5 0 10 12 1 10 12 1 5 0 5 0 5 0 10 12 1 1 10 12 1 5 0 5 0 10 12 1 10 12 1 10 100 12 1 1 1 10 12 1 1 10 12 1 1 8 1 10 7 12 1 1 1 9 12 1 1 7 1 7 1 7 1 1 1 1 5 0 1 1 1 1 3 1 3 1 5 0 1 1 1 1 1 1 1 1 1 100 1 1 1 1 1 1 1 1 1 1 1 1 1 1 1 1 1 1 1 1 1 1 1 1 1 1 1 1 1 1 1 1 1 1 1 1 1 1 1 1 1 1 1 1 1 1 1 1 1 1 1 1 1 1 1 3 1 1 1 1 1 1 1 1 1 1 1 1 1 1 1 7 1 1 1 1 1 1 1 1 1 1 1 1 1 1 1 1 1 1 1 1 1 1 1 1 1 1 1 1 1 1 1 1 1 1 1 1 1 1 1 1 1 1 1 7 1 1 1 1 1 1 1 1 1 100 1 100 1 1
staticfield java/lang/Long TYPE Ljava/lang/Class; java/lang/Class
ciInstanceKlass jdk/internal/vm/vector/VectorSupport 0 0 573 100 1 10 100 12 1 1 1 9 12 1 1 10 12 1 1 100 1 10 12 1 11 100 12 1 1 1 11 100 12 1 1 1 11 100 12 1 1 11 100 12 1 1 11 100 12 1 1 1 11 100 12 1 1 11 100 12 1 1 11 100 12 1 1 11 100 12 1 1 11 100 12 1 1 11 100 12 1 1 11 100 12 1 1 1 11 100 12 1 1 11 100 12 1 1 1 11 100 12 1 1 1 11 100 12 1 1 11 100 12 1 1 1 11 100 12 1 1 100 1 10 12 1 1 11 100 12 1 1 11 100 12 1 1 11 100 12 1 1 11 100 12 1 1 11 100 12 1 1 11 100 12 1 1 9 12 1 1 10 100 12 1 1 11 100 12 1 1 10 12 1 1 10 100 12 1 1 1 10 12 1 10 12 1 1 10 12 1 1 1 1 1 3 1 3 1 3 1 3 1 3 1 3 1 3 1 3 1 3 1 3 1 3 1 3 1 3 1 3 1 3 1 3 1 3 1 3 1 3 1 3 1 3 1 3 1 3 1 3 1 3 1 3 1 3 1 3 1 3 1 3 1 3 1 3 1 3 1 3 1 3 1 3 1 3 1 3 1 3 1 3 1 3 1 3 1 3 1 3 1 3 1 3 1 3 1 3 1 3 1 3 1 3 1 3 1 3 1 1 1 1 1 1 1 1 1 1 1 1 1 1 1 1 1 1 1 1 1 1 1 1 1 1 1 1 1 1 1 1 1 1 1 1 1 1 1 1 1 1 1 1 1 1 1 1 1 1 1 1 1 1 1 1 1 1 1 1 1 1 1 1 1 1 1 1 1 1 1 1 1 1 1 1 1 1 1 1 1 1 1 1 1 1 1 1 1 1 1 1 1 1 1 1 1 1 1 1 1 1 1 1 1 1 1 1 1 1 1 1 1 1 1 1 1 1 1 1 1 1 1 1 1 1 1 1 1 1 1 1 1 1 1 1 1 1 1 1 1 1 1 1 1 1 1 1 1 1 1 1 1 1 1 1 1 1 1 1 1 1 1 1 1 1 1 1 1 1 1 1 1 1 1 1 1 1 1 1 1 1 1 1 1 1 1 1 1 1 1 1 1 1 1 1 1 1 1 1 1 1 1 1 1 1 1 1 1 1 1 1 1 1 1 1 1 1 1 1 1 1 1 1 1 1 1 1 1 1 1 1 1 1 1 100 1 100 1 100 1 100 1 100 1 1 1 1 1 1 1 1 1 1 1 1 1 1 1 1 1 1 1 1 1 1 1 1 1 1 1 1 1 1 1
instanceKlass jdk/internal/vm/vector/VectorSupport$VectorShuffle
instanceKlass jdk/internal/vm/vector/VectorSupport$VectorMask
instanceKlass jdk/internal/vm/vector/VectorSupport$Vector
ciInstanceKlass jdk/internal/vm/vector/VectorSupport$VectorPayload 0 0 32 10 100 12 1 1 1 9 100 12 1 1 1 10 100 12 1 1 1 1 1 1 1 1 1 1 1 1 1 1 1 1
ciInstanceKlass jdk/internal/vm/vector/VectorSupport$Vector 0 0 28 10 100 12 1 1 1 100 1 1 1 1 1 1 1 1 1 1 1 1 1 1 1 100 1 1 1 1
ciInstanceKlass jdk/internal/vm/vector/VectorSupport$VectorMask 0 0 28 10 100 12 1 1 1 100 1 1 1 1 1 1 1 1 1 1 1 1 1 1 1 100 1 1 1 1
ciInstanceKlass jdk/internal/vm/vector/VectorSupport$VectorShuffle 0 0 28 10 100 12 1 1 1 100 1 1 1 1 1 1 1 1 1 1 1 1 1 1 1 100 1 1 1 1
ciInstanceKlass jdk/internal/vm/FillerObject 0 0 16 10 100 12 1 1 1 100 1 1 1 1 1 1 1 1
instanceKlass java/lang/ref/PhantomReference
instanceKlass java/lang/ref/FinalReference
instanceKlass java/lang/ref/WeakReference
instanceKlass java/lang/ref/SoftReference
ciInstanceKlass java/lang/ref/Reference 1 1 190 9 7 12 1 1 1 9 7 12 1 1 10 12 1 1 10 12 1 1 9 12 1 1 10 12 1 1 9 12 1 1 9 12 1 1 7 1 10 12 1 10 7 12 1 1 10 12 1 10 12 1 1 10 12 1 7 1 8 1 10 12 1 1 7 1 10 12 1 1 10 12 1 1 10 12 1 9 12 1 10 12 1 1 10 12 1 10 12 1 9 12 1 7 1 100 1 10 12 9 12 1 9 12 1 100 1 10 10 12 1 10 10 7 12 1 1 7 1 10 10 7 12 1 1 1 1 1 1 1 1 1 1 1 1 1 1 1 1 1 1 1 7 1 1 1 100 1 1 1 1 1 1 1 1 1 1 1 1 1 1 1 1 1 1 1 1 1 1 1 1 1 1 1 1 1 1 1 1 1 1 1 7 1 7 1 7 1 1 1
staticfield java/lang/ref/Reference processPendingLock Ljava/lang/Object; java/lang/Object
staticfield java/lang/ref/Reference $assertionsDisabled Z 1
instanceKlass java/util/ResourceBundle$BundleReference
instanceKlass org/eclipse/sisu/inject/MildElements$Soft
instanceKlass com/google/common/cache/LocalCache$SoftValueReference
instanceKlass sun/util/locale/provider/LocaleResources$ResourceReference
instanceKlass sun/util/resources/Bundles$BundleReference
instanceKlass org/eclipse/sisu/inject/MildKeys$Soft
instanceKlass java/lang/invoke/LambdaFormEditor$Transform
instanceKlass sun/util/locale/LocaleObjectCache$CacheEntry
ciInstanceKlass java/lang/ref/SoftReference 1 1 47 10 7 12 1 1 1 9 7 12 1 1 1 9 12 1 10 12 1 10 12 1 1 1 1 1 1 1 1 1 1 1 1 1 1 1 1 1 1 1 1 100 1 1 1 1 1
instanceKlass com/sun/tools/javac/util/UnsharedNameTable$HashEntry
instanceKlass java/util/ResourceBundle$KeyElementReference
instanceKlass org/eclipse/sisu/inject/MildElements$Weak
instanceKlass com/google/common/cache/LocalCache$WeakEntry
instanceKlass java/lang/WeakPairMap$WeakRefPeer
instanceKlass java/lang/ClassValue$Entry
instanceKlass com/google/common/cache/LocalCache$WeakValueReference
instanceKlass java/util/logging/LogManager$LoggerWeakRef
instanceKlass java/util/logging/Level$KnownLevel
instanceKlass org/eclipse/sisu/inject/MildKeys$Weak
instanceKlass jdk/internal/util/WeakReferenceKey
instanceKlass java/lang/ThreadLocal$ThreadLocalMap$Entry
instanceKlass java/util/WeakHashMap$Entry
ciInstanceKlass java/lang/ref/WeakReference 1 1 31 10 7 12 1 1 1 10 12 1 100 1 1 1 1 1 1 1 1 1 1 1 1 1 1 1 1 1 1 1 1
instanceKlass java/lang/ref/Finalizer
ciInstanceKlass java/lang/ref/FinalReference 1 1 50 10 7 12 1 1 1 10 7 12 1 1 1 10 12 1 1 7 1 8 1 10 12 1 1 1 1 1 1 1 1 1 1 1 1 1 1 1 1 1 1 1 1 1 1 1 1 1 7 1
instanceKlass jdk/internal/ref/PhantomCleanable
instanceKlass jdk/internal/ref/Cleaner
ciInstanceKlass java/lang/ref/PhantomReference 1 1 39 10 100 12 1 1 1 10 7 12 1 1 1 1 1 1 1 1 1 1 1 1 1 1 1 1 1 1 1 1 1 1 1 1 1 1 1 1 1
ciInstanceKlass java/lang/ref/Finalizer 1 1 155 9 7 12 1 1 1 10 7 12 1 1 1 9 12 1 1 9 12 1 1 9 12 1 9 12 1 9 12 1 1 10 12 1 7 1 8 1 10 12 1 10 12 1 1 9 12 1 100 1 10 12 1 7 1 11 7 12 1 1 10 12 1 7 1 10 12 1 100 1 10 12 1 10 7 12 1 1 1 10 100 12 1 1 1 100 1 10 10 12 1 7 1 10 12 1 7 1 10 12 1 1 10 12 1 1 10 12 1 10 7 12 1 1 1 7 1 10 7 1 10 10 12 1 1 1 1 1 1 1 1 1 1 1 1 1 1 1 1 1 1 1 1 1 1 1 1 1 1 1 1 1 1 1 1
staticfield java/lang/ref/Finalizer lock Ljava/lang/Object; java/lang/Object
staticfield java/lang/ref/Finalizer ENABLED Z 1
staticfield java/lang/ref/Finalizer $assertionsDisabled Z 1
instanceKlass lombok/core/handlers/HandlerUtil$JavadocTag
instanceKlass lombok/javac/handlers/JavacHandlerUtil$CopyJavadoc
instanceKlass lombok/core/handlers/HandlerUtil$FieldAccess
instanceKlass lombok/javac/handlers/JavacHandlerUtil$MemberExistsResult
instanceKlass lombok/delombok/LombokOptionsFactory$LombokOptionCompilerVersion
instanceKlass lombok/AccessLevel
instanceKlass com/sun/tools/javac/tree/JCTree$JCMemberReference$OverloadKind
instanceKlass com/sun/tools/javac/tree/JCTree$JCMemberReference$ReferenceKind
instanceKlass com/sun/source/tree/LambdaExpressionTree$BodyKind
instanceKlass lombok/core/AST$Kind
instanceKlass com/sun/tools/javac/util/Log$PrefixKind
instanceKlass javax/lang/model/element/ModuleElement$DirectiveKind
instanceKlass lombok/core/configuration/CapitalizationStrategy
instanceKlass lombok/core/configuration/NullCheckExceptionType
instanceKlass lombok/core/configuration/CallSuperType
instanceKlass lombok/core/configuration/FlagUsageType
instanceKlass com/sun/tools/javac/code/TypeAnnotationPosition$TypePathEntryKind
instanceKlass com/sun/tools/javac/code/TypeAnnotations$AnnotationType
instanceKlass com/sun/tools/javac/comp/Resolve$InterfaceLookupPhase
instanceKlass com/sun/source/tree/Tree$Kind
instanceKlass com/sun/tools/javac/code/BoundKind
instanceKlass com/sun/tools/javac/code/TargetType
instanceKlass com/sun/tools/javac/code/Attribute$RetentionPolicy
instanceKlass javax/lang/model/element/NestingKind
instanceKlass javax/lang/model/element/ElementKind
instanceKlass com/sun/tools/javac/comp/DeferredAttr$AttributionMode
instanceKlass com/sun/tools/javac/code/Scope$LookupKind
instanceKlass java/nio/file/FileVisitResult
instanceKlass com/sun/tools/javac/code/Directive$OpensFlag
instanceKlass com/sun/tools/javac/code/Directive$ExportsFlag
instanceKlass com/sun/tools/javac/parser/JavacParser$EnumeratorEstimate
instanceKlass com/sun/tools/javac/tree/JCTree$JCOperatorExpression$OperandPos
instanceKlass com/sun/source/tree/CaseTree$CaseKind
instanceKlass com/sun/tools/javac/parser/JavacParser$PatternResult
instanceKlass com/sun/tools/javac/tree/JCTree$JCLambda$ParameterKind
instanceKlass com/sun/tools/javac/parser/JavacParser$ParensResult
instanceKlass com/sun/tools/javac/tree/JCTree$JCPolyExpression$PolyKind
instanceKlass com/sun/source/tree/MemberReferenceTree$ReferenceMode
instanceKlass com/sun/source/tree/ModuleTree$ModuleKind
instanceKlass com/sun/tools/javac/parser/Tokens$Comment$CommentStyle
instanceKlass javax/lang/model/type/TypeKind
instanceKlass com/sun/tools/javac/util/RichDiagnosticFormatter$RichConfiguration$RichFormatterFeature
instanceKlass com/sun/tools/javac/util/RichDiagnosticFormatter$WhereClauseKind
instanceKlass com/sun/tools/javac/comp/CompileStates$CompileState
instanceKlass com/sun/tools/javac/main/JavaCompiler$ImplicitSourcePolicy
instanceKlass com/sun/tools/javac/jvm/ClassFile$Version
instanceKlass com/sun/tools/javac/comp/Attr$CheckMode
instanceKlass com/sun/tools/javac/comp/Analyzer$AnalyzerMode
instanceKlass com/sun/tools/javac/jvm/Code$StackMapFormat
instanceKlass com/sun/tools/javac/comp/Operators$OperatorType
instanceKlass com/sun/tools/javac/tree/JCTree$Tag
instanceKlass com/sun/tools/javac/jvm/Profile
instanceKlass com/sun/tools/javac/comp/Resolve$VerboseResolutionMode
instanceKlass com/sun/tools/javac/comp/DeferredAttr$AttrMode
instanceKlass com/sun/tools/javac/main/Option$PkgInfo
instanceKlass com/sun/tools/javac/parser/Tokens$Token$Tag
instanceKlass com/sun/tools/javac/parser/Tokens$TokenKind
instanceKlass com/sun/tools/javac/util/Dependencies$CompletionCause
instanceKlass com/sun/tools/javac/comp/Resolve$ReferenceLookupResult$StaticKind
instanceKlass com/sun/tools/javac/comp/Resolve$MethodResolutionPhase
instanceKlass com/sun/tools/javac/util/Convert$Validation
instanceKlass com/sun/tools/javac/code/Symbol$ModuleResolutionFlags
instanceKlass com/sun/tools/javac/code/Symbol$ModuleFlags
instanceKlass com/sun/tools/javac/code/Directive$RequiresFlag
instanceKlass com/sun/tools/javac/code/Kinds$KindName
instanceKlass com/sun/tools/javac/code/Kinds$Kind$Category
instanceKlass com/sun/tools/javac/code/Kinds$Kind
instanceKlass com/sun/tools/javac/code/TypeTag
instanceKlass com/sun/tools/javac/jvm/ClassReader$AttributeKind
instanceKlass com/sun/tools/javac/main/JavaCompiler$CompilePolicy
instanceKlass com/sun/tools/javac/main/Main$Result
instanceKlass java/time/temporal/ChronoField
instanceKlass com/sun/tools/javac/code/Source$Feature$DiagKind
instanceKlass com/sun/tools/javac/util/JCDiagnostic$DiagnosticType
instanceKlass com/sun/tools/javac/code/Source$Feature
instanceKlass java/nio/file/attribute/PosixFilePermission
instanceKlass java/nio/file/AccessMode
instanceKlass jdk/javadoc/internal/doclint/Env$AccessKind
instanceKlass jdk/javadoc/internal/doclint/Messages$Group
instanceKlass com/sun/tools/javac/main/Arguments$ErrorMode
instanceKlass com/sun/tools/javac/jvm/Target
instanceKlass com/sun/tools/javac/util/BasicDiagnosticFormatter$BasicConfiguration$SourcePosition
instanceKlass com/sun/tools/javac/util/BasicDiagnosticFormatter$BasicConfiguration$BasicFormatKind
instanceKlass com/sun/tools/javac/api/DiagnosticFormatter$Configuration$MultilineLimit
instanceKlass com/sun/tools/javac/api/DiagnosticFormatter$Configuration$DiagnosticPart
instanceKlass com/sun/tools/javac/util/JCDiagnostic$DiagnosticFlag
instanceKlass com/sun/tools/javac/util/Log$WriterKind
instanceKlass javax/tools/StandardLocation
instanceKlass javax/tools/JavaFileObject$Kind
instanceKlass com/sun/tools/javac/code/Source
instanceKlass com/sun/tools/javac/code/Lint$LintCategory
instanceKlass com/sun/tools/javac/main/Option$ChoiceKind
instanceKlass com/sun/tools/javac/main/Option$ArgKind
instanceKlass com/sun/tools/javac/main/Option$OptionGroup
instanceKlass com/sun/tools/javac/main/Option$OptionKind
instanceKlass com/sun/tools/javac/main/Option
instanceKlass javax/tools/Diagnostic$Kind
instanceKlass java/util/stream/MatchOps$MatchKind
instanceKlass org/codehaus/plexus/compiler/javac/JavacCompiler$JavaVersion
instanceKlass org/apache/maven/shared/utils/io/ScanConductor$ScanAction
instanceKlass java/nio/file/FileTreeWalker$EventType
instanceKlass java/nio/file/FileVisitOption
instanceKlass org/apache/maven/shared/utils/logging/Style
instanceKlass java/util/Comparators$NaturalOrderComparator
instanceKlass java/time/temporal/ChronoUnit
instanceKlass java/util/stream/Collector$Characteristics
instanceKlass org/codehaus/plexus/compiler/CompilerConfiguration$CompilerReuseStrategy
instanceKlass javax/lang/model/SourceVersion
instanceKlass org/codehaus/plexus/compiler/CompilerMessage$Kind
instanceKlass java/nio/file/StandardCopyOption
instanceKlass org/eclipse/sisu/space/GlobberStrategy
instanceKlass org/apache/maven/plugin/MojoExecution$Source
instanceKlass org/eclipse/aether/RepositoryEvent$EventType
instanceKlass org/apache/maven/project/ProjectBuildingRequest$RepositoryMerging
instanceKlass org/fusesource/jansi/Ansi$Attribute
instanceKlass org/fusesource/jansi/Ansi$Color
instanceKlass org/apache/maven/shared/utils/logging/Style
instanceKlass java/security/DrbgParameters$Capability
instanceKlass java/lang/invoke/MethodHandleImpl$ArrayAccess
instanceKlass org/eclipse/sisu/inject/QualifyingStrategy
instanceKlass com/google/inject/internal/InjectorImpl$JitLimitation
instanceKlass org/eclipse/sisu/bean/DeclaredMembers$View
instanceKlass com/google/inject/internal/Initializer$InjectableReferenceState
instanceKlass org/apache/maven/settings/building/SettingsProblem$Severity
instanceKlass org/eclipse/aether/metadata/Metadata$Nature
instanceKlass org/apache/maven/model/building/ModelProblem$Version
instanceKlass org/apache/maven/building/Problem$Severity
instanceKlass org/apache/maven/classrealm/ClassRealmRequest$RealmType
instanceKlass org/apache/maven/execution/ExecutionEvent$Type
instanceKlass org/apache/maven/artifact/ArtifactScopeEnum
instanceKlass org/apache/maven/model/building/ModelProblem$Severity
instanceKlass com/google/inject/spi/InjectionPoint$Position
instanceKlass java/lang/annotation/ElementType
instanceKlass java/lang/reflect/ProxyGenerator$PrimitiveTypeInfo
instanceKlass java/lang/annotation/RetentionPolicy
instanceKlass com/google/inject/Key$NullAnnotationStrategy
instanceKlass com/google/inject/internal/InternalFlags$CustomClassLoadingOption
instanceKlass com/google/inject/internal/InternalFlags$NullableProvidesOption
instanceKlass com/google/inject/internal/InternalFlags$IncludeStackTraceOption
instanceKlass com/google/common/cache/LocalCache$EntryFactory
instanceKlass com/google/common/cache/CacheBuilder$NullListener
instanceKlass com/google/common/cache/CacheBuilder$OneWeigher
instanceKlass com/google/common/cache/LocalCache$Strength
instanceKlass jdk/internal/logger/BootstrapLogger$LoggingBackend
instanceKlass com/google/inject/Stage
instanceKlass org/eclipse/sisu/space/BeanScanning
instanceKlass java/math/RoundingMode
instanceKlass java/util/stream/StreamShape
instanceKlass java/util/stream/StreamOpFlag$Type
instanceKlass java/util/stream/StreamOpFlag
instanceKlass sun/util/locale/provider/LocaleProviderAdapter$Type
instanceKlass org/slf4j/impl/OutputChoice$OutputChoiceType
instanceKlass org/fusesource/jansi/AnsiColors
instanceKlass org/fusesource/jansi/AnsiMode
instanceKlass org/fusesource/jansi/AnsiType
instanceKlass java/util/Locale$Category
instanceKlass sun/security/util/KnownOIDs
instanceKlass java/util/regex/Pattern$Qtype
instanceKlass java/lang/invoke/MethodHandles$Lookup$ClassOption
instanceKlass java/lang/invoke/VarHandle$AccessType
instanceKlass java/lang/invoke/VarHandle$AccessMode
instanceKlass java/lang/invoke/MethodHandleImpl$Intrinsic
instanceKlass java/lang/invoke/LambdaForm$BasicType
instanceKlass java/lang/invoke/LambdaForm$Kind
instanceKlass sun/invoke/util/Wrapper
instanceKlass java/util/zip/ZipCoder$Comparison
instanceKlass java/nio/file/LinkOption
instanceKlass java/util/concurrent/TimeUnit
instanceKlass sun/nio/fs/WindowsPathType
instanceKlass java/nio/file/StandardOpenOption
instanceKlass java/io/File$PathStatus
instanceKlass java/lang/module/ModuleDescriptor$Requires$Modifier
instanceKlass java/lang/reflect/AccessFlag$Location
instanceKlass java/lang/reflect/AccessFlag
instanceKlass java/lang/module/ModuleDescriptor$Modifier
instanceKlass java/lang/reflect/ClassFileFormatVersion
instanceKlass java/lang/Thread$State
ciInstanceKlass java/lang/Enum 1 1 204 9 7 12 1 1 1 9 12 1 1 10 7 12 1 1 1 9 12 1 10 7 12 1 1 1 100 1 10 10 12 1 1 10 12 1 7 1 10 10 7 12 1 1 10 12 1 1 18 12 1 1 10 100 12 1 1 1 10 12 1 1 11 7 12 1 1 1 100 1 8 1 10 12 1 100 1 7 1 10 8 1 10 12 1 1 10 12 1 1 8 1 10 12 1 10 100 1 8 1 10 10 12 1 1 10 100 12 1 1 1 7 1 7 1 7 1 1 1 1 1 1 1 1 1 1 1 1 1 1 1 1 1 1 1 1 1 1 1 1 1 1 1 1 1 1 1 1 1 1 1 1 1 1 1 1 1 1 1 1 1 1 1 3 1 1 1 1 100 1 7 1 1 100 1 1 1 1 1 1 1 1 1 1 1 16 15 10 12 16 15 10 100 12 1 1 1 1 1 100 1 100 1 1
ciInstanceKlass java/lang/reflect/Method 1 1 472 9 7 12 1 1 1 10 7 12 1 1 1 10 7 12 1 1 9 12 1 1 10 12 1 1 10 12 1 1 10 7 12 1 1 10 7 12 1 1 1 9 12 1 1 9 12 1 9 12 1 1 9 12 1 9 12 1 9 12 1 1 9 12 1 9 12 1 1 9 12 1 9 12 1 9 12 1 1 100 1 8 1 10 12 1 10 12 1 9 12 1 1 8 1 10 7 12 1 1 10 7 12 1 1 1 10 12 1 1 10 12 1 1 10 12 1 10 12 1 1 10 12 1 1 9 7 12 1 1 1 10 12 1 1 10 12 10 7 12 1 1 10 12 1 1 10 12 1 10 12 1 10 12 1 10 7 12 1 1 1 10 12 1 1 10 7 1 10 7 12 1 1 1 10 7 12 1 1 10 12 1 1 10 12 1 1 10 12 1 10 7 12 1 1 1 10 12 1 10 8 1 10 12 1 10 12 1 7 1 8 1 8 1 8 1 10 12 1 10 12 1 1 10 12 1 1 10 10 12 1 1 10 12 1 11 7 1 10 12 1 9 12 1 1 10 12 1 1 10 12 1 10 12 1 1 10 12 1 1 11 7 12 1 1 1 11 12 1 9 12 1 1 10 12 1 10 12 1 10 12 1 10 12 1 10 12 1 10 12 1 9 12 1 1 10 7 12 1 1 1 10 7 12 1 1 10 12 1 1 10 7 12 1 1 1 10 7 12 1 1 1 10 7 12 1 1 1 11 7 12 1 1 1 10 7 12 1 1 1 7 1 100 1 100 1 10 12 1 10 12 1 1 10 12 1 100 1 8 1 10 12 1 10 10 12 1 1 10 12 1 1 10 12 1 1 10 12 1 1 8 1 10 12 1 1 1 1 1 1 1 1 1 1 1 1 1 1 1 1 1 1 1 1 1 1 1 1 1 1 1 1 1 1 1 1 1 1 1 1 1 1 1 1 1 1 1 1 1 1 1 1 1 1 1 1 1 100 1 100 1 100 1 1 1 1 1 1 1 1 1 1 1 1 1 1 1 1 1 1 1 1 1 1 1 1 1 1 1 1 1 1
ciInstanceKlass java/lang/reflect/Field 1 1 457 9 7 12 1 1 1 10 12 1 1 10 7 12 1 1 1 10 7 12 1 1 9 12 1 1 10 12 1 1 10 12 1 1 10 7 12 1 1 10 7 12 1 1 1 9 12 1 1 9 12 1 9 12 1 9 12 1 1 9 12 1 1 9 12 1 9 12 1 1 9 12 1 1 100 1 8 1 10 12 1 10 12 1 9 12 1 1 9 12 1 10 12 1 10 7 12 1 1 10 12 1 1 10 12 1 1 10 12 1 10 12 1 1 9 100 12 1 1 1 10 100 12 1 1 1 7 1 10 12 1 1 10 12 1 1 10 12 1 1 10 12 1 10 12 1 10 7 1 10 7 12 1 1 7 1 10 8 1 10 12 1 1 10 12 1 1 8 1 10 12 10 12 1 8 1 8 1 10 11 7 1 9 12 1 10 12 1 1 10 12 1 1 11 7 12 1 1 1 10 12 1 11 12 1 1 11 12 1 1 11 12 1 1 11 12 1 1 11 12 1 1 11 12 1 1 11 12 1 1 11 12 1 1 11 12 1 1 11 12 1 1 11 12 1 1 11 12 1 1 11 12 1 1 11 12 1 1 11 12 1 1 11 12 1 1 11 12 1 1 10 12 1 10 7 12 1 1 10 12 1 10 12 1 10 12 1 9 12 1 1 10 7 12 1 1 1 10 12 1 1 10 12 1 10 7 12 1 1 10 12 1 1 11 7 1 10 12 1 7 1 10 100 12 1 1 1 10 7 12 1 1 1 9 12 1 10 7 12 1 1 1 11 7 12 1 1 1 10 12 1 1 10 12 1 1 9 100 12 1 1 10 100 12 1 1 1 10 12 1 1 7 1 1 1 1 1 1 1 1 1 1 1 1 1 1 1 1 1 1 1 1 1 1 1 1 1 1 1 1 1 1 1 1 1 1 1 1 1 1 1 100 1 1 1 1 1 1 1 1 1 1 1 1 1 1 1 1 1 1 1 1 1 1 1 1 1 1 1 1 1 1 1 1 7 1 1 1 1 1 1 1 1 1 100 1 1
ciMethod java/lang/reflect/Field getName ()Ljava/lang/String; 302 0 151 0 -1
ciMethod java/lang/reflect/Field get (Ljava/lang/Object;)Ljava/lang/Object; 560 0 19435 0 -1
ciMethod java/lang/reflect/Field getModifiers ()I 432 0 216 0 -1
ciMethod java/lang/reflect/Field checkAccess (Ljava/lang/Class;Ljava/lang/Object;)V 0 0 1 0 -1
ciMethod java/lang/reflect/Field getGenericType ()Ljava/lang/reflect/Type; 512 0 721 0 -1
ciMethod java/lang/reflect/Field getType ()Ljava/lang/Class; 258 0 129 0 -1
ciMethod java/lang/reflect/Field getFieldAccessor ()Ljdk/internal/reflect/FieldAccessor; 0 0 1 0 -1
ciMethod java/lang/reflect/Field getOverrideFieldAccessor ()Ljdk/internal/reflect/FieldAccessor; 512 0 19816 0 0
ciMethod java/lang/reflect/Field acquireOverrideFieldAccessor ()Ljdk/internal/reflect/FieldAccessor; 290 0 331 0 0
ciMethod java/lang/reflect/Field setOverrideFieldAccessor (Ljdk/internal/reflect/FieldAccessor;)V 512 0 662 0 -1
ciInstanceKlass java/lang/reflect/Parameter 0 0 243 10 7 12 1 1 1 9 7 12 1 1 1 9 12 1 1 9 12 1 1 9 12 1 10 12 1 1 10 12 1 1 10 7 12 1 1 1 7 1 10 10 12 1 1 11 7 12 1 1 1 10 12 1 10 100 12 1 1 1 10 12 1 1 10 12 1 10 12 1 8 1 8 1 10 7 12 1 1 1 10 12 1 10 12 9 100 12 1 1 1 10 100 12 1 1 1 10 12 1 8 1 10 12 1 9 12 1 1 10 12 1 1 9 12 1 1 10 12 1 1 10 12 1 1 10 12 1 1 10 12 1 10 10 12 1 10 100 12 1 1 1 10 12 1 1 11 7 12 1 1 10 7 12 1 1 7 1 10 100 12 1 1 1 10 12 1 1 10 12 1 1 10 12 1 1 10 12 1 1 9 12 1 100 1 10 11 12 1 1 11 12 1 1 7 1 1 1 1 1 1 1 1 1 1 1 1 1 1 1 1 1 1 1 1 1 1 1 1 1 1 1 1 1 1 1 1 1 1 1 1 1 1 1 1 1 100 1 1 1 1 1 1
ciInstanceKlass java/lang/reflect/RecordComponent 0 0 196 10 7 12 1 1 1 9 7 12 1 1 1 9 12 1 1 9 12 1 10 12 1 1 10 12 1 1 10 100 12 1 1 1 10 12 1 1 9 12 1 1 10 12 1 1 10 12 1 1 10 12 1 10 100 12 1 1 10 100 12 1 1 9 12 1 1 10 100 12 1 1 1 11 100 12 1 1 1 10 9 100 12 1 1 1 10 100 12 1 1 1 9 12 1 1 10 100 12 1 1 1 10 12 1 1 11 7 12 1 1 10 7 12 1 1 7 1 9 12 1 9 12 1 1 9 12 1 10 100 12 1 1 1 10 12 1 1 10 12 1 1 7 1 10 10 12 1 10 12 1 1 8 1 10 12 1 10 12 1 9 12 1 7 1 1 1 1 1 1 1 1 1 1 1 1 1 1 1 1 1 1 1 1 1 1 7 1 1 1 1 1 1 100 1 1
ciInstanceKlass java/lang/StringBuffer 1 1 483 10 7 12 1 1 1 10 12 1 10 12 1 10 12 1 1 9 7 12 1 1 1 10 12 1 1 10 12 1 10 12 1 1 9 12 1 1 10 12 1 10 12 1 1 10 12 1 1 10 12 1 10 12 1 1 10 12 1 10 12 1 1 10 12 1 1 10 7 12 1 1 1 10 12 1 1 10 12 1 10 12 1 10 12 1 10 12 1 10 12 1 10 12 1 10 12 1 10 12 1 10 12 1 10 12 1 10 12 1 10 12 1 10 12 1 10 12 1 1 10 12 1 10 12 1 1 10 12 1 1 10 10 12 1 1 10 12 1 10 12 1 10 12 1 10 12 1 10 12 1 10 12 1 10 12 10 12 1 10 12 1 10 12 1 10 12 1 1 10 12 1 10 12 1 10 10 12 1 1 10 12 1 10 12 1 10 12 1 10 10 100 12 1 1 1 10 10 12 1 1 9 12 1 1 10 100 12 1 1 10 100 1 8 10 100 12 1 1 1 8 10 12 1 8 1 10 12 1 10 12 1 10 100 12 1 1 1 10 100 12 1 1 1 7 1 10 12 100 1 8 1 10 10 12 1 1 10 12 1 1 10 12 1 10 12 1 10 12 1 1 10 12 1 10 12 1 10 12 1 10 12 1 10 12 1 10 12 10 12 1 10 12 1 10 12 1 10 12 1 10 12 1 10 12 1 10 12 1 10 12 1 10 12 1 10 12 1 10 12 10 12 10 12 1 10 12 1 10 12 1 10 12 10 12 1 10 12 1 10 12 1 10 12 1 10 12 1 10 12 1 10 12 1 10 12 1 10 12 1 10 12 1 10 12 1 7 1 10 12 1 9 7 12 1 1 1 9 7 1 9 12 1 1 7 1 7 1 7 1 7 1 1 1 1 5 0 1 1 1 1 1 1 1 1 1 1 1 1 1 1 1 1 1 1 1 1 1 1 1 1 1 1 1 1 1 1 1 1 1 1 1 1 1 1 1 1 1 1 1 1 1 1 1 1 1 1 1 1 1 1 1 1 1 1 1 1 1 100 1 1 1 1 1 7 1 1 1 1 1 1 1 1 1 1 1 1 1 1 1 1 1 1
staticfield java/lang/StringBuffer serialPersistentFields [Ljava/io/ObjectStreamField; 3 [Ljava/io/ObjectStreamField;
instanceKlass jdk/internal/loader/Loader
instanceKlass java/net/URLClassLoader
instanceKlass jdk/internal/loader/BuiltinClassLoader
ciInstanceKlass java/security/SecureClassLoader 1 1 102 10 7 12 1 1 1 7 1 10 12 1 9 7 12 1 1 1 10 12 1 10 12 1 10 12 1 1 10 12 1 1 10 12 1 7 1 10 7 1 10 12 1 7 1 10 12 1 11 7 12 1 1 1 7 1 11 12 1 10 12 1 1 1 1 1 1 1 1 1 1 1 1 1 1 1 1 1 1 1 1 1 1 1 1 1 1 1 1 1 1 1 1 1 1 1 1 100 1 1 1 1
ciInstanceKlass java/util/jar/Manifest 1 1 339 10 7 12 1 1 1 7 1 10 9 7 12 1 1 1 7 1 10 9 12 1 1 9 12 1 1 10 12 1 10 12 1 1 10 12 1 1 10 12 1 1 10 12 1 1 11 7 1 11 12 1 1 10 12 1 1 10 100 12 1 1 1 100 1 7 1 10 8 1 10 12 1 1 10 12 1 1 10 12 1 10 12 1 11 100 1 10 12 1 10 12 1 1 11 12 1 1 10 12 1 11 12 1 1 11 100 12 1 1 1 11 7 12 1 1 11 12 1 1 100 1 10 12 1 8 1 11 12 1 7 1 10 12 1 1 11 12 1 10 12 1 10 12 1 10 7 12 1 1 1 8 1 10 12 1 1 10 9 7 12 1 1 1 10 12 1 1 10 100 12 1 10 12 1 10 12 1 9 100 12 1 1 1 8 1 10 12 1 8 1 8 1 7 1 10 12 1 10 12 1 10 12 1 1 100 1 8 1 10 12 1 1 8 1 10 10 12 1 1 8 1 10 12 1 1 10 7 12 1 1 1 10 12 1 10 11 12 1 1 10 12 1 10 7 12 1 1 1 10 12 1 1 10 12 1 10 12 1 1 11 10 12 1 11 10 12 1 7 1 1 1 1 1 1 1 1 1 1 1 1 1 1 1 1 1 1 1 1 1 1 1 1 1 1 1 1 1 1 1 1 1 1 1 1 1 1 1 1 1 1 1 100 1 1 1 1 1 1 1 1 1 1 1 1 1 1 7 1 1 1 1 1 1 1 1 1 1 1
ciInstanceKlass java/io/ByteArrayInputStream 1 1 117 10 7 12 1 1 1 9 7 12 1 1 1 9 12 1 1 9 12 1 9 12 1 10 7 12 1 1 1 10 7 12 1 1 1 10 7 12 1 1 1 10 100 12 1 1 1 10 12 1 1 3 10 100 1 10 100 12 1 1 1 9 12 1 1 100 1 10 10 7 12 1 1 1 1 1 1 1 1 1 1 1 1 1 1 1 1 1 1 1 1 1 1 1 1 1 1 1 1 1 1 1 100 1 1 1 1 1 1 1 1 1 1 1 1 1 1
staticfield java/io/ByteArrayInputStream $assertionsDisabled Z 1
instanceKlass java/nio/CharBuffer
instanceKlass java/nio/IntBuffer
instanceKlass java/nio/LongBuffer
instanceKlass java/nio/ByteBuffer
ciInstanceKlass java/nio/Buffer 1 1 256 100 1 10 7 12 1 1 1 9 7 12 1 1 1 9 12 1 9 12 1 1 9 12 1 9 12 1 1 10 12 1 1 10 12 1 1 10 12 100 1 7 1 10 8 1 10 12 1 1 10 12 1 8 1 8 1 10 12 1 1 10 12 1 8 1 9 12 1 1 100 1 8 1 10 12 1 8 1 8 1 9 12 10 12 1 8 1 8 1 8 1 10 12 1 8 1 8 1 8 1 100 1 10 100 1 10 100 1 10 9 12 1 1 10 7 12 1 1 1 100 1 10 12 1 1 10 12 1 10 100 12 1 1 10 7 12 1 1 1 10 7 12 1 1 1 9 12 1 1 10 7 12 1 1 1 9 12 1 1 7 1 10 10 12 1 1 7 1 10 10 7 12 1 1 1 1 1 3 1 1 1 1 1 1 1 1 1 1 1 1 1 1 100 1 1 1 1 1 1 1 7 1 1 1 1 1 1 1 1 1 1 1 1 1 1 1 1 1 1 1 1 1 1 1 1 1 1 1 1 1 1 1 1 1 1 1 1 1 1 1 100 1 100 1 100 1 100 1 100 1 100 1 100 1 1
staticfield java/nio/Buffer UNSAFE Ljdk/internal/misc/Unsafe; jdk/internal/misc/Unsafe
staticfield java/nio/Buffer SCOPED_MEMORY_ACCESS Ljdk/internal/misc/ScopedMemoryAccess; jdk/internal/misc/ScopedMemoryAccess
staticfield java/nio/Buffer IOOBE_FORMATTER Ljava/util/function/BiFunction; jdk/internal/util/Preconditions$4
staticfield java/nio/Buffer $assertionsDisabled Z 1
instanceKlass org/eclipse/aether/util/graph/visitor/Stack
instanceKlass org/apache/maven/model/merge/ModelMerger$MergingList
instanceKlass java/util/Collections$SingletonList
instanceKlass com/google/common/collect/Lists$TransformingRandomAccessList
instanceKlass com/google/common/collect/Lists$Partition
instanceKlass java/util/ArrayList$SubList
instanceKlass java/util/AbstractSequentialList
instanceKlass java/util/Vector
instanceKlass sun/security/jca/ProviderList$3
instanceKlass java/util/Arrays$ArrayList
instanceKlass java/util/Collections$EmptyList
instanceKlass java/util/ArrayList
ciInstanceKlass java/util/AbstractList 1 1 218 10 7 12 1 1 1 9 7 12 1 1 1 10 12 1 1 10 12 1 1 100 1 10 10 12 1 1 11 100 12 1 1 1 11 12 1 1 11 12 1 10 7 12 1 1 1 10 12 1 11 12 1 11 12 1 11 12 1 10 12 1 1 10 12 1 1 11 7 12 1 1 1 11 7 1 11 7 1 10 12 1 7 1 10 12 1 10 12 1 1 7 1 100 1 10 12 1 100 1 10 100 1 7 1 10 8 1 10 12 1 1 10 12 1 10 12 1 1 10 12 1 8 1 100 1 8 1 8 1 8 1 10 7 1 11 10 10 12 1 11 12 1 10 12 1 1 8 1 8 1 1 1 1 1 1 1 1 1 1 1 1 1 1 1 1 1 1 1 1 1 1 1 1 1 1 1 1 1 1 1 1 1 1 1 1 1 1 1 1 1 1 1 1 1 1 1 1 1 1 1 1 1 1 1 1 1 1 100 1 100 1 1 1 1 1 1 1
ciInstanceKlass java/util/List 1 1 251 10 100 12 1 1 1 11 100 12 1 1 1 11 100 12 1 1 1 11 12 1 1 11 100 12 1 1 11 12 1 1 11 12 1 1 10 100 12 1 1 1 7 1 7 1 10 12 1 1 100 1 10 7 12 1 1 1 11 12 1 1 11 12 1 11 12 1 100 1 10 12 1 11 12 1 1 11 12 1 1 11 12 1 10 100 12 1 1 1 9 7 12 1 1 1 7 1 10 12 10 12 1 7 1 10 12 1 1 10 12 1 10 12 1 1 11 12 1 1 100 1 1 1 1 1 1 1 1 1 1 1 1 1 1 1 1 1 1 1 1 1 1 1 1 1 1 1 1 1 1 1 1 1 1 1 1 1 1 1 1 1 1 1 1 100 1 100 1 1 1 1 1 1 1 1 1 1 1 1 1 1 1 1 1 1 1 1 1 1 1 1 1 1 1 1 1 1 1 1 1 1 1 1 1 1 1 1 1 1 1 1 1 1 1 1 1 1 1 1 1 1 1 1 1 1 1 1 1 1 1 1 1 1 1 1 1 1 1 1 1 1 1 1 100 1 1 100 1 1 1
ciInstanceKlass java/util/SequencedCollection 1 1 109 100 1 10 12 1 1 11 7 12 1 1 1 11 7 12 1 1 1 11 12 1 1 11 12 1 7 1 7 1 1 1 1 1 1 1 1 1 1 1 1 1 1 1 1 1 1 1 1 1 1 1 1 1 1 1 1 1 100 1 8 1 1 12 10 1 1 1 8 1 1 1 8 1 1 1 8 1 1 1 8 1 1 8 1 1 1 8 1 1 8 1 1 1 8 1 1 8 1 1 1 8 1 1 8 1 1 8 1
ciInstanceKlass java/util/Collection 1 1 115 11 100 12 1 1 1 100 1 11 7 12 1 1 1 10 100 12 1 1 1 11 12 1 1 11 100 12 1 1 1 11 12 1 1 11 100 12 1 1 1 11 12 1 1 10 100 12 1 1 1 11 12 1 10 7 12 1 1 1 100 1 100 1 1 1 1 1 1 1 1 1 1 1 1 1 1 1 1 1 1 1 1 1 1 1 1 1 1 1 1 1 1 1 1 1 1 1 1 1 1 1 1 1 1 1 1 1 1 1 1 1 1 1 1
ciInstanceKlass java/lang/Iterable 1 1 62 10 7 12 1 1 1 11 7 12 1 1 1 11 7 12 1 1 1 11 12 1 1 11 7 12 1 1 1 10 7 12 1 1 1 100 1 1 1 1 1 1 1 1 1 1 1 1 1 1 1 1 1 1 1 1 1 1 1 1 1 1
ciMethod java/util/List toArray ([Ljava/lang/Object;)[Ljava/lang/Object; 0 0 1 0 -1
ciMethod java/util/List iterator ()Ljava/util/Iterator; 0 0 1 0 -1
ciMethod java/util/List addAll (Ljava/util/Collection;)Z 0 0 1 0 -1
instanceKlass com/sun/tools/javac/util/List
instanceKlass java/util/concurrent/ConcurrentLinkedDeque
instanceKlass java/util/TreeMap$Values
instanceKlass org/eclipse/sisu/inject/MildElements
instanceKlass org/eclipse/sisu/inject/MildValues$1
instanceKlass com/google/common/collect/Maps$Values
instanceKlass com/google/common/collect/AbstractMultimap$Values
instanceKlass com/google/common/collect/AbstractMapBasedMultimap$WrappedCollection
instanceKlass com/google/common/collect/ImmutableCollection
instanceKlass java/util/IdentityHashMap$Values
instanceKlass java/util/AbstractQueue
instanceKlass java/util/LinkedHashMap$LinkedValues
instanceKlass java/util/HashMap$Values
instanceKlass java/util/ArrayDeque
instanceKlass java/util/AbstractSet
instanceKlass java/util/ImmutableCollections$AbstractImmutableCollection
instanceKlass java/util/AbstractList
ciInstanceKlass java/util/AbstractCollection 1 1 160 10 7 12 1 1 1 10 7 12 1 1 1 10 12 1 1 11 7 12 1 1 1 11 12 1 1 10 12 1 1 10 100 12 1 1 1 10 12 1 1 10 12 1 1 10 7 12 1 1 10 7 12 1 1 1 7 1 10 7 12 1 1 1 10 100 12 1 1 1 100 1 10 11 12 1 11 7 1 10 12 1 10 12 1 10 7 12 1 1 1 11 8 1 7 1 10 10 12 1 1 8 1 10 12 1 10 12 1 1 1 1 1 1 1 1 1 1 1 1 1 1 1 1 1 1 1 1 1 1 1 1 1 1 1 1 1 1 1 1 1 1 1 1 1 1 1 1 1 1 1 1 1 1 1 1 1 1 1 1
ciMethod java/util/AbstractCollection <init> ()V 848 0 336218 0 0
ciMethod java/util/AbstractList <init> ()V 512 0 190420 0 88
ciInstanceKlass java/lang/AssertionStatusDirectives 0 0 24 10 100 12 1 1 1 100 1 1 1 1 1 1 1 1 1 1 1 1 1 1 1 1
instanceKlass org/mapstruct/ap/internal/util/AnnotationProcessingException
instanceKlass org/mapstruct/ap/spi/TypeHierarchyErroneousException
instanceKlass lombok/core/AnnotationValues$AnnotationValueDecodeFail
instanceKlass java/lang/LayerInstantiationException
instanceKlass javax/lang/model/UnknownEntityException
instanceKlass com/sun/tools/javac/jvm/Gen$CodeSizeOverflow
instanceKlass com/sun/tools/javac/code/Types$SignatureGenerator$InvalidSignatureException
instanceKlass com/sun/tools/javac/comp/Infer$GraphStrategy$NodeNotFoundException
instanceKlass com/sun/tools/javac/code/Types$AdaptFailure
instanceKlass com/sun/tools/javac/code/Types$FunctionDescriptorLookupError
instanceKlass com/sun/tools/javac/comp/Attr$BreakAttr
instanceKlass com/sun/tools/javac/comp/Resolve$InapplicableMethodException
instanceKlass com/sun/tools/javac/jvm/ClassWriter$StringOverflow
instanceKlass com/sun/tools/javac/jvm/ClassWriter$PoolOverflow
instanceKlass com/sun/tools/javac/code/Symbol$CompletionFailure
instanceKlass java/time/DateTimeException
instanceKlass java/nio/file/FileSystemAlreadyExistsException
instanceKlass java/util/MissingResourceException
instanceKlass java/nio/file/FileSystemNotFoundException
instanceKlass java/nio/file/ProviderNotFoundException
instanceKlass java/io/UncheckedIOException
instanceKlass com/sun/tools/javac/util/ClientCodeException
instanceKlass com/sun/tools/javac/util/PropagatedException
instanceKlass org/apache/maven/project/DuplicateArtifactAttachmentException
instanceKlass java/util/ConcurrentModificationException
instanceKlass com/google/inject/OutOfScopeException
instanceKlass org/apache/maven/artifact/InvalidArtifactRTException
instanceKlass java/lang/annotation/IncompleteAnnotationException
instanceKlass java/lang/reflect/UndeclaredThrowableException
instanceKlass com/google/common/cache/CacheLoader$InvalidCacheLoadException
instanceKlass com/google/common/util/concurrent/UncheckedExecutionException
instanceKlass java/util/NoSuchElementException
instanceKlass com/google/inject/CreationException
instanceKlass com/google/inject/ConfigurationException
instanceKlass com/google/inject/ProvisionException
instanceKlass java/lang/TypeNotPresentException
instanceKlass java/lang/IndexOutOfBoundsException
instanceKlass java/lang/UnsupportedOperationException
instanceKlass java/lang/SecurityException
instanceKlass org/apache/maven/wrapper/cli/CommandLineArgumentException
instanceKlass java/lang/IllegalStateException
instanceKlass java/lang/IllegalArgumentException
instanceKlass java/lang/ArithmeticException
instanceKlass java/lang/NullPointerException
instanceKlass java/lang/IllegalMonitorStateException
instanceKlass java/lang/ArrayStoreException
instanceKlass java/lang/ClassCastException
ciInstanceKlass java/lang/RuntimeException 1 1 40 10 7 12 1 1 1 10 12 1 10 12 1 10 12 1 10 12 1 100 1 1 1 1 5 0 1 1 1 1 1 1 1 1 1 1 1 1 1 1
instanceKlass com/sun/tools/javac/tree/JCTree$JCBlock$PatternMatchingCatch
instanceKlass com/sun/tools/javac/code/TypeMetadata$Annotations
instanceKlass com/sun/tools/javac/code/TypeMetadata$ConstantValue
instanceKlass com/sun/tools/javac/code/Symbol$ClassSymbol$PermittedClassWithPos
instanceKlass java/util/stream/Collectors$CollectorImpl
instanceKlass java/nio/DirectByteBuffer$Deallocator
instanceKlass jdk/internal/misc/ThreadTracker$ThreadRef
instanceKlass java/lang/reflect/Proxy$ProxyBuilder$ProxyClassContext
instanceKlass java/security/SecureClassLoader$CodeSourceKey
instanceKlass jdk/internal/reflect/ReflectionFactory$Config
instanceKlass jdk/internal/foreign/abi/UpcallLinker$CallRegs
instanceKlass jdk/internal/foreign/abi/VMStorage
ciInstanceKlass java/lang/Record 1 1 22 10 7 12 1 1 1 100 1 1 1 1 1 1 1 1 1 1 1 1 1 1
ciInstanceKlass java/lang/invoke/MethodType 1 1 780 7 1 10 7 12 1 1 1 9 12 1 1 9 12 1 1 9 12 1 1 10 7 12 1 1 1 9 7 12 1 1 8 1 10 100 12 1 1 1 9 7 1 9 7 1 10 12 1 1 7 1 10 8 1 10 12 1 1 10 12 1 10 12 1 1 7 1 8 1 10 12 1 100 1 10 10 12 1 10 12 1 1 10 12 1 1 11 7 12 1 1 1 9 12 1 11 12 1 1 7 10 12 1 1 10 12 1 1 7 1 7 1 10 7 12 1 1 1 10 12 1 10 12 1 9 12 1 1 10 7 12 1 1 10 12 1 1 10 7 12 1 1 1 10 7 12 1 1 1 10 12 1 9 12 1 1 10 12 1 1 10 12 1 1 10 12 1 1 10 12 1 1 10 12 1 1 10 12 1 10 12 1 10 12 1 1 10 12 1 8 1 8 1 10 12 1 1 9 12 1 1 100 1 10 10 12 1 1 10 12 1 10 12 1 1 10 12 1 1 10 12 1 10 12 1 10 12 1 8 1 10 12 1 1 10 100 12 1 1 1 10 12 1 10 12 1 1 10 12 1 10 12 1 10 12 1 1 10 12 1 10 12 1 9 12 1 10 12 1 10 10 12 1 1 10 12 1 9 12 1 1 10 12 1 1 11 12 1 1 10 12 1 1 10 12 1 10 12 1 100 1 8 1 8 1 8 1 10 12 1 10 12 1 10 12 1 1 10 10 12 1 11 12 1 1 11 12 1 10 100 12 1 1 1 9 12 1 10 12 1 10 12 1 1 10 12 1 1 10 12 1 10 12 1 10 100 12 1 1 1 10 12 1 1 10 12 1 10 12 1 10 12 1 10 9 12 1 1 7 1 10 12 1 10 12 1 1 9 100 12 1 1 1 10 7 12 1 1 1 10 7 12 1 1 1 10 12 1 1 10 7 12 1 1 1 10 12 1 1 8 1 10 7 12 1 1 1 11 12 1 1 9 12 1 1 10 12 1 1 10 12 1 10 12 1 1 10 12 1 1 10 100 12 1 1 100 1 10 12 1 1 11 100 12 1 1 18 12 1 1 11 12 1 1 18 12 1 11 12 1 100 1 11 100 12 1 1 10 12 1 100 1 10 12 1 10 100 12 1 1 10 12 1 1 9 12 1 1 9 100 12 1 1 1 10 7 12 1 1 1 9 12 1 10 100 12 1 1 10 12 1 100 10 12 1 1 10 12 1 7 1 10 10 12 1 1 7 1 7 1 9 12 1 1 7 1 7 1 7 1 1 1 5 0 1 1 1 1 1 1 1 3 1 3 1 3 1 1 1 1 1 1 1 1 1 1 1 1 1 1 1 1 1 1 1 1 1 1 1 1 1 1 1 1 1 1 1 1 1 1 1 1 1 1 1 1 1 1 1 1 1 1 1 1 1 1 1 1 1 1 1 1 1 1 1 1 1 1 1 1 1 1 1 1 1 1 1 1 1 1 1 1 1 1 1 1 1 1 1 1 1 1 1 1 1 1 1 1 1 1 1 1 1 1 1 1 1 1 1 1 1 1 1 1 1 1 1 1 1 1 1 1 1 1 1 1 1 1 1 1 1 1 1 1 1 1 100 1 100 1 1 1 1 1 1 1 1 1 1 1 1 1 100 1 1 1 7 1 1 1 1 1 1 1 1 1 1 1 1 1 1 1 1 1 1 1 1 1 1 16 15 10 12 16 16 15 10 12 16 15 10 100 12 1 1 1 1 1 7 1 1 7 1 1 100 1 100 1 1
staticfield java/lang/invoke/MethodType internTable Ljdk/internal/util/ReferencedKeySet; jdk/internal/util/ReferencedKeySet
staticfield java/lang/invoke/MethodType NO_PTYPES [Ljava/lang/Class; 0 [Ljava/lang/Class;
staticfield java/lang/invoke/MethodType objectOnlyTypes [Ljava/lang/invoke/MethodType; 20 [Ljava/lang/invoke/MethodType;
staticfield java/lang/invoke/MethodType METHOD_HANDLE_ARRAY [Ljava/lang/Class; 1 [Ljava/lang/Class;
staticfield java/lang/invoke/MethodType serialPersistentFields [Ljava/io/ObjectStreamField; 0 [Ljava/io/ObjectStreamField;
staticfield java/lang/invoke/MethodType $assertionsDisabled Z 1
ciInstanceKlass java/lang/invoke/TypeDescriptor$OfMethod 1 0 43 100 1 100 1 100 1 1 1 1 1 1 1 1 1 1 1 1 1 1 1 1 1 1 1 1 1 1 1 1 1 1 1 1 1 1 1 1 1 1 100 1 1
instanceKlass java/lang/InstantiationException
instanceKlass java/lang/IllegalAccessException
instanceKlass java/lang/reflect/InvocationTargetException
instanceKlass java/lang/NoSuchFieldException
instanceKlass java/lang/NoSuchMethodException
instanceKlass java/lang/ClassNotFoundException
ciInstanceKlass java/lang/ReflectiveOperationException 1 1 34 10 7 12 1 1 1 10 12 1 10 12 1 10 12 1 100 1 1 1 1 5 0 1 1 1 1 1 1 1 1 1 1 1
instanceKlass java/lang/invoke/DelegatingMethodHandle
instanceKlass java/lang/invoke/BoundMethodHandle
instanceKlass java/lang/invoke/DirectMethodHandle
ciInstanceKlass java/lang/invoke/MethodHandle 1 1 733 100 1 9 7 12 1 1 1 10 7 12 1 1 1 10 7 12 1 1 1 7 1 7 1 10 12 1 1 9 12 1 1 10 12 1 10 12 1 1 10 12 1 1 10 100 12 1 1 1 10 12 1 1 10 12 1 1 11 7 12 1 1 1 10 12 1 1 10 12 1 10 12 1 10 12 1 1 9 12 1 1 9 12 1 1 10 7 12 1 1 1 10 12 1 1 10 12 1 10 12 1 100 1 7 1 10 8 1 10 12 1 1 10 12 1 8 1 10 12 1 1 10 12 1 10 7 12 1 1 1 10 12 1 1 10 12 1 1 10 12 1 1 10 7 12 1 1 1 10 12 1 1 10 12 1 1 10 12 1 10 12 1 1 10 7 12 1 1 10 7 12 1 1 10 12 1 10 12 1 10 12 1 1 10 12 1 1 10 12 1 1 10 12 1 1 10 7 12 1 1 1 10 7 12 1 1 1 10 12 1 1 10 12 1 1 10 12 1 1 8 1 10 7 12 1 1 1 8 1 10 12 1 10 12 1 1 10 12 1 1 10 12 1 8 1 10 12 1 1 8 1 10 12 1 8 1 10 7 12 1 1 1 9 12 1 1 100 1 10 9 7 12 1 1 1 9 7 1 8 1 10 12 1 1 10 12 1 10 12 1 1 10 12 1 10 12 1 1 10 12 1 10 12 1 1 10 12 1 10 12 1 1 10 12 1 1 8 1 10 12 1 1 8 1 10 12 1 10 12 1 1 10 12 1 10 12 1 10 12 1 1 9 100 12 1 1 1 10 12 1 1 11 12 1 10 12 1 10 12 1 1 10 100 12 1 1 100 1 11 12 1 10 100 1 11 12 1 7 1 10 12 1 11 12 1 9 100 12 1 1 1 11 12 1 1 11 100 12 1 1 1 10 12 1 1 9 12 1 11 12 1 9 12 1 9 12 1 9 12 1 11 12 1 1 9 12 1 9 12 1 9 12 1 9 12 1 9 12 1 9 12 1 9 12 1 8 1 10 12 1 10 12 1 8 1 10 12 1 10 12 1 10 12 1 1 10 10 10 7 12 1 1 10 12 1 1 100 1 100 1 8 1 8 1 10 10 12 1 1 10 12 1 10 12 1 7 1 10 100 12 1 1 1 10 9 7 12 1 1 1 10 12 1 1 10 12 1 1 8 1 8 1 10 7 12 1 1 9 12 1 9 12 1 1 9 12 1 1 10 12 1 7 1 10 12 1 10 12 1 1 9 12 1 1 9 12 1 1 10 7 12 1 1 1 11 7 12 1 1 9 12 1 10 12 1 1 9 12 1 10 12 1 8 10 12 1 1 8 1 1 1 1 1 1 1 1 7 1 1 1 1 1 1 1 1 1 1 1 1 1 1 1 1 1 1 1 1 1 1 1 1 1 1 1 1 1 1 100 1 1 1 1 1 1 1 1 1 1 1 1 1 1 1 1 1 1 1 1 1 1 1 1 1 1 1 1 1 1 1 1 1 1 1 1 1 1 1 1 1 1 1 1 1 1 1 1 1 1 1 1 1 1 1 1 1 1 1 1 1 1 1 1 1 1 1 1 1 1 1 1 1 1 1 1 1 1 1 1 1 1 1 1 1 1 100 1 1 100 1 7 1 100 1 1 100 1 1 100 1 1 1 1
staticfield java/lang/invoke/MethodHandle FORM_OFFSET J 20
staticfield java/lang/invoke/MethodHandle UPDATE_OFFSET J 13
staticfield java/lang/invoke/MethodHandle $assertionsDisabled Z 1
ciMethod java/lang/invoke/MethodHandle type ()Ljava/lang/invoke/MethodType; 260 0 130 0 0
ciMethod java/lang/invoke/MethodHandle maybeCustomize ()V 522 0 5525 0 -1
ciInstanceKlass java/util/concurrent/ConcurrentHashMap 1 1 1210 7 1 7 1 3 10 12 1 1 3 7 1 10 7 12 1 1 1 7 1 10 7 12 1 1 1 100 1 11 12 1 1 11 12 1 11 12 1 1 9 12 1 1 9 12 1 1 9 12 1 10 7 12 1 1 1 7 1 10 12 1 1 10 12 1 1 10 7 12 1 1 1 4 10 12 1 9 12 1 10 12 1 1 100 1 10 5 0 10 12 1 10 12 1 1 5 0 10 12 1 1 10 12 1 9 12 1 1 10 12 1 1 9 12 1 9 12 1 1 10 12 1 1 9 12 1 10 12 1 1 9 12 1 1 10 12 1 1 100 1 10 100 1 10 12 1 10 12 1 1 10 12 1 1 10 12 1 1 10 12 1 10 12 1 1 10 12 1 1 100 1 10 12 1 1 7 1 100 1 8 1 10 12 1 10 12 1 1 10 12 1 1 11 7 12 1 1 10 12 1 1 11 12 1 1 11 7 12 1 1 1 11 7 12 1 1 1 11 12 1 7 1 11 12 1 11 12 1 10 12 1 1 10 12 1 1 9 12 1 1 10 100 12 1 1 1 9 10 12 1 1 9 12 1 10 12 1 1 5 0 9 12 1 1 7 1 10 12 1 9 12 1 1 7 1 10 12 1 9 12 1 7 1 10 7 1 10 10 12 1 1 8 1 10 12 1 10 12 1 1 11 100 1 10 12 1 10 100 12 1 1 1 8 1 10 100 12 1 1 1 8 1 10 12 1 8 1 10 12 1 10 12 1 1 10 100 12 1 1 10 12 1 10 12 1 10 12 1 9 12 1 9 10 12 1 9 12 1 1 11 100 12 1 1 1 11 7 12 1 1 1 100 1 10 12 11 100 12 1 1 10 11 7 12 1 10 12 1 100 1 10 12 1 100 1 10 10 9 7 12 1 1 1 10 12 3 10 7 12 1 1 9 12 1 10 12 1 1 9 12 1 1 9 12 1 10 12 1 1 10 100 12 1 1 9 12 1 9 7 12 1 1 10 12 1 1 10 12 1 3 9 12 1 9 12 1 10 12 1 1 7 1 9 3 9 12 1 7 1 10 12 1 9 12 1 10 12 1 9 12 1 10 12 1 9 12 1 10 100 12 1 1 1 100 10 12 1 7 1 5 0 10 100 12 1 1 100 1 10 12 1 1 10 12 1 10 12 1 100 1 10 12 1 10 100 1 100 1 10 10 12 1 10 100 1 10 12 1 10 100 1 10 12 1 10 7 1 10 12 1 1 100 1 10 12 1 10 10 12 1 100 1 10 12 1 10 10 12 1 100 1 10 12 1 10 100 1 10 12 1 10 100 1 10 12 1 10 100 1 10 12 1 10 100 1 10 12 1 10 100 1 10 12 1 10 100 1 10 12 1 10 100 1 10 12 1 10 100 1 10 10 100 1 10 10 100 1 10 10 100 1 10 12 1 10 100 1 10 12 1 10 100 1 10 12 1 10 100 1 10 12 1 10 100 1 10 12 1 10 100 1 10 10 100 1 10 10 100 1 10 10 100 1 10 12 1 10 100 1 10 12 1 10 100 1 10 12 1 10 100 1 10 12 1 10 100 1 10 12 1 10 10 12 1 10 7 12 1 1 1 10 12 1 7 1 7 1 10 12 1 9 12 1 1 9 12 1 1 10 12 1 1 8 10 12 1 1 8 8 8 8 7 10 12 1 1 10 12 1 100 1 8 1 10 7 1 7 1 7 1 1 1 5 0 1 1 3 1 3 1 1 1 1 3 1 3 1 3 1 1 1 1 1 3 1 3 1 3 1 1 1 1 1 1 1 1 1 1 1 1 1 1 1 1 1 1 1 1 1 1 1 1 1 100 1 1 1 1 1 1 1 1 1 1 1 1 1 1 1 1 1 1 1 1 1 1 1 1 1 1 1 1 1 1 1 1 1 1 1 1 1 1 1 1 1 1 1 1 1 1 1 1 1 1 1 1 1 1 1 1 1 1 1 1 1 1 1 1 1 1 1 1 1 1 1 1 1 1 1 1 1 1 1 1 1 1 1 1 100 1 1 1 1 1 1 1 1 1 1 1 7 1 1 1 1 1 1 1 1 1 1 1 1 1 1 1 1 1 1 1 1 1 1 1 1 1 1 1 1 1 1 1 1 1 1 1 1 1 1 1 1 1 1 1 1 1 1 1 1 1 1 1 1 1 1 1 1 1 1 1 1 1 1 1 1 1 1 1 1 1 1 1 1 1 1 1 1 1 1 1 1 1 1 1 1 1 1 1 1 1 1 1 1 1 1 1 1 1 1 1 1 1 1 1 1 1 1 1 1 1 1 1 1 1 1 1 1 1 1 1 1 1 1 1 1 1 1 1 1 1 1 1 1 1 1 1 1 1 1 1 1 1 1 1 1 1 1 1 1 1 1 1 1 1 1 1 1 1 1 1 1 1 1 1 1 1 1 1 1 1 1 1 1 1 1 1 1 1 1 1 1 1 1 1 1 1 1 1 1 1 1 1 1 1 1 1 1 1 1 1 1 1 1 1 1 1 1 1 1 1 1 1 1 1 1 1 1 1 1 1 1 1 1 1 100 1 100 1 100 1 100 1 100 1 100 1 100 1 100 1 100 1 1 1 1 1 1 1 1 1 1 1 1 1 1 1 1 1 1 1 1 1 1 1 1 1 1 1 1 1 1 1 1 1 1 1 1 1 1 1 1 1 1 1 1 1 1 1 1 1 1 1 1 1 1 1 1 1 1
staticfield java/util/concurrent/ConcurrentHashMap NCPU I 20
staticfield java/util/concurrent/ConcurrentHashMap serialPersistentFields [Ljava/io/ObjectStreamField; 3 [Ljava/io/ObjectStreamField;
staticfield java/util/concurrent/ConcurrentHashMap U Ljdk/internal/misc/Unsafe; jdk/internal/misc/Unsafe
staticfield java/util/concurrent/ConcurrentHashMap SIZECTL J 20
staticfield java/util/concurrent/ConcurrentHashMap TRANSFERINDEX J 32
staticfield java/util/concurrent/ConcurrentHashMap BASECOUNT J 24
staticfield java/util/concurrent/ConcurrentHashMap CELLSBUSY J 36
staticfield java/util/concurrent/ConcurrentHashMap CELLVALUE J 144
staticfield java/util/concurrent/ConcurrentHashMap ABASE I 16
staticfield java/util/concurrent/ConcurrentHashMap ASHIFT I 2
instanceKlass org/apache/maven/project/DefaultProjectBuilder$1
instanceKlass java/util/Collections$SingletonMap
instanceKlass org/eclipse/sisu/wire/EntryMapAdapter
instanceKlass com/google/common/collect/Maps$ViewCachingAbstractMap
instanceKlass org/eclipse/sisu/wire/MergedProperties
instanceKlass com/google/common/cache/LocalCache
instanceKlass com/google/common/collect/CompactHashMap
instanceKlass java/util/EnumMap
instanceKlass java/util/TreeMap
instanceKlass java/util/IdentityHashMap
instanceKlass java/util/WeakHashMap
instanceKlass java/util/Collections$EmptyMap
instanceKlass sun/util/PreHashedMap
instanceKlass java/util/HashMap
instanceKlass java/util/ImmutableCollections$AbstractImmutableMap
instanceKlass java/util/concurrent/ConcurrentHashMap
ciInstanceKlass java/util/AbstractMap 1 1 196 10 7 12 1 1 1 10 7 12 1 1 1 11 7 12 1 1 1 10 11 12 1 1 11 7 12 1 1 1 11 12 1 1 7 1 11 12 1 10 12 1 1 11 12 1 100 1 10 11 12 1 11 7 1 10 12 1 1 11 12 1 9 12 1 1 7 1 10 12 1 9 12 1 1 100 1 10 11 11 12 1 1 11 12 1 7 1 100 1 11 12 1 8 1 7 1 10 10 12 1 1 8 1 10 12 1 10 12 1 1 10 12 1 1 1 1 1 1 1 1 1 1 1 1 1 1 1 1 1 1 1 1 1 1 1 1 1 1 1 1 1 1 1 1 1 1 1 1 1 1 1 1 7 1 1 1 1 1 1 1 7 1 1 1 1 1 1 1 1 1 7 1 1 1 1 1 1 1 1 1 100 1 100 1 100 1 100 1 100 1 1 1 1 1 1
ciMethod java/util/concurrent/ConcurrentHashMap get (Ljava/lang/Object;)Ljava/lang/Object; 512 8 5622 0 720
ciMethod java/util/concurrent/ConcurrentHashMap putIfAbsent (Ljava/lang/Object;Ljava/lang/Object;)Ljava/lang/Object; 1024 0 13626 0 104
ciInstanceKlass java/util/concurrent/ConcurrentMap 1 1 208 11 7 12 1 1 1 10 100 12 1 1 11 12 1 1 11 100 12 1 1 1 11 7 12 1 1 1 11 12 1 1 100 1 11 12 1 11 12 1 100 1 11 100 12 1 1 1 18 12 1 11 12 1 1 11 100 12 1 1 11 12 1 1 11 100 12 1 11 12 1 1 11 12 1 1 7 1 7 1 1 1 1 1 1 1 1 1 1 1 1 1 1 1 1 1 1 1 1 1 1 1 1 1 1 1 1 1 1 1 1 1 1 1 1 1 1 1 1 1 1 1 1 1 1 1 1 1 1 1 1 1 1 1 1 1 1 1 1 16 15 11 12 15 10 100 12 1 1 1 1 1 100 1 100 1 1 1 100 1 8 1 1 12 10 1 1 1 8 1 1 1 8 1 1 8 1 1 1 8 1 1 1 8 1 1 1 8 1 1 1 8 1 1 1 8 1 1 1 8 1 1 1 8 1 1 8 1
ciInstanceKlass jdk/internal/loader/ClassLoaders 1 1 183 10 7 12 1 1 1 10 7 12 1 1 1 10 12 1 1 10 100 12 1 1 1 9 7 12 1 1 1 9 12 1 1 9 12 1 1 7 1 11 100 12 1 1 1 100 1 11 12 1 1 11 12 1 1 10 100 12 1 1 1 10 100 12 1 1 1 100 1 100 1 10 7 12 1 1 1 9 12 1 1 10 12 1 1 7 1 10 12 1 1 10 12 1 7 1 8 1 10 7 12 1 1 1 10 12 1 1 7 1 10 12 1 10 12 1 10 12 1 8 1 10 7 12 1 1 8 1 8 1 10 12 1 7 1 10 12 1 10 12 1 10 12 1 1 1 1 1 1 1 1 1 1 1 1 1 1 1 1 1 1 1 1 7 1 1 1 1 1 1 1 1 1 1 1 1 1 1 1 1 1 1 1
staticfield jdk/internal/loader/ClassLoaders JLA Ljdk/internal/access/JavaLangAccess; java/lang/System$2
staticfield jdk/internal/loader/ClassLoaders BOOT_LOADER Ljdk/internal/loader/ClassLoaders$BootClassLoader; jdk/internal/loader/ClassLoaders$BootClassLoader
staticfield jdk/internal/loader/ClassLoaders PLATFORM_LOADER Ljdk/internal/loader/ClassLoaders$PlatformClassLoader; jdk/internal/loader/ClassLoaders$PlatformClassLoader
staticfield jdk/internal/loader/ClassLoaders APP_LOADER Ljdk/internal/loader/ClassLoaders$AppClassLoader; jdk/internal/loader/ClassLoaders$AppClassLoader
instanceKlass jdk/internal/loader/ClassLoaders$BootClassLoader
instanceKlass jdk/internal/loader/ClassLoaders$PlatformClassLoader
instanceKlass jdk/internal/loader/ClassLoaders$AppClassLoader
ciInstanceKlass jdk/internal/loader/BuiltinClassLoader 1 1 737 9 7 12 1 1 1 10 7 12 1 1 1 10 7 12 1 1 1 9 12 1 1 9 12 1 1 7 1 10 12 1 9 12 1 10 12 1 9 12 1 10 7 12 1 1 1 10 7 12 1 1 1 10 7 12 1 1 1 11 7 12 1 1 1 7 1 7 1 10 10 12 1 1 8 1 10 12 1 10 12 7 1 10 12 1 10 12 1 1 11 7 12 1 1 1 11 7 12 1 1 1 11 12 1 1 7 1 8 1 8 1 10 9 12 1 1 10 7 12 1 1 11 12 1 1 10 12 1 1 10 12 1 1 10 12 1 1 10 7 12 1 1 1 10 12 1 10 7 12 1 1 1 10 12 1 1 11 7 12 1 1 1 10 7 12 1 1 7 1 10 7 12 1 1 1 10 12 1 100 1 8 1 10 12 1 1 10 8 1 10 12 1 1 10 12 1 1 10 12 1 1 11 7 12 1 1 11 12 1 7 1 10 11 12 1 1 11 10 12 1 1 7 1 10 12 1 10 7 12 1 10 12 1 7 1 10 12 1 10 7 12 1 1 1 100 1 10 12 1 1 11 12 1 7 1 100 1 10 12 1 10 12 1 1 100 1 100 1 10 12 1 10 12 1 18 12 1 1 10 12 1 10 12 1 1 18 100 1 10 7 12 1 1 1 7 1 10 10 12 1 1 10 12 1 1 10 12 1 1 10 12 1 9 12 1 1 100 1 10 10 12 1 1 10 12 1 1 10 12 1 10 12 10 12 1 1 10 12 1 1 10 12 1 1 10 12 1 10 12 1 1 18 12 1 7 1 10 12 1 1 10 12 1 10 12 1 1 10 12 1 100 1 10 12 1 7 1 10 12 1 10 7 12 1 1 1 10 12 1 11 12 1 7 1 10 12 1 7 1 100 1 10 12 1 10 12 1 11 12 1 1 10 12 1 1 10 12 1 1 10 12 1 1 10 12 1 1 10 12 1 10 12 1 10 12 1 10 12 1 8 1 10 12 1 1 10 7 12 1 1 10 12 1 100 1 8 1 8 1 10 10 12 1 8 1 8 1 10 7 12 1 1 1 11 7 12 1 1 1 9 7 12 1 1 1 10 7 12 1 1 1 9 12 1 9 12 1 9 12 1 9 12 1 9 12 1 9 12 1 10 7 12 1 1 1 8 1 10 12 1 7 1 10 12 1 1 10 12 1 7 1 10 11 12 1 1 10 12 10 12 1 10 12 1 100 1 10 12 1 10 12 1 10 10 12 1 10 7 12 1 1 8 1 10 7 12 1 1 10 12 1 1 1 1 1 1 1 1 1 1 1 1 1 1 1 1 1 1 1 1 1 1 1 1 1 1 1 1 1 1 1 1 1 1 1 1 1 1 1 1 1 1 1 1 1 1 1 1 1 1 1 1 1 1 1 1 7 1 1 1 1 1 1 1 1 1 1 1 1 1 1 1 1 1 1 7 1 7 1 1 1 1 1 1 1 1 1 1 1 1 1 1 1 1 1 1 1 1 1 1 1 1 1 1 1 1 1 1 1 1 1 1 1 1 1 1 1 1 1 1 1 1 1 1 1 1 1 1 1 100 1 1 16 15 10 12 16 15 10 12 16 15 10 12 16 1 15 10 100 12 1 1 1 1 1 100 1 1 1 1 1 100 1 100 1 1
staticfield jdk/internal/loader/BuiltinClassLoader packageToModule Ljava/util/Map; java/util/concurrent/ConcurrentHashMap
staticfield jdk/internal/loader/BuiltinClassLoader $assertionsDisabled Z 1
ciInstanceKlass jdk/internal/loader/ClassLoaders$AppClassLoader 1 1 119 8 1 10 7 12 1 1 1 10 7 12 1 1 1 10 7 12 1 1 1 10 12 1 1 10 7 12 1 1 1 10 12 1 1 10 12 1 1 7 1 8 1 10 12 10 7 12 1 1 1 10 7 12 1 1 10 12 1 1 10 12 1 1 10 7 12 1 1 1 7 1 10 12 1 1 1 1 1 1 1 1 1 1 1 1 1 1 1 1 1 1 1 1 1 7 1 1 1 1 1 1 1 1 1 1 1 1 1 1 1 1 1 1 1 7 1 1 1
ciInstanceKlass jdk/internal/loader/ClassLoaders$PlatformClassLoader 1 1 42 8 1 10 7 12 1 1 1 10 7 12 1 1 1 7 1 10 12 1 7 1 1 1 1 1 1 1 1 1 1 1 1 1 1 7 1 1 1 100 1 1
ciInstanceKlass java/lang/ArithmeticException 1 1 26 10 100 12 1 1 1 10 12 1 100 1 1 1 1 5 0 1 1 1 1 1 1 1 1 1
ciInstanceKlass java/lang/ArrayStoreException 1 1 26 10 100 12 1 1 1 10 12 1 100 1 1 1 1 5 0 1 1 1 1 1 1 1 1 1
ciInstanceKlass java/lang/ClassCastException 1 1 26 10 100 12 1 1 1 10 12 1 100 1 1 1 1 5 0 1 1 1 1 1 1 1 1 1
ciInstanceKlass java/lang/ClassNotFoundException 1 1 96 7 1 10 7 12 1 1 1 10 12 1 10 12 1 1 10 100 12 1 1 1 8 1 10 100 12 1 1 1 10 7 12 1 1 10 100 12 1 1 1 10 100 12 1 1 1 10 12 1 1 7 1 10 12 1 9 12 1 1 1 1 1 5 0 1 1 1 1 1 1 1 1 1 1 1 1 1 1 1 1 1 1 100 1 1 1 1 1 1 1 1 1 1 1 1
staticfield java/lang/ClassNotFoundException serialPersistentFields [Ljava/io/ObjectStreamField; 1 [Ljava/io/ObjectStreamField;
instanceKlass java/util/regex/PatternSyntaxException
instanceKlass java/nio/file/ProviderMismatchException
instanceKlass java/nio/file/InvalidPathException
instanceKlass java/nio/charset/IllegalCharsetNameException
instanceKlass java/lang/NumberFormatException
instanceKlass java/nio/charset/UnsupportedCharsetException
ciInstanceKlass java/lang/IllegalArgumentException 1 1 35 10 7 12 1 1 1 10 12 1 10 12 1 10 12 1 100 1 1 1 1 5 0 1 1 1 1 1 1 1 1 1 1 1 1
ciInstanceKlass java/lang/IllegalMonitorStateException 1 1 26 10 100 12 1 1 1 10 12 1 100 1 1 1 1 5 0 1 1 1 1 1 1 1 1 1
ciInstanceKlass java/lang/BootstrapMethodError 0 0 45 10 100 12 1 1 1 10 12 1 10 12 1 10 100 12 1 1 1 10 100 12 1 1 1 1 1 1 5 0 1 1 1 1 1 1 1 1 1 1 1 100 1 1 1
instanceKlass java/lang/ClassFormatError
instanceKlass java/lang/UnsatisfiedLinkError
instanceKlass java/lang/IncompatibleClassChangeError
instanceKlass java/lang/BootstrapMethodError
instanceKlass java/lang/NoClassDefFoundError
ciInstanceKlass java/lang/LinkageError 1 1 31 10 7 12 1 1 1 10 12 1 10 12 1 100 1 1 1 1 5 0 1 1 1 1 1 1 1 1 1 1 1
ciInstanceKlass java/lang/NullPointerException 1 1 52 10 7 12 1 1 1 10 12 1 9 7 12 1 1 1 10 12 1 1 9 12 1 1 10 12 1 1 10 12 1 1 1 1 5 0 1 1 1 1 1 1 1 1 100 1 100 1 100 1 1 1
ciInstanceKlass java/lang/NoClassDefFoundError 1 1 26 10 7 12 1 1 1 10 12 1 100 1 1 1 1 5 0 1 1 1 1 1 1 1 1 1
ciInstanceKlass java/lang/StackOverflowError 1 1 26 10 100 12 1 1 1 10 12 1 100 1 1 1 1 5 0 1 1 1 1 1 1 1 1 1
ciInstanceKlass java/lang/StackTraceElement 1 1 235 10 7 12 1 1 1 10 7 12 1 1 9 12 1 1 9 12 1 1 9 12 1 9 12 1 8 1 10 100 12 1 1 1 7 1 9 12 1 8 1 9 12 1 9 12 1 9 12 1 1 10 12 1 1 10 12 1 8 1 10 7 12 1 1 1 7 1 10 12 1 10 12 1 1 10 12 1 10 12 1 1 10 12 1 10 12 1 10 10 12 1 8 1 10 12 1 10 12 1 1 10 12 1 1 10 12 1 10 12 1 10 12 1 9 12 1 1 10 7 12 1 1 1 10 12 1 1 7 1 10 12 1 1 10 7 12 1 1 10 7 12 1 1 1 10 7 12 1 1 10 7 12 1 1 10 10 12 1 1 10 12 1 1 10 12 1 1 10 12 1 7 1 1 1 1 1 1 1 3 1 3 1 1 5 0 1 1 1 1 1 1 1 1 1 1 1 1 1 1 1 1 1 1 1 1 1 1 1 1 1 1 1 1 1 7 1 7 1 1 1 1 1 1 1 100 1 1 1 1 1 1 1 1 1
instanceKlass java/util/concurrent/locks/AbstractQueuedSynchronizer
ciInstanceKlass java/util/concurrent/locks/AbstractOwnableSynchronizer 1 1 32 10 7 12 1 1 1 9 7 12 1 1 1 100 1 1 1 1 5 0 1 1 1 1 1 1 1 1 1 1 1 1
ciInstanceKlass jdk/internal/vm/Continuation 0 0 549 9 100 12 1 1 1 9 12 1 9 12 1 100 1 7 1 10 12 1 1 8 1 10 12 1 1 10 12 1 10 12 1 1 10 12 1 9 7 12 1 1 1 11 100 12 1 1 1 10 7 1 9 12 1 1 9 12 1 1 10 8 1 10 12 1 9 12 1 1 10 11 12 1 1 100 1 10 100 12 1 1 1 10 12 1 1 10 12 1 10 12 1 1 11 12 1 1 9 12 1 1 10 12 1 1 18 12 1 1 10 7 12 1 1 1 100 1 10 12 1 11 100 12 1 1 1 10 12 1 9 12 1 10 12 1 1 100 1 8 1 10 12 1 10 12 1 1 9 12 1 1 11 12 1 1 9 12 1 1 8 1 10 11 12 1 1 11 12 1 1 10 12 1 1 10 12 1 1 9 12 1 10 12 1 10 10 12 1 8 1 10 12 1 8 1 8 1 10 7 12 1 1 1 10 7 12 1 1 1 10 12 1 9 12 1 11 12 1 7 1 10 12 1 10 12 1 1 9 12 1 1 7 1 10 12 1 1 9 12 1 1 10 12 1 10 12 1 11 7 12 1 1 10 7 1 10 12 1 8 1 9 12 1 10 12 1 1 9 12 1 1 10 7 12 1 1 8 1 8 1 8 1 8 1 10 12 1 1 10 12 1 10 12 1 10 12 1 10 12 1 1 10 12 1 1 8 1 10 12 1 1 9 12 1 1 10 12 1 1 9 12 1 8 1 10 7 12 1 1 1 10 12 1 8 1 100 1 8 1 10 9 12 1 1 8 1 10 7 12 1 1 10 100 12 1 1 8 1 8 1 10 12 10 100 12 1 1 1 10 7 1 10 7 12 1 1 1 18 11 100 12 1 1 1 18 12 1 11 12 1 1 7 1 10 7 12 1 1 10 12 1 1 8 10 12 1 1 10 100 12 1 1 1 10 100 12 1 1 10 12 1 8 1 10 12 1 7 1 7 1 10 12 1 1 1 1 1 1 1 1 1 1 1 1 1 1 1 1 1 1 1 1 1 1 1 1 1 1 1 1 1 1 1 1 1 1 1 1 1 1 1 1 1 1 1 1 1 1 1 1 1 1 1 1 1 1 1 1 1 1 1 1 1 1 1 1 1 1 1 1 1 1 1 1 1 1 1 100 1 1 16 1 15 10 12 16 15 11 7 12 1 1 1 16 1 16 1 15 10 12 16 15 10 100 12 1 1 1 1 1 1 1 1 100 1 100 1 1
ciInstanceKlass jdk/internal/misc/UnsafeConstants 1 1 34 10 100 12 1 1 1 9 7 12 1 1 1 9 12 1 9 12 1 1 9 12 1 9 12 1 1 1 1 1 1 1 1 1
staticfield jdk/internal/misc/UnsafeConstants ADDRESS_SIZE0 I 8
staticfield jdk/internal/misc/UnsafeConstants PAGE_SIZE I 4096
staticfield jdk/internal/misc/UnsafeConstants BIG_ENDIAN Z 0
staticfield jdk/internal/misc/UnsafeConstants UNALIGNED_ACCESS Z 1
staticfield jdk/internal/misc/UnsafeConstants DATA_CACHE_LINE_FLUSH_SIZE I 0
ciInstanceKlass java/lang/invoke/MethodHandleImpl 1 1 1357 10 7 12 1 1 1 7 1 10 7 12 1 1 1 10 7 12 1 1 1 7 1 10 8 1 10 12 1 1 10 12 1 10 12 1 1 10 7 12 1 1 1 9 100 12 1 1 1 10 100 12 1 1 1 100 1 10 12 1 1 10 12 1 1 10 12 1 1 10 7 12 1 1 1 9 7 12 1 1 1 10 7 12 1 1 1 100 1 10 9 12 1 1 9 12 1 10 12 1 1 10 12 1 10 12 1 1 10 12 1 1 10 12 1 1 8 1 8 1 10 12 1 1 10 12 1 1 10 12 1 1 10 12 1 1 10 12 1 10 12 1 1 10 7 12 1 1 1 10 12 1 7 1 10 7 12 1 1 1 10 12 1 1 10 12 1 1 11 7 12 1 1 1 11 7 12 1 1 11 12 1 1 7 1 11 12 1 10 12 1 1 10 12 1 1 11 12 1 10 7 12 1 1 10 12 1 1 10 7 12 1 1 10 12 1 10 12 1 1 10 7 12 1 1 1 10 7 12 1 1 1 10 12 1 1 10 12 1 1 9 7 12 1 1 1 10 10 12 1 1 10 12 1 1 10 10 12 1 1 10 12 1 1 10 7 12 1 1 1 10 12 1 1 10 12 1 10 12 1 10 7 12 1 1 1 10 7 12 1 1 1 10 12 1 1 10 12 1 10 12 1 10 12 1 10 12 1 1 10 12 1 10 12 1 1 10 12 1 10 12 1 8 1 7 1 10 12 1 10 12 1 1 10 12 1 10 12 1 1 10 12 1 1 7 1 10 12 1 100 1 8 1 10 12 1 10 100 12 1 1 1 8 1 10 12 1 10 100 12 1 1 1 100 1 9 7 1 10 12 1 1 10 12 1 1 9 12 1 10 12 1 1 10 100 12 1 1 10 12 1 1 10 12 1 1 10 12 1 10 12 1 7 1 10 12 1 1 9 12 1 1 10 12 1 9 100 12 1 1 1 11 100 12 1 1 7 1 9 12 1 100 1 10 12 1 10 12 1 1 100 1 10 12 1 1 10 12 1 10 12 1 1 10 100 12 1 1 1 10 12 1 1 10 12 1 10 12 1 1 10 12 1 10 12 1 1 10 12 1 7 1 9 100 12 1 1 1 10 12 1 10 12 1 9 100 12 1 1 1 10 12 1 1 10 12 1 1 10 12 1 10 100 12 1 1 10 7 12 1 1 1 9 12 1 10 12 1 9 12 10 12 1 10 12 1 10 12 1 10 12 1 1 10 12 1 10 12 1 1 10 12 1 10 12 1 1 10 12 1 1 10 12 1 1 10 12 1 10 12 1 10 12 1 1 10 12 1 10 7 12 1 1 10 12 1 10 7 12 1 1 8 1 10 8 1 7 1 10 9 12 1 100 1 10 12 1 8 1 10 10 12 1 10 10 12 1 1 10 12 1 1 10 12 1 10 12 1 7 1 8 1 10 12 1 10 100 12 1 1 1 10 12 1 1 10 12 1 10 12 1 100 1 10 12 1 10 12 1 10 12 1 1 7 1 10 12 1 10 7 12 1 1 10 12 1 9 12 1 10 12 1 1 10 12 1 1 100 1 10 10 12 1 8 1 8 1 9 12 1 8 1 8 1 8 1 9 12 1 10 12 1 1 9 12 1 1 10 12 1 8 1 9 7 1 10 12 1 1 10 12 1 8 1 8 1 8 1 100 1 100 1 8 8 1 8 1 100 1 8 1 7 1 10 12 1 10 12 1 10 12 10 12 1 10 12 1 11 7 12 1 1 1 18 12 1 11 100 12 1 1 1 18 18 12 1 11 12 1 1 10 12 1 1 10 12 1 10 12 1 11 12 1 9 12 1 9 12 10 10 12 1 1 9 12 1 1 11 12 1 1 18 12 1 1 11 12 1 1 11 12 1 1 10 12 1 11 7 1 10 12 1 10 12 1 10 12 1 9 12 1 9 12 10 12 1 10 100 12 1 1 1 10 12 1 10 12 1 1 10 12 1 10 12 9 12 1 1 10 12 1 10 12 1 1 9 12 1 9 12 1 10 12 1 10 12 1 1 10 12 1 100 1 10 12 1 9 12 1 1 11 7 1 9 12 1 9 12 11 12 1 9 12 1 9 12 1 10 12 1 10 12 1 1 9 7 12 1 1 1 8 1 10 12 1 1 8 1 10 12 1 8 1 8 1 8 1 8 1 8 1 8 1 100 1 8 1 8 1 10 12 1 9 12 1 7 1 10 10 7 12 1 1 1 1 1 1 1 3 1 1 3 1 3 1 3 1 3 1 3 1 3 1 3 1 3 1 1 1 1 1 1 1 1 1 3 1 3 1 1 1 1 1 1 1 1 1 1 1 1 1 1 1 1 1 1 1 1 1 1 1 1 1 1 1 1 1 1 1 1 1 1 1 1 1 1 1 1 1 1 1 1 1 1 1 1 1 1 1 1 1 1 1 1 1 1 1 1 1 1 1 1 1 1 1 1 1 1 1 1 1 1 1 1 1 1 1 1 1 1 1 1 1 1 1 1 1 1 1 1 1 1 1 1 1 1 1 1 1 1 1 1 100 1 1 1 1 1 1 1 1 1 1 1 1 1 1 1 1 1 1 1 1 1 1 1 1 1 1 1 1 1 1 1 1 1 1 1 1 1 1 1 1 1 1 1 1 1 1 1 1 1 1 1 1 1 1 1 1 1 1 1 1 1 1 1 1 1 1 1 1 1 1 1 1 1 1 1 1 1 1 1 1 1 1 1 1 1 1 1 1 1 1 1 1 1 1 1 1 1 1 1 1 1 1 1 1 1 1 1 1 1 1 1 1 1 1 1 1 1 1 1 1 1 1 1 1 1 1 1 1 1 1 1 1 1 1 1 1 1 1 1 1 1 1 1 1 1 1 1 1 1 1 1 1 1 1 1 1 1 1 1 1 1 1 1 100 1 100 1 100 1 100 1 100 1 100 1 100 1 1 16 15 10 12 16 15 16 16 1 15 10 12 16 16 15 10 12 16 15 10 100 12 1 1 1 1 1 1 1 1 1 1 1 1 1 1 1 1 1 1 1 1 1 1 1 1
staticfield java/lang/invoke/MethodHandleImpl ARRAYS [Ljava/lang/invoke/MethodHandle; 256 [Ljava/lang/invoke/MethodHandle;
staticfield java/lang/invoke/MethodHandleImpl NFS [Ljava/lang/invoke/LambdaForm$NamedFunction; 7 [Ljava/lang/invoke/LambdaForm$NamedFunction;
staticfield java/lang/invoke/MethodHandleImpl HANDLES [Ljava/lang/invoke/MethodHandle; 9 [Ljava/lang/invoke/MethodHandle;
staticfield java/lang/invoke/MethodHandleImpl $assertionsDisabled Z 1
ciInstanceKlass java/lang/invoke/LambdaForm 1 1 1059 7 1 100 1 10 7 12 1 1 1 9 12 1 1 9 12 1 9 12 1 9 12 1 1 9 12 1 1 9 12 1 1 9 12 1 1 9 12 1 1 9 12 1 10 7 12 1 1 9 12 1 10 12 1 1 100 1 10 10 12 1 1 10 12 1 10 12 1 10 12 1 1 10 12 1 9 12 1 9 12 1 10 12 1 1 10 7 12 1 1 1 10 12 1 1 9 100 12 1 1 1 10 12 1 1 9 7 12 1 1 10 12 1 10 12 1 1 10 12 1 1 10 12 1 1 7 1 10 7 12 1 1 1 10 12 1 1 10 12 1 10 12 1 1 9 12 1 1 9 12 1 9 12 1 1 10 12 1 9 12 1 10 100 12 1 1 1 10 12 1 1 7 1 10 12 1 9 12 1 1 10 7 12 1 1 1 10 12 1 10 12 1 7 1 10 12 1 10 12 1 10 12 1 1 10 12 1 1 10 12 1 10 12 1 10 12 1 10 12 1 1 8 1 10 12 1 10 12 1 10 10 12 1 8 1 8 1 9 12 1 9 12 1 1 10 12 1 1 10 12 1 9 12 1 10 12 1 1 10 7 12 1 1 1 10 12 1 1 10 12 1 10 12 1 10 100 12 1 1 1 9 12 1 10 12 1 8 1 8 1 8 1 8 1 8 1 8 1 8 1 8 1 10 12 1 9 12 1 7 1 10 12 1 1 9 12 1 10 12 1 10 12 1 1 10 12 10 12 1 10 12 1 1 10 12 1 1 10 10 12 1 1 10 12 1 1 7 1 8 1 10 12 1 1 10 12 1 10 12 1 1 10 8 1 10 12 1 1 8 1 8 1 8 1 10 12 1 10 12 1 10 12 1 1 100 1 10 12 1 1 10 12 1 1 10 7 12 1 1 1 10 12 1 1 9 12 1 1 8 1 10 100 12 1 1 1 10 7 12 1 1 10 12 10 12 1 1 10 12 1 1 9 12 1 8 10 12 1 1 100 1 10 12 1 1 10 12 1 9 7 12 1 1 9 7 12 1 1 1 8 1 10 100 12 1 1 10 12 1 1 7 1 7 1 10 10 12 1 1 10 12 1 1 8 1 8 1 7 1 8 1 10 12 10 12 1 10 12 1 10 12 1 1 8 1 8 1 10 12 1 10 12 1 1 8 1 8 1 8 1 7 1 8 1 7 1 8 1 7 1 8 1 10 12 1 8 1 9 10 7 12 1 1 1 10 12 1 9 12 1 1 10 12 1 10 10 12 1 10 12 1 10 12 1 10 12 1 1 10 12 1 10 12 1 1 10 12 1 1 10 12 1 1 10 12 1 1 8 1 100 10 12 1 10 12 1 9 12 1 1 10 7 12 1 1 8 1 8 1 7 1 8 1 8 1 8 1 8 1 8 1 8 1 8 1 8 1 10 12 1 1 10 12 1 1 10 12 1 10 12 1 10 12 1 10 12 1 8 1 8 1 8 1 10 12 1 8 1 10 12 1 8 1 8 1 8 1 8 1 8 1 10 12 1 10 12 1 10 12 1 1 10 7 12 1 1 1 10 12 1 10 12 1 10 12 1 10 12 1 10 12 1 10 12 1 10 12 1 9 12 1 1 8 1 10 12 1 1 9 12 1 1 10 12 1 1 9 12 1 9 12 1 1 9 12 1 9 12 1 1 7 1 10 7 12 1 1 1 9 12 1 10 12 1 10 12 1 8 1 10 12 1 9 12 1 1 7 1 10 7 12 1 1 1 8 1 100 1 10 12 1 9 12 1 9 12 1 10 12 1 10 12 1 10 7 12 1 1 1 10 12 1 9 7 12 1 1 10 12 1 1 10 12 1 10 12 1 10 12 1 9 12 10 12 1 10 10 12 1 9 12 1 9 9 12 1 7 9 12 1 1 10 12 1 1 9 12 1 10 12 1 10 7 1 9 1 1 1 1 3 1 3 1 1 3 1 3 1 1 1 1 1 1 1 1 1 1 1 1 1 1 1 1 1 1 1 1 1 1 1 1 1 1 1 1 1 1 1 1 1 1 1 1 1 1 1 1 1 1 1 1 1 1 1 1 1 1 1 100 1 1 1 1 1 1 1 1 1 1 1 1 1 1 1 1 1 1 1 1 1 1 1 1 1 1 1 1 1 1 1 1 1 1 1 1 1 1 1 1 1 1 1 1 1 1 1 1 1 1 1 1 1 1 1 1 1 1 1 1 1 1 100 1 1 1 1 1 1 1 1 1 1 1 1 1 1 1 1 1 1 1 1 1 1 1 1 1 1 1 1 1 1 1 1 1 1 7 1 1 1 1 1 1 1 1 1 1 1 1 1 1 1 1 1 1 1 1 1 1 100 1 1 1 100 1 1 7 1 1 1 1 1 1 1 1 1 1 1
staticfield java/lang/invoke/LambdaForm DEFAULT_CUSTOMIZED Ljava/lang/invoke/MethodHandle; 
staticfield java/lang/invoke/LambdaForm DEFAULT_KIND Ljava/lang/invoke/LambdaForm$Kind; java/lang/invoke/LambdaForm$Kind
staticfield java/lang/invoke/LambdaForm COMPILE_THRESHOLD I 0
staticfield java/lang/invoke/LambdaForm INTERNED_ARGUMENTS [[Ljava/lang/invoke/LambdaForm$Name; 5 [[Ljava/lang/invoke/LambdaForm$Name;
staticfield java/lang/invoke/LambdaForm IMPL_NAMES Ljava/lang/invoke/MemberName$Factory; java/lang/invoke/MemberName$Factory
staticfield java/lang/invoke/LambdaForm LF_identity [Ljava/lang/invoke/LambdaForm; 6 [Ljava/lang/invoke/LambdaForm;
staticfield java/lang/invoke/LambdaForm LF_zero [Ljava/lang/invoke/LambdaForm; 6 [Ljava/lang/invoke/LambdaForm;
staticfield java/lang/invoke/LambdaForm NF_identity [Ljava/lang/invoke/LambdaForm$NamedFunction; 6 [Ljava/lang/invoke/LambdaForm$NamedFunction;
staticfield java/lang/invoke/LambdaForm NF_zero [Ljava/lang/invoke/LambdaForm$NamedFunction; 6 [Ljava/lang/invoke/LambdaForm$NamedFunction;
staticfield java/lang/invoke/LambdaForm createFormsLock Ljava/lang/Object; java/lang/Object
staticfield java/lang/invoke/LambdaForm DEBUG_NAME_COUNTERS Ljava/util/HashMap; 
staticfield java/lang/invoke/LambdaForm DEBUG_NAMES Ljava/util/HashMap; 
staticfield java/lang/invoke/LambdaForm TRACE_INTERPRETER Z 0
staticfield java/lang/invoke/LambdaForm $assertionsDisabled Z 1
ciInstanceKlass java/lang/invoke/MemberName 1 1 724 7 1 7 1 100 1 9 12 1 1 10 7 12 1 1 1 9 12 1 1 10 12 1 1 10 12 1 1 10 12 1 1 10 12 1 10 12 1 1 10 7 12 1 1 1 10 12 1 9 7 12 1 1 10 12 1 7 1 7 1 10 12 1 8 1 10 12 1 1 10 12 1 10 12 1 1 10 12 1 9 12 1 1 8 1 10 100 12 1 1 1 7 1 10 10 12 1 1 7 1 7 1 10 12 1 9 12 1 1 100 1 8 1 10 12 1 10 12 1 10 12 1 10 12 1 10 12 1 1 10 12 1 10 12 1 10 12 1 1 8 1 8 1 10 12 1 8 1 9 12 1 1 3 10 12 1 10 12 1 10 12 1 10 10 7 12 1 1 1 10 12 1 10 12 1 10 12 1 10 12 1 7 1 8 10 12 1 1 10 12 1 1 8 1 9 7 1 8 9 7 1 10 12 1 1 10 12 1 10 12 1 8 1 10 12 1 1 10 12 1 10 12 1 10 12 1 10 12 1 1 7 1 10 12 1 1 10 12 1 8 1 10 12 1 10 12 1 8 1 10 12 1 1 10 12 1 1 7 1 10 12 1 1 10 12 8 1 8 1 7 1 10 12 1 10 100 12 1 1 1 100 1 10 12 10 12 1 10 12 1 10 12 1 10 12 1 10 10 12 1 10 12 1 10 12 1 3 10 12 1 3 10 12 1 3 3 3 3 3 3 10 12 1 3 9 12 1 10 12 1 1 3 10 12 1 10 10 7 12 1 1 1 10 12 1 1 10 7 12 1 1 10 10 12 1 10 12 1 1 10 12 1 10 10 12 1 1 10 12 1 10 12 1 10 12 1 7 1 10 10 10 12 100 1 10 10 10 12 1 1 10 12 1 1 10 10 12 1 8 10 7 1 10 12 1 10 7 1 10 12 1 10 12 1 10 12 1 10 10 12 1 10 12 1 1 10 12 1 1 10 12 1 10 12 1 10 12 1 100 1 10 12 1 1 100 1 8 1 10 7 1 10 12 1 10 12 10 12 1 1 10 12 1 10 12 1 8 1 8 1 8 1 8 1 10 12 1 10 12 1 10 7 12 1 1 1 8 1 8 1 10 12 1 8 1 10 10 10 12 1 10 12 1 8 1 8 1 10 10 12 1 8 1 10 100 12 1 1 1 8 1 100 1 10 12 1 10 12 1 1 10 12 1 8 1 8 1 8 1 8 1 100 1 10 8 1 8 1 8 1 8 1 10 12 1 100 1 100 1 100 1 10 100 1 10 7 1 10 7 12 1 1 1 9 7 12 1 1 1 7 1 7 1 1 1 1 1 1 1 3 1 3 1 3 1 3 1 3 1 3 1 1 1 1 1 1 1 1 3 1 3 1 1 1 1 1 1 1 1 1 1 1 1 1 1 1 1 1 1 1 1 1 1 1 1 1 1 1 1 1 1 1 1 1 1 1 1 1 1 1 1 1 1 1 1 1 1 1 1 1 1 1 1 1 1 1 1 1 1 1 1 1 1 1 1 1 1 1 1 1 1 1 1 1 1 1 1 1 1 1 1 1 1 1 1 1 1 1 1 1 1 1 1 1 1 1 1 7 1 1 1 1 1 1 1 1 1 1 1 1 1 1 1
staticfield java/lang/invoke/MemberName $assertionsDisabled Z 1
instanceKlass java/lang/invoke/VarHandleInts$FieldInstanceReadOnly
instanceKlass java/lang/invoke/VarHandleBooleans$FieldInstanceReadOnly
instanceKlass java/lang/invoke/VarHandleReferences$Array
instanceKlass java/lang/invoke/VarHandleByteArrayAsDoubles$ByteArrayViewVarHandle
instanceKlass java/lang/invoke/VarHandleByteArrayAsFloats$ByteArrayViewVarHandle
instanceKlass java/lang/invoke/VarHandleByteArrayAsChars$ByteArrayViewVarHandle
instanceKlass java/lang/invoke/VarHandleByteArrayAsShorts$ByteArrayViewVarHandle
instanceKlass java/lang/invoke/VarHandleReferences$FieldInstanceReadOnly
instanceKlass java/lang/invoke/VarHandleByteArrayAsLongs$ByteArrayViewVarHandle
instanceKlass java/lang/invoke/VarHandleByteArrayAsInts$ByteArrayViewVarHandle
ciInstanceKlass java/lang/invoke/VarHandle 1 1 474 10 7 12 1 1 1 10 7 12 1 1 9 12 1 1 9 12 1 1 100 1 10 8 1 10 12 1 1 10 7 12 1 1 1 10 12 1 1 10 7 12 1 1 1 9 100 12 1 1 1 10 12 1 1 10 7 12 1 1 1 10 12 1 1 9 12 1 10 12 1 9 12 1 1 10 7 12 1 1 10 12 1 9 7 12 1 1 1 9 12 1 1 10 12 1 1 100 1 7 1 10 8 1 10 12 1 1 10 12 1 8 1 10 12 1 10 12 1 9 12 1 1 9 12 1 10 12 1 10 12 1 1 10 12 1 10 10 100 12 1 1 1 10 12 1 1 10 12 1 1 10 7 12 1 1 1 10 100 12 1 1 1 10 100 12 1 1 1 9 12 1 1 9 10 12 1 10 12 1 1 10 12 1 1 10 12 1 10 7 12 1 1 1 9 12 1 1 10 12 1 1 9 12 1 10 12 1 10 12 1 10 7 12 1 1 100 1 10 9 7 12 1 1 1 9 12 1 1 10 7 12 1 1 1 10 12 1 10 12 1 10 12 1 10 12 1 10 12 1 10 12 1 1 8 10 12 1 1 7 1 10 12 1 1 7 1 1 1 1 1 1 1 1 1 1 1 1 1 1 1 1 1 1 1 1 1 1 1 1 1 1 1 1 1 1 1 1 1 1 1 1 1 1 1 1 1 1 1 1 1 1 1 1 1 1 1 1 1 1 1 1 1 1 1 1 1 1 1 1 1 1 1 1 100 1 1 1 1 1 1 1 1 100 1 1 1 1 1 1 1 1 1 1 1 1 100 1 100 1 1 100 1 100 1 100 1 100 1 100 1 100 1 100 1 100 1 100 1 100 1 100 1 100 1 100 1 100 1 100 1 100 1 100 1 100 1 100 1 100 1 100 1 100 1 100 1 100 1 100 1 100 1 100 1 100 1 100 1 100 1 100 1 100 1 100 1 100 1 100 1 1 1 1 1 1 100 1 1 1 100 1 1 100 1 100 1 100 1 100 1 100 1 100 1 1 1 1 100 1 100 1 100 1 100 1 100 1 100 1 100 1 100 1
staticfield java/lang/invoke/VarHandle VFORM_OFFSET J 16
staticfield java/lang/invoke/VarHandle $assertionsDisabled Z 1
ciMethod java/lang/invoke/MethodHandleImpl isCompileConstant (Ljava/lang/Object;)Z 260 0 12116 0 -1
instanceKlass jdk/internal/reflect/FieldAccessorImpl
instanceKlass jdk/internal/reflect/ConstructorAccessorImpl
instanceKlass jdk/internal/reflect/MethodAccessorImpl
ciInstanceKlass jdk/internal/reflect/MagicAccessorImpl 1 1 16 10 7 12 1 1 1 100 1 1 1 1 1 1 1 1
instanceKlass jdk/internal/reflect/DirectMethodHandleAccessor
ciInstanceKlass jdk/internal/reflect/MethodAccessorImpl 1 1 38 10 7 12 1 1 1 10 100 12 1 1 1 100 1 1 1 1 1 1 1 100 1 100 1 1 1 1 1 1 1 1 1 1 1 1 1 1
ciInstanceKlass jdk/internal/reflect/MethodAccessor 1 0 17 100 1 100 1 1 1 1 100 1 100 1 1 1 1 1 1
instanceKlass jdk/internal/reflect/DirectConstructorHandleAccessor$NativeAccessor
instanceKlass jdk/internal/reflect/DirectConstructorHandleAccessor
instanceKlass jdk/internal/reflect/NativeConstructorAccessorImpl
ciInstanceKlass jdk/internal/reflect/ConstructorAccessorImpl 1 1 27 10 7 12 1 1 1 100 1 100 1 1 1 1 1 1 1 1 1 100 1 100 1 100 1 1 1
ciInstanceKlass jdk/internal/reflect/ConstructorAccessor 1 0 16 100 1 100 1 1 1 1 100 1 100 1 100 1 1 1
ciInstanceKlass jdk/internal/reflect/DelegatingClassLoader 0 0 18 10 100 12 1 1 1 100 1 1 1 1 1 1 1 1 1 1
ciInstanceKlass jdk/internal/reflect/Reflection 1 1 385 10 7 12 1 1 1 10 7 12 1 1 1 10 12 1 1 10 7 12 1 1 1 10 7 12 1 1 1 10 12 1 10 100 12 1 1 1 11 100 12 1 1 1 10 7 12 1 1 1 10 12 1 1 10 12 1 1 10 7 12 1 1 1 10 12 1 1 10 12 1 10 12 1 10 12 1 10 12 1 10 12 1 1 10 7 12 1 1 1 10 12 1 10 12 1 10 12 1 1 10 12 1 1 9 12 1 1 10 12 1 1 9 12 1 11 7 12 1 1 100 1 7 1 10 8 1 10 12 1 1 10 12 1 10 12 1 10 12 1 7 1 10 12 1 11 7 12 1 1 1 11 12 1 1 10 12 1 1 7 1 7 1 11 7 12 1 1 8 1 11 12 1 1 10 100 12 1 1 1 100 1 11 12 1 10 7 12 1 1 10 7 12 1 1 1 7 1 10 12 1 1 10 12 1 1 11 100 12 1 1 1 10 12 1 8 1 10 12 1 1 8 1 8 1 8 1 8 1 10 12 1 1 8 1 8 1 8 1 100 1 10 8 1 8 1 8 1 10 12 8 1 11 12 1 1 9 12 1 1 7 1 8 1 8 1 11 12 1 7 1 7 1 7 1 8 1 11 12 1 11 12 1 1 1 1 1 1 1 1 1 1 1 1 1 1 1 1 1 1 1 1 1 1 1 1 1 1 1 1 1 1 1 1 1 1 1 1 1 1 1 1 1 1 1 1 1 1 1 1 1 1 1 1 1 1 1 1 1 1 1 1 1 1 1 1 1 1 1 1 1 1 1 1 1 1 1 1 1 1 1 1 1 1 1 1 1 1 1 1 1 1 1 1 1 1 1 7 1 1 1 1 1 1 1
staticfield jdk/internal/reflect/Reflection ALL_MEMBERS Ljava/util/Set; java/util/ImmutableCollections$Set12
ciInstanceKlass java/lang/reflect/Modifier 1 1 133 7 1 10 7 12 1 1 1 100 1 10 100 1 8 1 10 12 1 8 1 10 12 1 1 8 1 8 1 8 1 8 1 8 1 8 1 8 1 8 1 8 1 8 1 8 1 10 12 1 1 3 1 1 1 3 1 3 1 3 1 3 1 3 1 3 1 3 1 3 1 3 1 3 1 3 1 3 1 1 1 3 1 3 1 3 1 1 3 1 3 1 3 1 3 1 3 1 1 1 1 1 1 1 1 1 1 1 1 1 1 1 1 1 1 1 1 1 1 1 1 1 1 1 1 1 1 1 1 1 1 1 1
ciInstanceKlass jdk/internal/reflect/CallerSensitive 0 0 17 100 1 100 1 100 1 1 1 1 1 1 1 1 1 1 1
ciMethod jdk/internal/reflect/Reflection getCallerClass ()Ljava/lang/Class; 256 0 128 0 -1
ciInstanceKlass jdk/internal/reflect/NativeConstructorAccessorImpl 0 0 125 10 7 12 1 1 1 9 7 12 1 1 1 100 1 10 12 1 9 12 1 1 9 12 1 1 10 100 12 1 1 1 10 7 12 1 1 1 10 7 12 1 1 1 9 12 1 9 12 1 1 9 12 1 1 10 7 12 1 1 1 100 1 10 10 12 1 1 10 12 1 10 12 1 1 10 12 1 7 1 10 12 1 1 10 12 1 1 8 10 12 1 1 1 1 1 1 1 1 1 1 1 1 1 1 1 1 1 1 1 1 1 1 100 1 100 1 100 1 1 1 1 1 1 1
ciInstanceKlass jdk/internal/reflect/ConstantPool 1 1 142 10 7 12 1 1 1 9 7 12 1 1 1 10 12 1 1 10 12 1 1 10 12 1 10 12 1 1 10 12 1 1 10 12 1 10 12 1 1 10 12 1 10 12 1 1 10 12 1 10 12 1 10 12 1 10 12 1 1 10 12 1 1 10 12 1 1 10 12 1 1 10 12 1 10 12 1 1 10 100 12 1 1 1 8 11 7 12 1 1 1 10 7 12 1 1 1 1 1 1 1 1 1 1 1 1 1 1 1 1 1 1 1 1 1 1 1 1 1 1 1 1 1 1 1 1 1 1 1 1 1 1 1 1 1 1 1 1 1 1 1 1
ciInstanceKlass jdk/internal/reflect/UnsafeStaticFieldAccessorImpl 0 0 47 10 7 12 1 1 1 9 7 12 1 1 1 10 7 12 1 1 1 9 12 1 1 8 11 100 12 1 1 1 10 100 12 1 1 1 1 1 1 1 1 1 1 1 1 1 1
ciInstanceKlass jdk/internal/reflect/FieldAccessor 1 0 48 100 1 100 1 1 1 1 100 1 1 1 1 1 1 1 1 1 1 1 1 1 1 1 1 1 1 1 100 1 1 1 1 1 1 1 1 1 1 1 1 1 1 1 1 1 1 1
ciMethod jdk/internal/reflect/FieldAccessor get (Ljava/lang/Object;)Ljava/lang/Object; 0 0 1 0 -1
instanceKlass jdk/internal/reflect/MethodHandleFieldAccessorImpl
instanceKlass jdk/internal/reflect/UnsafeFieldAccessorImpl
ciInstanceKlass jdk/internal/reflect/FieldAccessorImpl 1 1 269 10 7 12 1 1 1 9 7 12 1 1 1 10 7 12 1 1 1 10 7 12 1 1 10 7 12 1 1 1 10 12 1 1 7 1 10 10 12 1 1 10 12 1 1 8 1 10 10 12 1 100 1 8 1 10 12 1 8 1 10 12 1 8 1 10 12 1 100 1 10 12 1 1 10 8 1 10 12 1 1 8 1 10 7 12 1 1 8 1 10 7 12 1 1 8 1 10 7 12 1 1 8 1 10 7 12 1 1 8 1 10 7 12 1 1 8 1 10 7 12 1 1 8 1 10 7 12 1 1 8 1 10 7 12 1 1 10 12 1 1 8 1 10 12 1 1 10 100 12 1 1 1 8 1 10 12 1 8 1 8 1 8 1 8 1 10 7 12 1 1 1 8 1 8 1 8 1 10 12 7 1 1 1 1 1 1 1 1 1 1 1 1 1 1 1 1 1 1 1 1 1 1 1 1 1 1 1 1 1 1 1 1 1 1 1 1 1 1 1 1 1 1 1 1 1 1 1 1 1 1 1 1 1 1 1 1 1 1 1 1 1 1 1 1 1 1 1 1 1 1 1 1 1 1 1 1 1 1 1 1 1 1 1 1 1 1 1 1
instanceKlass jdk/internal/reflect/UnsafeStaticFieldAccessorImpl
ciInstanceKlass jdk/internal/reflect/UnsafeFieldAccessorImpl 0 0 62 10 100 12 1 1 1 10 100 12 1 1 1 10 100 12 1 1 1 9 100 12 1 1 10 12 1 9 12 1 1 10 100 12 1 1 1 9 12 1 1 10 12 1 10 12 1 1 1 1 1 1 1 1 1 1 1 1 1 1 1 1
instanceKlass java/lang/invoke/VolatileCallSite
instanceKlass java/lang/invoke/MutableCallSite
instanceKlass java/lang/invoke/ConstantCallSite
ciInstanceKlass java/lang/invoke/CallSite 1 1 296 10 7 12 1 1 1 10 7 12 1 1 1 9 12 1 1 10 7 12 1 1 1 10 12 1 7 1 10 12 1 1 10 12 1 1 9 100 12 1 1 1 10 7 12 1 1 10 12 1 1 100 1 7 1 10 10 7 12 1 1 1 10 12 1 1 8 1 10 12 1 10 12 1 1 10 12 1 10 12 1 1 10 12 1 1 10 10 100 12 1 1 10 12 1 1 9 12 1 9 100 12 1 1 1 8 1 10 7 12 1 1 1 10 12 1 1 7 1 10 12 1 1 9 12 1 8 1 100 1 10 12 1 10 12 1 100 1 8 1 10 10 12 1 10 12 1 1 100 1 10 12 1 1 10 12 1 10 12 1 10 12 1 1 10 12 1 1 9 12 1 1 8 10 12 1 1 9 12 1 1 100 1 10 10 12 1 10 7 12 1 1 1 10 12 1 1 10 12 1 1 10 12 1 10 7 12 1 1 1 7 1 8 1 10 10 12 10 12 1 1 7 1 7 1 7 1 8 1 10 12 1 10 7 12 1 1 1 1 1 1 1 1 1 1 1 1 1 1 1 1 1 1 1 1 1 1 1 1 1 1 1 1 1 1 1 1 1 1 1 1 1 1 1 1 1 1 1 1 1 1 1 1 1 1 1 1 1 1 1 7 1 7 1 1 1
staticfield java/lang/invoke/CallSite $assertionsDisabled Z 1
ciInstanceKlass java/lang/invoke/ConstantCallSite 1 1 65 10 7 12 1 1 1 9 7 12 1 1 1 9 12 1 1 10 7 12 1 1 1 10 12 1 100 1 10 12 9 12 1 1 100 1 10 10 12 1 1 10 12 1 1 1 1 1 1 1 1 1 1 1 1 1 100 1 1 1 1 1 1 1 1
staticfield java/lang/invoke/ConstantCallSite UNSAFE Ljdk/internal/misc/Unsafe; jdk/internal/misc/Unsafe
instanceKlass java/lang/invoke/DirectMethodHandle$Special
instanceKlass java/lang/invoke/DirectMethodHandle$Interface
instanceKlass java/lang/invoke/DirectMethodHandle$StaticAccessor
instanceKlass java/lang/invoke/DirectMethodHandle$Accessor
instanceKlass java/lang/invoke/DirectMethodHandle$Constructor
ciInstanceKlass java/lang/invoke/DirectMethodHandle 1 1 923 7 1 7 1 100 1 7 1 7 1 10 7 12 1 1 1 10 7 12 1 1 1 7 1 10 12 1 10 12 1 1 10 7 12 1 1 10 12 1 1 10 12 1 10 12 1 7 1 10 12 1 1 10 12 1 1 10 12 1 10 12 1 1 10 7 12 1 1 1 10 12 1 9 12 1 1 100 1 10 9 12 1 1 9 12 1 10 12 1 10 12 1 10 12 1 1 10 12 1 10 12 1 10 12 1 10 7 12 1 1 1 10 12 1 10 12 1 1 8 1 10 12 1 1 7 1 10 12 1 7 1 10 10 12 1 10 12 1 10 12 1 10 7 12 1 1 1 10 12 1 1 7 1 10 12 1 10 12 1 7 1 10 12 1 10 12 1 1 10 12 1 1 10 12 1 8 10 7 12 1 1 1 10 12 1 10 12 1 10 12 1 1 10 12 1 9 7 12 1 1 1 7 1 10 12 1 10 7 12 1 1 1 10 12 1 10 12 1 1 9 12 1 1 7 1 10 8 1 10 12 1 1 10 12 1 1 8 1 10 12 1 10 12 1 10 10 12 1 10 12 1 10 12 1 10 12 1 10 12 1 1 10 12 1 10 12 1 1 10 12 1 10 12 1 1 10 10 7 12 1 1 1 10 12 1 10 12 1 1 10 12 1 10 12 1 1 8 1 9 7 12 1 1 1 8 1 9 12 1 9 12 1 8 1 9 12 1 9 12 1 8 1 9 12 1 9 12 1 8 1 10 12 1 10 12 1 1 9 12 1 1 7 1 10 12 1 1 7 1 10 7 12 1 1 1 10 12 1 1 10 12 1 10 12 1 1 7 1 10 12 1 1 10 12 1 10 12 1 1 7 1 10 12 1 1 10 12 1 10 7 12 1 1 1 10 12 1 10 12 1 1 10 12 1 9 12 1 1 10 7 1 9 12 9 12 1 10 7 12 1 1 1 10 12 1 7 1 7 1 7 1 9 12 1 1 10 7 12 1 1 1 10 12 10 12 1 100 1 10 12 1 10 12 1 1 8 1 9 12 1 9 12 1 10 12 1 1 9 12 1 1 10 7 12 1 1 1 9 12 1 1 9 12 1 1 10 12 1 10 12 1 10 12 1 10 12 1 1 10 12 1 9 12 1 10 12 1 10 12 1 10 12 1 10 12 1 1 10 12 1 1 9 12 1 1 10 12 1 1 9 7 12 1 1 1 9 12 1 9 12 1 9 12 1 9 12 1 9 12 1 9 12 1 9 12 1 9 12 1 9 12 1 9 12 1 9 12 1 9 12 1 9 12 1 9 12 1 9 12 1 9 12 1 9 12 1 9 12 1 9 12 1 9 12 1 9 12 1 9 12 1 9 12 1 9 12 1 9 12 1 9 12 1 9 12 1 9 12 1 9 12 1 9 12 1 9 12 1 9 12 1 9 12 1 9 12 1 9 12 1 9 12 1 8 1 9 12 1 1 9 12 1 1 10 12 1 10 12 1 1 9 7 1 10 12 1 9 12 1 1 10 12 10 12 1 10 12 1 10 12 1 10 12 1 10 8 1 8 1 8 1 8 1 10 12 1 1 9 12 1 1 10 12 1 10 100 12 1 1 1 8 9 12 1 1 10 12 1 1 8 1 8 8 9 12 1 8 1 8 8 8 8 8 1 8 10 12 1 7 1 10 12 1 8 1 8 1 10 12 1 10 12 1 10 12 1 10 12 1 1 7 1 1 1 1 3 1 3 1 3 1 3 1 3 1 3 1 3 1 3 1 3 1 3 1 1 1 1 1 1 1 1 1 1 3 1 3 1 1 1 1 3 1 1 1 1 1 1 1 1 1 1 1 1 1 1 1 1 1 1 1 1 1 1 1 1 1 1 1 1 1 1 1 1 1 1 1 1 1 1 1 1 1 1 1 1 1 1 1 1 1 1 1 1 1 1 1 1 1 100 1 1 1 1 1 1 1 1 1 100 1 1 1 1 1 1 1 1 1 1 1 1 1 1 1 1 1 1 1 1 1 1 1 1 1 1 1 1 1 1 1 1 1 1 1 1 1 1 1 1 1 1 1 1 1 1 1 1 1 1 1 1
staticfield java/lang/invoke/DirectMethodHandle IMPL_NAMES Ljava/lang/invoke/MemberName$Factory; java/lang/invoke/MemberName$Factory
staticfield java/lang/invoke/DirectMethodHandle FT_UNCHECKED_REF I 8
staticfield java/lang/invoke/DirectMethodHandle ACCESSOR_FORMS [Ljava/lang/invoke/LambdaForm; 132 [Ljava/lang/invoke/LambdaForm;
staticfield java/lang/invoke/DirectMethodHandle ALL_WRAPPERS [Lsun/invoke/util/Wrapper; 10 [Lsun/invoke/util/Wrapper;
staticfield java/lang/invoke/DirectMethodHandle NFS [Ljava/lang/invoke/LambdaForm$NamedFunction; 12 [Ljava/lang/invoke/LambdaForm$NamedFunction;
staticfield java/lang/invoke/DirectMethodHandle OBJ_OBJ_TYPE Ljava/lang/invoke/MethodType; java/lang/invoke/MethodType
staticfield java/lang/invoke/DirectMethodHandle LONG_OBJ_TYPE Ljava/lang/invoke/MethodType; java/lang/invoke/MethodType
staticfield java/lang/invoke/DirectMethodHandle $assertionsDisabled Z 1
ciInstanceKlass java/lang/invoke/MutableCallSite 0 0 63 10 100 12 1 1 1 10 12 1 9 100 12 1 1 1 10 12 1 10 12 1 1 9 12 1 1 10 100 12 1 1 1 10 100 12 1 1 1 10 12 1 1 1 1 1 1 1 1 1 1 1 1 1 1 1 1 1 1 100 1 1 1
ciInstanceKlass java/lang/invoke/VolatileCallSite 0 0 37 10 100 12 1 1 1 10 12 1 10 100 12 1 1 1 10 12 1 10 12 1 1 1 1 1 1 1 1 1 1 1 1 1 1 1 1
ciInstanceKlass java/lang/invoke/ResolvedMethodName 1 1 16 10 100 12 1 1 1 100 1 1 1 1 1 1 1 1
ciInstanceKlass java/lang/invoke/MethodHandleNatives 1 1 685 100 1 10 7 12 1 1 1 9 7 12 1 1 1 10 12 1 1 100 1 10 10 12 1 1 10 12 1 10 12 1 8 1 8 1 8 1 8 1 8 1 8 1 8 1 8 1 8 1 8 1 10 12 1 1 7 1 10 7 12 1 1 1 10 7 12 1 1 1 7 1 10 10 12 1 1 8 1 10 12 1 8 1 10 12 1 1 8 1 10 12 1 1 9 7 12 1 1 1 8 1 10 100 12 1 1 1 7 1 10 12 100 1 100 1 8 1 7 1 10 10 12 1 7 1 9 7 12 1 1 10 12 1 1 10 12 1 10 7 12 1 1 1 10 12 1 1 9 12 1 8 1 10 12 1 1 10 12 1 8 1 10 12 1 1 7 1 10 12 1 10 7 12 1 1 1 10 12 1 10 12 1 1 10 12 1 1 8 1 10 12 1 1 8 1 10 12 1 8 1 8 1 8 1 7 1 10 12 1 8 1 10 7 12 1 1 1 10 12 1 1 10 7 12 1 1 10 10 12 1 1 10 12 1 10 100 12 1 1 1 100 1 8 1 10 100 12 1 1 1 7 1 8 1 10 12 1 8 1 8 1 8 1 8 1 8 1 10 12 1 1 10 12 1 1 10 12 1 10 12 1 1 10 12 1 1 7 1 10 12 1 7 1 7 1 10 12 1 10 12 1 8 1 8 1 10 10 12 1 1 10 12 1 1 8 1 10 7 12 1 1 8 1 8 1 10 12 1 1 10 7 12 1 1 1 100 1 10 12 1 1 7 1 9 12 1 1 10 7 12 1 1 1 10 10 12 1 9 12 1 10 12 1 9 12 1 9 12 1 10 12 1 1 10 12 1 10 12 1 1 7 1 7 1 10 12 1 1 10 12 1 10 12 1 1 10 7 12 1 1 1 10 12 1 8 1 10 12 1 10 12 1 10 12 1 1 10 12 1 10 7 12 1 1 1 10 12 1 1 100 1 8 1 10 9 7 12 1 1 1 10 12 1 1 10 12 1 1 7 1 10 12 1 1 10 12 1 1 100 1 100 1 10 10 100 1 100 1 10 100 1 10 10 12 1 1 10 7 1 10 12 1 10 12 1 1 10 12 1 1 10 12 1 1 10 12 1 10 12 1 1 10 8 1 10 12 1 10 12 1 10 12 1 10 12 1 10 12 1 1 10 12 1 10 12 1 10 12 1 10 10 7 12 1 1 10 12 1 1 1 1 1 1 1 1 1 1 1 1 1 7 1 1 1 1 1 1 1 1 1 1 1 1 1 1 1 1 1 1 1 1 1 1 1 1 1 1 1 1 1 1 1 1 1 1 1 1 1 1 1 1 1 1 1 1 1 1 1 1 1 1 1 1 1 1 1 1 1 1 1 1 1 1 1 100 1 1 1 1 1 1 1 1 1 1 1 1 1 1 1 1 1 1 1 1 1 1 1 1 1 1 1 1 1 1 1 1 1 100 1 1 1 1 1 1 1 1 1 1 1 1 1 1 1 1 1 1 1 1 1 1 1 1 1 1 1 1 1 1 1 1 100 1 1
staticfield java/lang/invoke/MethodHandleNatives $assertionsDisabled Z 1
ciInstanceKlass java/lang/invoke/Invokers 1 1 786 100 1 10 7 12 1 1 1 9 7 12 1 1 1 7 1 9 12 1 1 9 12 1 1 10 12 1 1 10 12 1 1 10 12 1 1 10 7 12 1 1 1 10 12 1 10 12 1 1 10 12 1 1 7 1 10 12 1 10 12 1 1 10 7 12 1 1 1 9 12 1 1 10 12 1 1 100 1 10 10 12 1 10 12 1 1 10 12 1 1 10 12 1 1 9 12 1 10 7 12 1 1 1 10 12 1 10 12 1 1 10 100 12 1 1 1 8 1 8 1 10 7 12 1 1 1 10 12 1 1 10 12 1 1 7 1 7 1 10 12 1 1 10 12 1 1 100 1 9 12 1 1 10 100 1 10 12 1 10 12 1 1 10 12 1 10 12 1 10 12 1 10 12 1 9 12 1 10 7 12 1 1 9 7 12 1 1 1 8 1 10 12 1 1 7 1 7 1 10 8 1 10 12 1 1 10 12 1 10 12 1 10 7 12 1 1 1 10 12 1 10 12 1 1 7 1 10 7 12 1 1 1 10 12 1 10 12 1 1 10 12 1 10 12 1 1 10 12 1 1 10 12 1 10 12 1 10 12 1 1 10 12 1 1 10 100 12 1 1 1 9 100 12 1 1 1 10 7 12 1 1 1 10 12 1 1 10 12 1 1 10 12 1 7 1 10 12 1 1 8 1 10 12 1 1 10 100 12 1 1 1 10 12 1 1 8 1 10 7 12 1 1 10 7 1 8 1 10 12 1 9 12 1 1 9 7 12 1 1 1 9 12 1 9 12 1 9 12 1 10 10 12 1 1 9 12 1 10 12 1 1 10 12 1 1 7 1 10 7 12 1 1 10 12 1 1 10 7 12 1 1 1 10 100 12 1 1 1 10 12 1 10 12 1 1 10 12 1 1 10 12 1 10 12 1 10 12 1 1 10 12 1 10 12 1 1 8 1 10 12 1 10 12 1 10 12 1 1 10 100 12 1 1 10 12 1 1 10 12 1 9 12 1 10 12 1 8 1 10 12 1 1 10 12 1 1 10 12 1 1 9 12 1 9 12 1 8 1 8 1 10 12 1 10 12 1 9 12 10 12 1 1 9 12 1 10 12 1 1 9 12 1 10 12 1 9 12 1 10 12 1 100 1 8 1 8 1 10 10 12 1 1 10 12 1 7 1 10 7 12 1 1 1 9 12 1 9 12 1 10 12 1 10 7 12 1 1 9 12 1 10 12 1 10 12 9 12 1 1 10 12 1 7 1 10 100 12 1 1 1 8 1 9 7 12 1 1 1 10 12 1 1 10 12 1 1 8 1 8 1 10 12 1 8 1 8 1 8 1 8 1 8 1 10 12 1 10 12 1 10 12 1 1 7 1 10 7 12 1 1 10 12 1 10 12 1 9 12 1 9 12 1 1 7 1 10 7 12 1 1 1 1 1 1 1 3 1 3 1 3 1 3 1 1 1 1 1 1 1 3 1 3 1 3 1 3 1 1 1 1 1 1 1 1 1 1 1 1 1 1 1 1 1 1 1 1 1 1 1 1 1 1 1 1 1 1 1 1 1 1 1 1 1 1 1 1 1 1 1 1 1 1 1 1 1 1 1 1 1 1 1 1 1 1 1 1 1 1 1 1 1 1 1 1 1 1 1 1 1 100 1 1 1 1 1 1 1 1 1 1 1 1 1 1 1 1 1 1 1 1 1 1 1 1 1 100 1 1 1 1 1 1 1 1 1 1 1 1 1 1 7 1 1 1 1 1 1 1 1 1 1 1 1 1 1
staticfield java/lang/invoke/Invokers VH_INV_GENERIC I 34
staticfield java/lang/invoke/Invokers INV_LIMIT I 65
staticfield java/lang/invoke/Invokers NFS [Ljava/lang/invoke/LambdaForm$NamedFunction; 7 [Ljava/lang/invoke/LambdaForm$NamedFunction;
staticfield java/lang/invoke/Invokers $assertionsDisabled Z 1
ciInstanceKlass jdk/internal/foreign/abi/NativeEntryPoint 0 0 194 10 7 12 1 1 1 9 7 12 1 1 1 9 12 1 1 100 1 8 1 10 12 1 10 12 1 1 100 1 10 100 12 1 1 1 10 12 1 9 12 1 1 18 12 1 1 10 100 12 1 1 1 10 7 12 1 1 1 9 7 12 1 1 1 7 1 10 8 1 10 12 1 1 10 12 1 10 12 1 1 8 1 10 12 1 1 7 1 8 1 10 12 1 10 12 1 1 10 12 1 9 12 1 1 18 12 1 1 10 100 12 1 1 1 10 12 1 1 10 12 1 10 100 12 1 1 1 10 1 1 1 1 1 1 1 1 1 1 1 1 1 1 1 1 1 1 1 1 1 1 1 1 1 1 1 1 1 1 1 1 1 1 1 1 1 16 1 15 10 12 16 1 16 15 10 12 15 10 100 12 1 1 1 1 1 100 1 1 100 1 100 1 1
ciInstanceKlass jdk/internal/foreign/abi/ABIDescriptor 0 0 55 10 100 12 1 1 1 9 100 12 1 1 1 9 12 1 1 9 12 1 9 12 1 9 12 1 1 9 12 1 9 12 1 1 9 12 1 9 12 1 9 12 1 9 12 1 1 1 1 1 1 1 1 1 1
ciInstanceKlass jdk/internal/foreign/abi/VMStorage 0 0 91 10 7 12 1 1 1 9 7 12 1 1 1 9 12 1 1 9 12 1 1 9 12 1 1 7 1 10 8 1 10 12 1 1 10 12 1 10 12 1 1 10 12 1 18 12 1 18 12 1 1 18 12 1 1 1 1 1 1 1 1 1 1 1 1 1 1 1 1 1 1 1 8 1 15 15 15 15 15 10 100 12 1 1 1 1 100 1 100 1 1
ciInstanceKlass jdk/internal/foreign/abi/UpcallLinker$CallRegs 0 0 66 10 7 12 1 1 1 9 7 12 1 1 1 9 12 1 18 12 1 1 18 12 1 1 18 12 1 1 1 1 1 1 1 1 1 1 1 1 1 1 1 1 1 1 100 1 1 1 8 1 15 15 15 10 100 12 1 1 1 1 1 100 1 100 1 1
ciInstanceKlass java/lang/StackWalker 0 0 271 9 7 12 1 1 1 100 1 10 100 12 1 1 1 10 12 1 1 10 100 12 1 1 1 10 12 1 1 10 12 1 11 100 12 1 1 1 10 12 1 1 10 12 1 1 10 12 1 1 100 1 8 1 10 12 1 10 12 1 10 12 1 10 7 12 1 1 9 12 1 1 9 12 1 1 9 12 1 1 9 12 1 1 10 12 1 1 9 12 1 1 9 12 1 1 9 12 1 1 10 7 12 1 1 1 11 12 1 1 100 1 8 1 10 10 7 12 1 1 9 12 1 1 10 12 1 1 10 100 12 1 1 1 10 100 12 1 1 1 18 12 1 1 100 1 8 1 10 8 1 10 12 1 1 10 100 12 1 1 1 10 12 1 1 9 100 12 1 1 11 100 12 1 1 1 10 12 1 1 1 1 1 1 1 1 1 1 1 1 1 1 1 1 1 1 1 1 1 1 1 1 1 1 1 1 1 1 1 1 1 1 1 1 1 1 1 1 1 1 1 1 1 1 1 1 1 1 1 1 1 1 1 1 1 1 1 1 1 1 1 1 1 1 7 1 1 16 15 10 12 16 1 15 10 100 12 1 1 1 1 1 1 1 1 1 100 1 100 1 1
ciInstanceKlass java/lang/StackWalker$StackFrame 0 0 41 100 1 10 12 1 1 100 1 100 1 1 1 1 1 1 1 1 1 1 1 1 1 1 1 1 1 1 1 1 1 1 1 1 1 1 1 100 1 1 1
instanceKlass java/lang/LiveStackFrameInfo
ciInstanceKlass java/lang/StackFrameInfo 0 0 142 10 7 12 1 1 1 9 7 12 1 1 1 9 7 1 9 12 1 1 11 100 12 1 1 1 9 12 1 1 11 12 1 1 10 12 1 1 10 7 12 1 1 1 10 12 1 11 12 1 11 12 1 1 11 12 1 10 12 1 1 9 12 1 1 10 12 1 1 10 7 12 1 1 10 12 1 1 11 12 1 1 9 12 1 1 10 7 1 10 12 1 9 12 1 1 10 12 1 1 100 1 8 1 10 12 1 10 100 12 1 1 1 7 1 1 1 1 1 1 1 1 1 1 1 1 1 1 1 1 1 1 7 1 1 7 1 1 1 1 1 1
ciInstanceKlass java/lang/LiveStackFrameInfo 0 0 97 10 7 12 1 1 1 9 7 12 1 1 1 9 12 1 9 12 1 9 12 1 9 12 1 1 7 1 10 12 1 1 10 12 1 8 1 10 12 1 1 8 1 8 1 8 1 10 100 1 10 12 1 100 1 10 12 1 7 1 7 1 1 1 3 1 3 1 1 1 1 1 1 1 1 1 1 1 1 1 1 1 1 1 1 1 1 1 1 1 1 1 1 1 100 1 1
ciInstanceKlass java/lang/LiveStackFrame 0 0 135 100 1 10 100 12 1 1 1 11 7 12 1 1 1 11 12 1 10 7 12 1 1 1 100 1 8 1 10 12 1 1 10 7 12 1 1 1 9 100 12 1 1 1 10 7 12 1 1 1 10 7 12 1 1 1 11 12 1 10 12 1 7 1 7 1 1 1 1 1 1 1 1 1 1 1 1 1 1 1 1 1 1 1 1 1 1 1 1 1 1 1 1 100 1 1 1 1 1 1 1 100 1 8 1 1 12 10 1 1 1 8 1 1 1 8 1 1 1 8 1 1 1 8 1 1 8 1 1 1 8 1 1 8 1
ciInstanceKlass java/lang/StackStreamFactory$AbstractStackWalker 1 0 375 100 1 7 1 3 10 7 12 1 1 1 10 7 12 1 1 10 7 12 1 1 1 9 12 1 1 10 12 1 1 9 12 1 1 9 12 1 1 9 12 1 1 9 12 1 10 7 12 1 1 1 10 12 1 1 10 7 12 1 1 9 12 1 1 9 12 1 1 10 12 1 1 9 100 12 1 1 1 10 12 1 1 10 12 1 9 12 1 1 10 100 12 1 1 1 10 12 1 1 9 12 1 1 9 7 12 1 1 1 7 1 10 8 1 10 12 1 1 10 12 1 8 1 10 12 1 1 10 100 12 1 1 1 100 1 8 1 10 12 1 8 1 10 12 10 100 12 1 1 9 12 1 8 1 5 0 8 1 8 1 9 12 1 1 10 12 1 1 18 12 1 1 10 7 12 1 1 1 10 12 1 1 10 12 1 10 12 1 9 12 1 10 12 1 10 12 1 10 12 1 10 12 1 10 12 1 10 12 1 1 8 1 10 12 1 10 12 1 10 12 1 10 12 1 1 8 1 10 12 1 1 10 12 1 1 10 12 1 1 10 12 1 10 12 1 10 100 12 1 1 1 10 12 1 10 12 1 9 12 1 8 1 10 12 1 10 12 1 10 12 1 1 10 12 1 10 12 1 10 12 1 1 10 12 1 10 12 1 10 12 1 10 12 1 10 12 1 10 12 1 1 10 12 1 1 10 12 1 8 1 1 1 1 1 1 1 1 1 1 1 1 1 7 1 1 1 1 1 1 1 7 1 1 1 1 7 1 1 1 1 1 1 1 1 1 1 1 1 1 1 1 1 1 1 1 16 15 15 10 100 12 1 1 1 1 1 1 1 1 100 1 100 1 1
ciInstanceKlass jdk/internal/module/Modules 1 1 504 10 7 12 1 1 1 9 7 12 1 1 1 11 7 12 1 1 1 11 12 1 1 11 12 1 1 11 12 1 1 11 12 1 11 12 1 11 12 1 11 12 1 11 12 1 1 10 7 12 1 1 1 10 100 12 1 1 1 18 12 1 1 10 7 12 1 1 1 7 1 10 7 12 1 1 1 10 100 12 1 1 1 10 100 12 1 1 10 12 1 1 11 12 1 9 12 1 1 11 100 12 1 1 1 10 12 1 1 10 10 12 1 10 9 12 1 1 10 100 12 1 1 10 12 1 1 10 100 12 1 1 100 1 11 100 12 1 1 1 10 100 12 1 1 1 11 100 12 1 1 10 12 1 1 10 100 12 1 1 10 100 12 1 1 1 10 12 1 1 10 12 1 1 11 12 1 1 18 12 1 1 11 100 12 1 1 10 100 12 1 1 1 11 100 12 1 1 1 7 1 11 12 1 1 11 7 12 1 1 1 11 12 1 1 10 12 1 1 10 100 12 1 1 18 12 1 1 11 12 1 1 18 12 1 1 11 12 1 1 10 12 1 18 18 10 12 1 1 9 12 1 1 11 7 12 1 1 1 100 1 10 11 12 1 11 12 1 1 11 12 1 1 10 100 1 10 12 1 1 10 100 12 1 1 10 12 1 1 11 12 10 12 1 1 7 1 10 18 12 1 10 12 1 1 7 1 8 1 10 12 1 10 100 12 1 1 18 12 1 11 11 12 10 12 1 10 10 100 1 18 12 1 10 10 10 7 12 1 1 10 7 12 1 1 1 10 12 1 1 1 1 1 1 1 1 1 1 1 1 1 1 1 1 1 1 1 1 1 1 1 1 1 1 1 1 1 1 1 1 1 100 1 1 1 1 1 1 1 1 1 1 1 1 1 1 1 1 1 1 1 1 1 1 1 1 1 1 1 1 1 1 1 1 1 1 1 7 1 1 1 1 1 1 1 1 1 1 1 1 1 1 1 1 1 1 1 1 1 1 1 16 15 10 12 1 16 16 15 10 12 1 16 1 16 1 15 10 12 1 16 1 16 1 15 10 12 16 1 15 10 16 1 15 10 12 16 1 15 10 12 16 15 10 12 16 15 10 12 15 10 100 12 1 1 1 1 1 1 100 1 100 1 1
staticfield jdk/internal/module/Modules JLA Ljdk/internal/access/JavaLangAccess; java/lang/System$2
staticfield jdk/internal/module/Modules JLMA Ljdk/internal/access/JavaLangModuleAccess; java/lang/module/ModuleDescriptor$1
staticfield jdk/internal/module/Modules $assertionsDisabled Z 1
ciInstanceKlass java/lang/invoke/Invokers$Holder 1 1 128 1 100 1 100 1 1 1 1 1 1 1 7 1 7 1 7 1 1 12 10 1 1 12 10 1 1 12 10 1 1 100 1 1 12 9 1 1 1 12 10 1 1 1 12 10 1 1 12 10 1 1 12 10 1 12 10 1 1 1 12 10 1 1 100 1 1 12 10 1 12 10 1 1 12 10 1 12 10 1 1 12 10 1 1 12 10 1 12 10 1 1 12 10 1 1 12 10 1 1 12 10 1 12 10 12 10 12 10 12 10 12 10 1 1 12 10 1 1 12 10 1 1 12 10 1 1 1
ciMethod java/lang/invoke/Invokers$Holder invokeExact_MT (Ljava/lang/Object;Ljava/lang/Object;)Ljava/lang/Object; 66 0 593 0 -1
ciMethod java/lang/invoke/Invokers$Holder invokeExact_MT (Ljava/lang/Object;Ljava/lang/Object;Ljava/lang/Object;)Ljava/lang/Object; 500 0 10885 0 -1
instanceKlass org/apache/maven/artifact/versioning/ComparableVersion$ListItem
instanceKlass org/eclipse/sisu/bean/BeanScheduler$Pending
ciInstanceKlass java/util/ArrayList 1 1 509 10 7 12 1 1 1 7 1 9 7 12 1 1 1 9 12 1 100 1 7 1 10 8 1 10 12 1 1 10 12 1 10 12 1 1 10 12 1 9 12 1 11 7 12 1 1 1 9 12 1 1 11 12 1 1 7 10 7 12 1 1 1 9 12 1 10 12 1 10 12 1 1 10 7 12 1 1 1 10 7 12 1 1 1 10 12 1 1 10 12 1 1 10 12 1 1 10 12 1 10 12 1 1 100 1 7 1 10 12 1 10 10 7 12 1 1 1 10 7 12 1 1 10 12 1 100 1 10 10 12 10 12 1 1 10 12 1 1 10 12 1 10 12 10 12 1 1 7 1 10 12 1 1 10 12 1 1 10 12 1 100 1 10 11 12 1 1 11 7 12 1 1 1 11 12 1 10 12 1 10 12 1 10 12 1 1 100 1 10 12 1 1 10 10 12 1 1 10 12 1 8 1 8 1 8 1 8 1 10 12 1 1 10 12 1 1 11 12 1 7 1 10 100 12 1 1 10 12 1 10 12 1 1 10 100 12 1 1 10 12 1 10 100 12 1 1 1 11 100 12 1 1 1 10 12 1 100 1 8 1 10 7 1 10 12 1 7 1 10 12 1 10 12 1 1 7 1 10 12 1 10 12 1 1 11 7 12 1 1 7 1 10 12 1 10 12 1 1 11 100 12 1 1 10 12 1 1 10 12 1 1 10 12 1 1 10 12 1 1 11 100 12 1 1 10 12 1 1 7 1 7 1 7 1 1 1 1 5 0 1 3 1 1 1 1 1 1 1 1 1 1 1 1 1 1 1 1 1 1 1 1 1 1 1 1 1 1 1 1 1 1 1 1 1 1 1 1 1 1 1 1 1 1 1 1 1 1 1 1 1 1 1 1 1 1 1 1 1 1 1 1 1 1 1 1 1 1 1 1 1 1 1 1 1 1 1 1 1 1 1 1 1 1 1 1 1 1 1 1 1 1 1 1 1 1 1 1 1 1 1 1 1 1 1 1 100 1 1 1 1 7 1 1 1 1 1 1 1 1 1 1 1 1 1 1 1 1 1 1 1 1 1 1 1 1 1 1 1 1 1 100 1 1 1 1 1 1 1 1 1 1 1 1 1 1 1 1 1 1 100 1 100 1 1 1 1 1 1
staticfield java/util/ArrayList EMPTY_ELEMENTDATA [Ljava/lang/Object; 0 [Ljava/lang/Object;
staticfield java/util/ArrayList DEFAULTCAPACITY_EMPTY_ELEMENTDATA [Ljava/lang/Object; 0 [Ljava/lang/Object;
ciInstanceKlass java/util/RandomAccess 1 0 7 100 1 100 1 1 1
ciMethod java/util/ArrayList add (Ljava/lang/Object;)Z 512 0 67427 0 496
ciMethod java/util/ArrayList toArray ([Ljava/lang/Object;)[Ljava/lang/Object; 54 0 4067 0 0
ciMethod java/util/ArrayList toArray ()[Ljava/lang/Object; 512 0 5480 0 704
ciMethod java/util/ArrayList addAll (Ljava/util/Collection;)Z 128 0 5196 0 2032
ciMethod java/util/ArrayList <init> ()V 284 0 163077 0 280
ciMethod java/util/ArrayList add (Ljava/lang/Object;[Ljava/lang/Object;I)V 512 0 67460 0 0
ciMethod java/util/ArrayList grow ()[Ljava/lang/Object; 148 0 11326 0 0
ciMethod java/util/ArrayList grow (I)[Ljava/lang/Object; 152 0 5196 0 1560
ciInstanceKlass jdk/internal/reflect/ReflectionFactory 1 1 622 7 1 10 7 12 1 1 1 10 7 12 1 1 1 9 12 1 1 10 7 12 1 1 1 9 100 12 1 1 1 10 7 12 1 1 1 9 12 1 1 11 7 12 1 1 1 7 1 10 12 1 1 10 7 12 1 1 1 11 12 1 1 10 12 1 1 10 7 12 1 1 1 10 100 12 1 1 7 1 10 12 1 10 12 1 1 10 12 1 10 12 1 1 10 7 12 1 1 10 12 1 1 100 1 10 12 1 10 12 1 1 100 1 10 10 12 1 1 10 12 1 1 10 12 1 10 10 12 1 1 7 1 10 7 1 10 10 12 1 100 1 10 12 1 8 1 10 12 1 1 7 1 10 100 12 1 1 1 100 1 10 12 1 10 10 10 12 1 1 7 1 10 10 12 1 11 12 1 1 11 12 1 1 11 12 1 1 11 12 1 1 11 12 1 11 12 1 1 11 12 1 1 11 12 1 1 11 12 1 1 11 12 1 1 100 1 10 12 1 1 10 12 1 1 10 12 1 1 100 1 10 12 1 10 12 1 9 12 1 1 7 1 100 1 10 10 12 1 10 12 1 1 10 12 1 10 12 1 10 12 1 10 12 1 10 12 1 1 10 12 1 11 12 1 1 11 12 1 1 11 12 1 1 11 12 1 10 10 8 1 100 1 10 12 1 1 8 1 8 1 100 1 10 12 1 1 9 100 12 1 1 1 10 12 1 10 12 1 10 10 100 12 1 1 1 10 100 12 1 1 1 100 1 7 1 8 1 10 12 1 8 1 10 12 1 1 8 1 10 12 1 10 12 1 9 12 1 1 100 1 8 1 7 1 10 8 1 10 12 1 1 10 12 1 10 12 1 10 12 1 1 7 1 10 12 1 100 1 8 1 100 1 9 8 1 10 12 1 1 9 7 12 1 1 1 9 12 9 12 1 9 12 1 9 12 9 12 1 10 7 12 1 1 9 12 1 10 12 1 10 7 12 1 1 1 8 1 10 7 12 1 1 1 8 1 10 7 12 1 1 1 8 1 10 7 12 1 1 1 100 1 7 1 8 1 10 8 1 8 1 8 1 8 1 8 1 8 1 10 12 1 10 12 1 10 12 1 1 10 12 1 10 12 1 10 1 1 3 1 3 1 3 1 1 1 1 1 1 1 1 1 1 1 1 1 1 1 1 1 1 1 1 1 1 1 1 1 1 1 1 1 1 1 1 1 1 1 1 1 1 1 1 1 1 1 1 1 1 1 1 1 1 1 1 1 1 1 1 100 1 1 1 1 1 1 1 1 1 1 1 1 100 1 1 1 1 1 1 1 1 1 1 1 1 1 1 1 1 1 1 1 1 1 1 1 1 7 1 1 1 1 1 1 1 1 1 1 1 1 1 1 1 1 1 1 100 1 1 1 1 1
staticfield jdk/internal/reflect/ReflectionFactory soleInstance Ljdk/internal/reflect/ReflectionFactory; jdk/internal/reflect/ReflectionFactory
staticfield jdk/internal/reflect/ReflectionFactory DEFAULT_CONFIG Ljdk/internal/reflect/ReflectionFactory$Config; jdk/internal/reflect/ReflectionFactory$Config
staticfield jdk/internal/reflect/ReflectionFactory $assertionsDisabled Z 1
ciMethod jdk/internal/reflect/ReflectionFactory newFieldAccessor (Ljava/lang/reflect/Field;Z)Ljdk/internal/reflect/FieldAccessor; 514 0 331 0 -1
ciInstanceKlass java/lang/annotation/Annotation 1 0 17 100 1 100 1 1 1 1 1 1 1 1 1 1 1 1 1
ciInstanceKlass java/util/IdentityHashMap 1 1 403 9 7 12 1 1 1 10 7 12 1 1 1 10 12 1 1 100 1 7 1 10 8 1 10 12 1 1 10 12 1 10 12 1 1 10 12 1 10 12 1 1 3 3 10 7 12 1 1 7 1 9 12 1 1 11 7 12 1 1 1 6 0 10 12 10 12 1 1 9 12 1 10 7 12 1 1 1 10 12 1 1 10 12 1 1 10 12 1 1 10 12 1 1 9 12 1 3 3 100 1 8 1 10 11 12 1 1 11 100 12 1 1 1 11 7 12 1 1 1 11 12 1 1 100 1 11 12 1 11 12 1 10 12 1 1 10 12 1 10 10 12 1 1 10 11 12 1 1 10 12 1 10 12 1 9 12 1 10 7 100 1 7 1 10 12 1 9 12 1 7 1 10 12 1 9 12 1 1 7 1 10 7 1 10 10 100 12 1 1 10 12 1 10 12 1 1 10 100 12 1 1 1 10 12 1 100 1 8 1 10 10 100 12 1 1 1 11 100 12 1 1 1 10 12 1 10 12 1 1 10 10 100 12 1 1 11 100 12 1 1 100 1 10 11 100 12 1 1 10 12 1 10 7 1 7 1 1 1 3 1 3 1 1 1 1 1 5 0 1 1 1 1 1 1 1 1 1 1 1 1 1 1 1 1 1 1 1 1 1 1 1 1 1 1 1 1 1 1 1 1 1 1 1 1 1 1 1 1 1 1 1 1 1 1 1 1 1 1 1 1 1 1 1 1 1 1 1 1 7 1 1 1 1 1 1 1 100 1 1 1 1 7 1 1 1 1 1 1 1 1 1 1 1 1 1 1 1 1 1 1 1 1 1 1 1 1 1 1 100 1 100 1 100 1 100 1 100 1 100 1 100 1 100 1 100 1 1 1 1 1 1 100 1 1 1 1 1 1 1 1 1 1
staticfield java/util/IdentityHashMap NULL_KEY Ljava/lang/Object; java/lang/Object
ciMethod java/util/IdentityHashMap put (Ljava/lang/Object;Ljava/lang/Object;)Ljava/lang/Object; 512 472 53437 0 1696
ciMethod java/util/IdentityHashMap hash (Ljava/lang/Object;I)I 512 0 151607 0 160
ciMethod java/util/IdentityHashMap resize (I)Z 10 1140 726 0 0
ciMethod java/util/IdentityHashMap maskNull (Ljava/lang/Object;)Ljava/lang/Object; 514 0 101394 0 104
ciMethod java/util/IdentityHashMap nextKeyIndex (II)I 518 0 61520 0 96
instanceKlass java/util/concurrent/ConcurrentHashMap$ForwardingNode
instanceKlass java/util/concurrent/ConcurrentHashMap$ReservationNode
ciInstanceKlass java/util/concurrent/ConcurrentHashMap$Node 1 1 97 10 7 12 1 1 1 9 7 12 1 1 1 9 12 1 1 9 12 1 10 12 1 9 12 1 1 10 12 1 1 10 100 12 1 1 1 100 1 10 100 1 11 12 1 1 11 12 1 10 12 1 1 1 1 1 1 1 1 1 1 1 1 1 1 1 1 1 1 1 1 1 1 1 1 1 1 1 1 1 1 1 1 1 1 1 1 1 1 1 100 1 1 1 100 1 1
ciMethod java/util/concurrent/ConcurrentHashMap$Node find (ILjava/lang/Object;)Ljava/util/concurrent/ConcurrentHashMap$Node; 0 0 1 0 -1
ciInstanceKlass java/util/concurrent/ConcurrentHashMap$ForwardingNode 1 1 71 100 1 10 7 12 1 1 1 9 7 12 1 1 1 10 12 1 1 9 12 1 1 9 12 1 1 10 100 12 1 1 1 10 12 1 1 9 12 1 1 1 1 1 1 1 1 1 1 1 1 1 1 1 1 1 1 1 1 1 1 1 100 1 1 1 1 1 1 1 1
ciInstanceKlass jdk/internal/reflect/MethodHandleObjectFieldAccessorImpl 1 1 225 10 7 12 1 1 1 10 7 12 1 1 1 7 1 10 7 12 1 1 1 10 7 12 1 1 1 9 7 12 1 1 1 10 12 1 7 1 10 12 1 7 1 10 12 1 1 10 7 1 10 12 1 9 12 1 1 10 12 1 1 10 12 1 100 1 100 1 100 1 10 12 1 1 100 1 100 1 10 12 1 10 12 1 1 10 12 1 10 12 1 10 12 1 10 12 1 10 12 1 10 12 1 10 12 1 10 12 1 1 10 12 1 10 12 1 9 12 1 10 12 10 12 1 10 12 1 10 12 1 10 12 1 10 12 1 10 12 1 10 12 1 10 12 1 10 12 1 10 12 1 1 1 1 1 1 1 1 1 1 1 1 1 1 1 1 1 1 1 100 1 1 1 1 1 1 1 1 1 1 1 1 1 1 1 1 1 1 1 1 100 1 1 1 1 1 1 1 1 1 1 1 1 1 1 1 1 1 1 1 1 1 1 1 1 1 1 1 1 1 1 1 1 1 1
instanceKlass jdk/internal/reflect/MethodHandleIntegerFieldAccessorImpl
instanceKlass jdk/internal/reflect/MethodHandleBooleanFieldAccessorImpl
instanceKlass jdk/internal/reflect/MethodHandleObjectFieldAccessorImpl
ciInstanceKlass jdk/internal/reflect/MethodHandleFieldAccessorImpl 1 1 144 10 7 12 1 1 1 7 1 3 9 12 1 1 9 12 1 1 9 12 1 10 12 1 1 9 12 1 1 10 7 12 1 1 1 10 7 12 1 1 10 7 12 1 1 1 10 12 1 1 7 1 10 12 1 8 1 10 12 1 1 8 1 8 1 10 12 1 1 10 12 1 1 10 100 12 1 1 8 1 10 12 1 8 1 8 1 10 12 1 10 12 1 8 1 10 12 1 8 1 100 1 10 12 1 1 10 12 1 1 1 3 1 3 1 1 1 1 1 1 1 1 1 1 7 1 1 1 1 1 1 1 1 1 1 7 1 1 1 1 1 1 1 1
ciMethod jdk/internal/reflect/MethodHandleFieldAccessorImpl newGetIllegalArgumentException (Ljava/lang/Object;)Ljava/lang/IllegalArgumentException; 0 0 1 0 0
ciMethod jdk/internal/reflect/MethodHandleFieldAccessorImpl isStatic ()Z 514 0 7649 0 0
ciMethod jdk/internal/reflect/MethodHandleObjectFieldAccessorImpl get (Ljava/lang/Object;)Ljava/lang/Object; 568 0 6887 0 400
ciInstanceKlass java/util/Collections$UnmodifiableRandomAccessList 1 1 52 10 7 12 1 1 1 100 1 9 12 1 1 11 100 12 1 1 1 10 100 1 1 1 1 5 0 1 1 1 1 1 1 1 1 1 1 1 1 1 1 1 1 1 1 1 1 100 1 1 1 1
ciInstanceKlass java/util/Collections$EmptyIterator 1 1 57 10 7 12 1 1 1 100 1 10 100 1 10 10 100 12 1 1 1 7 1 10 9 12 1 1 100 1 1 1 1 1 1 1 1 1 1 1 1 1 1 1 1 1 1 1 1 1 1 1 1 1 1 100 1 1 1
staticfield java/util/Collections$EmptyIterator EMPTY_ITERATOR Ljava/util/Collections$EmptyIterator; java/util/Collections$EmptyIterator
ciMethod java/util/Collections$EmptyIterator hasNext ()Z 256 0 128 0 0
ciInstanceKlass jdk/internal/loader/URLClassPath$JarLoader 1 1 485 7 1 8 1 8 1 7 1 10 12 1 1 10 12 1 1 8 1 10 12 1 10 12 1 1 10 7 12 1 1 1 10 7 12 1 1 9 12 1 1 9 12 1 1 9 12 1 1 9 12 1 1 9 12 1 1 10 12 1 7 1 10 12 1 9 12 1 10 7 12 1 1 8 1 10 12 1 10 7 12 1 1 1 7 1 10 12 1 10 7 12 1 1 1 100 1 10 12 1 1 100 1 10 7 12 1 1 1 9 12 1 9 12 1 1 11 100 12 1 1 1 8 1 10 12 1 10 12 1 1 10 12 1 1 7 1 10 10 12 1 1 100 1 10 12 1 10 7 1 10 100 1 10 12 1 1 10 12 1 10 12 1 1 10 12 1 1 8 1 10 12 1 10 12 1 1 8 1 9 12 1 1 10 100 12 1 1 1 100 1 10 12 1 1 10 12 1 10 7 12 1 1 10 7 12 1 1 1 10 12 1 100 1 7 1 10 12 1 10 12 1 1 10 12 1 1 10 12 1 1 11 100 12 1 1 11 12 1 1 100 1 10 12 1 10 12 1 1 10 7 12 1 1 7 1 10 12 10 12 1 1 10 12 1 1 10 7 12 1 1 1 11 7 12 1 1 1 10 12 1 1 10 7 12 1 1 1 9 100 12 1 1 1 10 100 12 1 1 1 10 12 1 1 100 1 10 10 12 1 1 10 12 1 10 12 1 9 12 1 10 12 1 1 9 12 1 9 12 1 1 8 1 8 1 10 100 12 1 1 10 100 12 1 1 1 100 1 10 12 1 1 10 12 1 10 12 1 10 12 1 9 12 1 1 10 12 1 1 10 12 1 10 10 12 1 10 12 1 1 8 1 10 12 1 10 100 12 1 1 1 10 12 1 100 1 10 12 1 1 1 1 1 1 1 1 1 1 1 1 1 1 1 1 1 1 1 1 100 1 1 1 1 1 1 1 1 1 1 1 1 1 1 1 1 1 1 1 1 7 1 1 1 1 1 1 1 1 1 1 1 1 1 1 1 1 1 1 1 1 1 1 1 1 1 1 1 1 1 1 1 1 1 1 1 1 1 1 1 100 1 100 1 1 1
staticfield jdk/internal/loader/URLClassPath$JarLoader zipAccess Ljdk/internal/access/JavaUtilZipFileAccess; java/util/zip/ZipFile$1
ciInstanceKlass java/lang/invoke/BoundMethodHandle$Species_LL 1 1 73 1 7 1 7 1 1 1 1 1 1 1 1 12 9 1 1 1 12 10 12 9 12 9 1 1 12 10 1 1 1 100 1 7 1 1 12 10 1 7 1 1 12 10 1 1 1 12 10 1 1 1 12 10 1 1 1 12 10 1 1 1 12 10 1 1 1 12 10 1 1 1 1
ciInstanceKlass java/lang/invoke/BoundMethodHandle$Species_LLL 1 1 76 1 7 1 7 1 1 1 1 1 1 1 1 1 12 9 1 1 1 12 10 12 9 12 9 12 9 1 1 12 10 1 1 1 100 1 7 1 1 12 10 1 7 1 1 12 10 1 1 1 12 10 1 1 1 12 10 1 1 1 12 10 1 1 1 12 10 1 1 1 12 10 1 1 1 1
ciInstanceKlass java/lang/invoke/BoundMethodHandle$Species_LLLLL 1 1 82 1 7 1 7 1 1 1 1 1 1 1 1 1 1 1 12 9 1 1 1 12 10 12 9 12 9 12 9 12 9 12 9 1 1 12 10 1 1 1 100 1 7 1 1 12 10 1 7 1 1 12 10 1 1 1 12 10 1 1 1 12 10 1 1 1 12 10 1 1 1 12 10 1 1 1 12 10 1 1 1 1
ciInstanceKlass java/lang/invoke/BoundMethodHandle$Species_LLLLLLL 1 1 88 1 7 1 7 1 1 1 1 1 1 1 1 1 1 1 1 1 12 9 1 1 1 12 10 12 9 12 9 12 9 12 9 12 9 12 9 12 9 1 1 12 10 1 1 1 100 1 7 1 1 12 10 1 7 1 1 12 10 1 1 1 12 10 1 1 1 12 10 1 1 1 12 10 1 1 1 12 10 1 1 1 12 10 1 1 1 1
ciInstanceKlass jdk/internal/util/StrongReferenceKey 1 1 82 10 7 12 1 1 1 9 7 12 1 1 1 7 1 11 12 1 1 10 10 7 12 1 1 1 10 12 1 1 7 1 10 10 12 1 1 10 7 12 1 1 1 10 12 1 1 8 1 10 7 12 1 1 1 10 12 1 10 12 1 1 1 1 1 1 1 1 1 1 1 1 1 1 1 1 1 1 1 1 1 1
ciMethod java/lang/invoke/Invokers checkCustomized (Ljava/lang/invoke/MethodHandle;)V 520 0 12249 0 -1
ciMethod java/lang/invoke/Invokers checkExactType (Ljava/lang/invoke/MethodHandle;Ljava/lang/invoke/MethodType;)V 516 0 12249 0 -1
ciMethod java/lang/invoke/Invokers newWrongMethodTypeException (Ljava/lang/invoke/MethodType;Ljava/lang/invoke/MethodType;)Ljava/lang/invoke/WrongMethodTypeException; 0 0 1 0 -1
ciMethod java/lang/invoke/Invokers maybeCustomize (Ljava/lang/invoke/MethodHandle;)V 520 0 5527 0 -1
ciMethod java/lang/reflect/Modifier isStatic (I)Z 512 0 20622 0 -1
ciMethod java/util/concurrent/ConcurrentMap get (Ljava/lang/Object;)Ljava/lang/Object; 0 0 1 0 -1
ciMethod java/util/concurrent/ConcurrentMap putIfAbsent (Ljava/lang/Object;Ljava/lang/Object;)Ljava/lang/Object; 0 0 1 0 -1
ciMethod java/util/concurrent/ConcurrentHashMap putVal (Ljava/lang/Object;Ljava/lang/Object;Z)Ljava/lang/Object; 566 22 6606 0 -1
ciMethod java/util/concurrent/ConcurrentHashMap tabAt ([Ljava/util/concurrent/ConcurrentHashMap$Node;I)Ljava/util/concurrent/ConcurrentHashMap$Node; 576 0 5465 0 96
ciMethod java/util/concurrent/ConcurrentHashMap spread (I)I 570 0 17930 0 96
ciMethod java/util/Collection add (Ljava/lang/Object;)Z 0 0 1 0 -1
ciMethod java/util/Collection toArray ()[Ljava/lang/Object; 0 0 1 0 -1
ciMethod java/util/Collection iterator ()Ljava/util/Iterator; 0 0 1 0 -1
ciMethod java/lang/Enum ordinal ()I 270 0 135 0 0
ciMethod java/lang/OutOfMemoryError <init> (Ljava/lang/String;)V 0 0 1 0 -1
ciMethod java/util/Arrays copyOf ([Ljava/lang/Object;I)[Ljava/lang/Object; 108 0 6761 0 0
ciMethod java/util/Arrays copyOf ([Ljava/lang/Object;ILjava/lang/Class;)[Ljava/lang/Object; 372 0 5560 0 -1
ciMethod jdk/internal/util/ArraysSupport hugeLength (II)I 0 0 1 0 -1
ciMethod jdk/internal/util/ArraysSupport newLength (III)I 402 0 6468 0 0
ciMethod java/lang/Math max (II)I 620 0 93739 0 -1
ciMethod jdk/internal/misc/Unsafe getReferenceAcquire (Ljava/lang/Object;J)Ljava/lang/Object; 542 0 5465 0 -1
ciMethod java/util/Iterator next ()Ljava/lang/Object; 0 0 1 0 -1
ciMethod java/util/Iterator hasNext ()Z 0 0 1 0 -1
ciMethod java/lang/String valueOf (Ljava/lang/Object;)Ljava/lang/String; 14 0 6833 0 -1
ciMethod java/lang/StringBuilder append (I)Ljava/lang/StringBuilder; 6 0 2804 0 -1
ciMethod java/lang/StringBuilder append (Ljava/lang/String;)Ljava/lang/StringBuilder; 10 0 299559 0 -1
ciMethod java/lang/StringBuilder <init> (Ljava/lang/String;)V 4 0 4045 0 -1
ciMethod java/lang/Class getDeclaredFields ()[Ljava/lang/reflect/Field; 514 0 1432 0 -1
ciMethod java/lang/Class initClassName ()Ljava/lang/String; 258 0 129 0 -1
ciMethod java/lang/Class getComponentType ()Ljava/lang/Class; 188 0 14218 0 -1
ciMethod java/lang/Class cast (Ljava/lang/Object;)Ljava/lang/Object; 528 0 78261 0 -1
ciMethod java/lang/Class getSuperclass ()Ljava/lang/Class; 256 0 128 0 -1
ciMethod java/lang/Class isInstance (Ljava/lang/Object;)Z 256 0 128 0 -1
ciMethod java/lang/Class isAssignableFrom (Ljava/lang/Class;)Z 256 0 128 0 -1
ciMethod java/lang/Class getName ()Ljava/lang/String; 512 0 35209 0 112
ciMethod java/util/Map put (Ljava/lang/Object;Ljava/lang/Object;)Ljava/lang/Object; 0 0 1 0 -1
ciMethod java/lang/Object getClass ()Ljava/lang/Class; 256 0 128 0 -1
ciMethod java/lang/Object <init> ()V 1024 0 1663076 0 136
instanceKlass java/nio/file/ClosedDirectoryStreamException
instanceKlass java/nio/file/ClosedFileSystemException
instanceKlass org/apache/maven/wagon/providers/http/httpclient/conn/ssl/SSLInitializationException
instanceKlass java/util/concurrent/CancellationException
ciInstanceKlass java/lang/IllegalStateException 0 0 35 10 100 12 1 1 1 10 12 1 10 12 1 10 12 1 100 1 1 1 1 5 0 1 1 1 1 1 1 1 1 1 1 1 1
ciInstanceKlass java/lang/AssertionError 0 0 79 10 100 12 1 1 1 10 12 1 10 100 12 1 1 1 10 100 1 100 1 10 12 1 1 10 12 1 10 12 1 10 12 1 10 12 1 10 12 1 10 12 1 10 12 1 1 1 1 5 0 1 1 1 1 1 1 1 1 1 1 100 1 1 1 1 1 1 1 1 1 1 1 1 1 1 1 1 1
ciInstanceKlass java/lang/IllegalAccessException 0 0 26 10 100 12 1 1 1 10 12 1 100 1 1 1 1 5 0 1 1 1 1 1 1 1 1 1
ciInstanceKlass java/lang/NoSuchFieldError 0 0 26 10 100 12 1 1 1 10 12 1 100 1 1 1 1 5 0 1 1 1 1 1 1 1 1 1
ciInstanceKlass java/util/NoSuchElementException 0 0 34 10 100 12 1 1 1 10 12 1 10 12 1 10 12 1 100 1 1 1 1 5 0 1 1 1 1 1 1 1 1 1 1 1
ciInstanceKlass com/google/common/collect/RegularImmutableList 1 1 68 10 9 9 10 10 7 7 10 9 7 1 1 1 1 1 1 1 1 1 1 1 1 1 1 1 1 1 1 1 1 1 1 1 1 1 1 1 1 1 1 1 1 1 1 1 1 1 3 1 12 12 12 7 12 7 12 1 1 12 12 1 1 1 1 1 1 1
staticfield com/google/common/collect/RegularImmutableList EMPTY Lcom/google/common/collect/ImmutableList; com/google/common/collect/RegularImmutableList
ciInstanceKlass com/google/inject/internal/ConstructorInjector 1 1 225 10 10 10 9 9 9 9 10 10 10 10 10 10 10 10 9 10 10 10 7 10 10 10 11 10 10 10 10 10 100 10 10 11 10 7 7 1 1 1 1 1 1 1 1 1 1 1 1 1 1 1 1 1 1 1 1 1 1 1 1 1 1 1 1 1 1 1 1 1 1 1 1 1 1 1 1 1 1 1 1 1 1 1 1 1 100 100 100 1 100 1 1 1 1 1 1 1 1 1 1 100 100 100 1 1 1 1 1 1 1 1 1 12 12 7 12 12 12 12 12 7 12 7 12 12 100 12 100 12 100 12 12 12 100 12 12 12 12 1 12 7 12 7 12 7 12 12 12 7 12 12 12 1 12 12 12 12 1 1 1 1 1 1 1 1 1 1 1 1 1 1 1 1 1 1 1 1 1 1 1 1 1 1 1 1 1 1 100 1 1 1 1 1 1 1 1 1 100 1 1 1 1 1 1 1 1 1 1 1 1 1 1 1 1 1 1 1 1 1 1 1 1 1 1
ciInstanceKlass com/google/inject/internal/ConstructionContext 1 1 132 10 9 9 9 9 10 10 10 7 10 7 10 11 10 7 7 10 10 11 11 11 10 7 7 1 1 1 1 1 1 1 1 1 1 1 1 1 1 1 1 1 1 1 1 1 1 1 1 1 1 1 1 1 1 7 1 1 1 1 1 1 1 1 1 1 1 1 1 1 1 100 1 1 1 1 100 1 1 1 12 12 12 12 12 12 12 12 1 1 7 12 7 12 1 1 7 12 12 12 7 12 12 12 1 1 100 1 1 1 1 1 1 1 1 1 1 1 1 1 1 1 1 1 1 1 1 1 1 1 1 1
ciInstanceKlass com/google/inject/internal/InternalFactoryToInitializableAdapter 1 1 98 10 9 8 10 7 9 11 7 10 10 100 10 9 10 10 7 7 1 1 1 1 1 1 1 1 1 1 1 1 1 1 1 1 1 1 1 1 1 1 1 1 1 1 1 1 1 100 1 1 1 1 1 1 1 1 1 1 1 1 100 1 1 1 1 1 1 12 12 7 12 1 12 12 1 12 12 1 12 12 12 100 12 1 1 1 1 1 1 1 1 1 1 1 1 1 1 1
ciInstanceKlass org/eclipse/sisu/inject/LazyBeanEntry 1 1 160 7 1 7 1 100 1 1 1 1 1 1 1 1 1 1 1 1 1 1 1 1 1 10 12 1 7 1 11 7 1 12 1 1 7 1 10 12 1 9 12 9 12 9 12 10 7 1 12 1 1 11 7 1 12 1 1 9 12 10 7 1 12 1 1 1 1 1 1 1 1 1 1 1 1 1 1 1 11 7 1 12 1 1 1 1 100 1 10 1 1 1 1 1 1 1 100 1 10 100 1 12 1 1 11 12 1 1 100 1 1 1 10 100 1 12 1 1 1 10 12 1 1 1 1 1 100 1 10 10 12 10 12 1 1 10 12 1 10 12 10 12 10 12 100 1 1 1 1 1 1 1 1 100 1 1 1 1 1 1
ciInstanceKlass com/sun/tools/javac/util/JCDiagnostic$DiagnosticPosition 1 0 19 100 1 100 1 1 1 1 1 1 1 1 1 1 1 100 1 1 1
instanceKlass com/sun/tools/javac/util/List$1
ciInstanceKlass com/sun/tools/javac/util/List 1 1 443 10 7 12 1 1 1 9 7 12 1 1 1 9 12 1 1 9 12 1 10 7 12 1 1 1 10 12 1 1 10 12 1 1 11 7 12 1 1 1 11 12 1 1 10 7 12 1 1 1 10 12 1 1 10 12 1 7 1 10 10 12 1 10 12 1 1 10 12 1 10 12 1 10 12 1 10 12 1 10 12 1 1 11 7 1 10 12 1 1 10 12 1 10 12 1 1 10 12 1 10 12 1 1 10 12 1 10 12 1 10 12 1 1 10 7 12 1 1 10 12 1 10 100 12 1 1 1 100 1 10 12 1 1 8 1 100 1 10 10 12 1 10 12 1 10 12 1 1 8 1 10 12 1 10 12 1 10 12 1 100 1 11 11 7 12 1 1 10 12 1 10 7 12 1 1 7 1 10 12 1 100 1 10 100 12 1 1 1 10 12 1 8 1 10 12 1 8 1 11 100 1 100 1 10 100 1 10 12 1 10 100 12 1 1 1 11 12 1 1 11 12 1 100 1 10 10 12 1 10 12 1 18 12 1 1 18 12 1 1 18 12 1 18 12 1 7 1 11 7 12 1 1 10 12 1 1 7 1 10 1 1 1 1 1 1 1 1 1 1 1 1 1 1 1 1 1 1 1 1 1 1 1 1 1 1 1 1 1 1 1 1 1 1 1 1 1 1 1 1 1 1 1 1 1 1 1 1 1 1 1 1 1 1 1 1 1 1 1 1 1 1 1 1 1 1 1 1 1 1 1 1 1 1 1 1 1 1 1 1 1 1 1 1 1 1 1 1 1 1 1 1 1 1 1 1 1 1 1 1 1 1 1 1 1 1 1 1 1 1 1 1 1 1 1 1 1 1 1 1 1 1 1 1 1 1 1 1 1 1 1 1 1 1 1 1 1 1 1 1 1 1 1 1 1 1 1 1 1 1 16 15 16 1 16 1 15 10 16 1 16 1 15 10 12 16 16 15 16 15 10 7 12 1 1 1 1 1 100 1 100 1 1
staticfield com/sun/tools/javac/util/List EMPTY_LIST Lcom/sun/tools/javac/util/List; com/sun/tools/javac/util/List$1
ciInstanceKlass com/sun/tools/javac/util/List$1 1 1 36 10 7 12 1 1 1 100 1 10 12 1 100 1 1 1 1 1 1 1 1 1 1 1 1 1 1 1 1 1 1 1 1 1 1 1
ciInstanceKlass com/sun/tools/javac/util/List$2 1 1 61 9 7 12 1 1 1 10 7 12 1 1 1 9 12 1 9 7 12 1 1 100 1 10 9 12 1 1 100 1 10 100 1 1 1 1 1 1 1 1 1 1 1 1 1 1 1 1 1 1 1 1 1 1 1 1 12 1 1 1 1
ciInstanceKlass com/sun/source/tree/Tree 1 0 18 100 1 100 1 1 1 1 1 1 1 1 1 1 100 1 1 1
instanceKlass com/sun/tools/javac/tree/JCTree$TypeBoundKind
instanceKlass com/sun/tools/javac/tree/JCTree$JCModuleDecl
instanceKlass com/sun/tools/javac/tree/JCTree$JCMethodDecl
instanceKlass com/sun/tools/javac/tree/JCTree$JCCompilationUnit
instanceKlass com/sun/tools/javac/tree/JCTree$JCPackageDecl
instanceKlass com/sun/tools/javac/tree/JCTree$JCTypeParameter
instanceKlass com/sun/tools/javac/tree/JCTree$JCImport
instanceKlass com/sun/tools/javac/tree/JCTree$JCModifiers
instanceKlass com/sun/tools/javac/tree/JCTree$JCDirective
instanceKlass com/sun/tools/javac/tree/JCTree$JCCatch
instanceKlass com/sun/tools/javac/tree/JCTree$JCStatement
instanceKlass com/sun/tools/javac/tree/JCTree$JCCaseLabel
instanceKlass com/sun/tools/javac/tree/JCTree$JCPattern
instanceKlass com/sun/tools/javac/tree/JCTree$JCExpression
ciInstanceKlass com/sun/tools/javac/tree/JCTree 1 1 375 10 7 12 1 1 1 10 7 12 1 1 1 7 1 10 7 1 10 12 1 10 12 1 1 100 1 100 1 10 12 1 10 12 1 1 9 12 1 1 9 12 1 1 10 12 1 1 100 1 100 1 10 12 1 10 7 12 1 1 1 10 12 1 1 100 1 100 1 100 1 1 1 1 1 1 1 1 1 1 1 1 1 1 1 1 1 1 1 1 1 1 1 1 1 1 1 1 1 1 1 1 1 1 1 1 1 1 100 1 100 1 100 1 100 1 100 1 100 1 100 1 100 1 100 1 100 1 100 1 100 1 100 1 100 1 100 1 100 1 100 1 100 1 100 1 100 1 100 1 100 1 100 1 100 1 100 1 100 1 100 1 100 1 100 1 100 1 100 1 100 1 100 1 100 1 100 1 100 1 100 1 100 1 100 1 100 1 100 1 100 1 100 1 100 1 100 1 100 1 100 1 100 1 100 1 100 1 100 1 100 1 100 1 100 1 100 1 100 1 100 1 100 1 100 1 100 1 100 1 100 1 100 1 100 1 100 1 100 1 100 1 100 1 100 1 100 1 100 1 100 1 100 1 100 1 100 1 100 1 100 1 100 1 100 1 100 1 100 1 100 1 100 1 100 1 100 1 100 1 100 1 100 1 1 1 100 1 1 1 1 1 1 1 1 1 1 1 1 1 1 1 1 1 1 1 1 1 1 1 1 1 1 1 1 1 1 1 1 1 1 1 1 1 1 1 1 1 1 1 1 1 1 1 1 1 1 1 1 1 1 1 1 1 1 1 1 1 1 1 1 1 1 1 1 1 1 1 1 1 1 1 1 1 1 1 1 1 1 1 1 1 1 1 1
ciInstanceKlass com/sun/source/tree/ExpressionTree 1 0 9 100 1 100 1 100 1 1 1
instanceKlass com/sun/tools/javac/tree/JCTree$JCAssign
instanceKlass com/sun/tools/javac/tree/JCTree$JCArrayTypeTree
instanceKlass com/sun/tools/javac/tree/JCTree$JCTypeUnion
instanceKlass com/sun/tools/javac/tree/JCTree$JCArrayAccess
instanceKlass com/sun/tools/javac/tree/JCTree$JCInstanceOf
instanceKlass com/sun/tools/javac/tree/JCTree$JCTypeApply
instanceKlass com/sun/tools/javac/tree/JCTree$JCFieldAccess
instanceKlass com/sun/tools/javac/tree/JCTree$JCParens
instanceKlass com/sun/tools/javac/tree/JCTree$LetExpr
instanceKlass com/sun/tools/javac/tree/JCTree$JCPrimitiveTypeTree
instanceKlass com/sun/tools/javac/tree/JCTree$JCNewArray
instanceKlass com/sun/tools/javac/tree/JCTree$JCLiteral
instanceKlass com/sun/tools/javac/tree/JCTree$JCErroneous
instanceKlass com/sun/tools/javac/tree/JCTree$JCAnnotatedType
instanceKlass com/sun/tools/javac/tree/JCTree$JCTypeCast
instanceKlass com/sun/tools/javac/tree/JCTree$JCOperatorExpression
instanceKlass com/sun/tools/javac/tree/JCTree$JCIdent
instanceKlass com/sun/tools/javac/tree/JCTree$JCAnnotation
instanceKlass com/sun/tools/javac/tree/JCTree$JCPolyExpression
instanceKlass com/sun/tools/javac/tree/JCTree$JCStringTemplate
instanceKlass com/sun/tools/javac/tree/JCTree$JCTypeIntersection
instanceKlass com/sun/tools/javac/tree/JCTree$JCWildcard
ciInstanceKlass com/sun/tools/javac/tree/JCTree$JCExpression 1 1 43 10 7 12 1 1 1 10 12 1 1 10 12 1 1 10 100 12 1 1 10 12 1 100 1 1 1 1 1 1 1 1 1 1 1 1 1 1 1 1 1 1 1
ciInstanceKlass com/sun/source/tree/AnnotationTree 1 0 15 100 1 100 1 100 1 1 1 1 1 1 1 1 1
ciInstanceKlass com/sun/tools/javac/tree/JCTree$JCAnnotation 1 1 102 10 7 12 1 1 1 9 7 12 1 1 1 9 12 1 1 9 12 1 1 10 7 12 1 1 1 10 12 1 1 10 7 12 1 1 1 11 7 12 1 1 10 12 1 1 10 12 1 1 100 1 1 1 1 1 1 1 1 1 1 1 1 1 1 1 1 1 1 1 1 1 1 1 1 1 1 1 1 1 1 1 1 100 1 1 1 1 100 1 1 1 100 1 100 1 1 100 1 100 1 1
ciInstanceKlass com/sun/source/tree/StatementTree 1 0 9 100 1 100 1 100 1 1 1
instanceKlass com/sun/tools/javac/tree/JCTree$JCLabeledStatement
instanceKlass com/sun/tools/javac/tree/JCTree$JCClassDecl
instanceKlass com/sun/tools/javac/tree/JCTree$JCVariableDecl
instanceKlass com/sun/tools/javac/tree/JCTree$JCDoWhileLoop
instanceKlass com/sun/tools/javac/tree/JCTree$JCEnhancedForLoop
instanceKlass com/sun/tools/javac/tree/JCTree$JCReturn
instanceKlass com/sun/tools/javac/tree/JCTree$JCWhileLoop
instanceKlass com/sun/tools/javac/tree/JCTree$JCForLoop
instanceKlass com/sun/tools/javac/tree/JCTree$JCContinue
instanceKlass com/sun/tools/javac/tree/JCTree$JCSwitch
instanceKlass com/sun/tools/javac/tree/JCTree$JCAssert
instanceKlass com/sun/tools/javac/tree/JCTree$JCSynchronized
instanceKlass com/sun/tools/javac/tree/JCTree$JCTry
instanceKlass com/sun/tools/javac/tree/JCTree$JCYield
instanceKlass com/sun/tools/javac/tree/JCTree$JCBreak
instanceKlass com/sun/tools/javac/tree/JCTree$JCThrow
instanceKlass com/sun/tools/javac/tree/JCTree$JCBlock
instanceKlass com/sun/tools/javac/tree/JCTree$JCIf
instanceKlass com/sun/tools/javac/tree/JCTree$JCCase
instanceKlass com/sun/tools/javac/tree/JCTree$JCExpressionStatement
instanceKlass com/sun/tools/javac/tree/JCTree$JCSkip
ciInstanceKlass com/sun/tools/javac/tree/JCTree$JCStatement 1 1 40 10 7 12 1 1 1 10 12 1 1 10 12 1 1 10 100 12 1 1 10 12 1 100 1 1 1 1 1 1 1 1 1 1 1 1 1 1 1 1
ciInstanceKlass com/sun/tools/javac/tree/JCTree$JCIdent 1 1 84 10 7 12 1 1 1 9 7 12 1 1 1 9 12 1 1 10 7 12 1 1 1 9 7 12 1 1 1 11 7 12 1 1 1 9 7 12 1 1 1 10 12 1 1 100 1 1 1 1 1 1 1 1 1 1 1 1 1 1 1 1 1 1 1 1 1 1 1 1 1 1 1 1 100 1 1 1 1 1 100 1 1 1
ciInstanceKlass com/sun/tools/javac/tree/JCTree$JCCatch 1 1 90 10 7 12 1 1 1 9 7 12 1 1 1 9 12 1 1 10 7 12 1 1 1 9 100 12 1 1 1 11 100 12 1 1 9 100 12 1 1 10 12 1 1 10 12 1 1 100 1 1 1 1 1 1 1 1 1 1 1 1 1 1 1 1 1 1 1 1 1 1 1 1 1 1 1 1 1 1 1 100 1 1 100 1 1 1 100 1 1 1
ciInstanceKlass com/sun/tools/javac/tree/JCTree$JCBlock 1 1 103 10 7 12 1 1 1 100 1 9 7 12 1 1 1 9 12 1 1 9 12 1 1 10 7 12 1 1 1 9 100 12 1 1 1 100 1 5 0 11 100 12 1 1 9 7 12 1 1 10 12 1 1 100 1 1 1 1 1 1 1 1 1 1 1 1 1 1 1 1 1 1 1 1 1 1 1 1 1 1 1 1 1 1 1 1 1 1 1 1 100 1 1 1 1 1 100 1 1 1 100 1 1
ciInstanceKlass com/sun/source/tree/TryTree 1 0 18 100 1 100 1 100 1 1 1 1 1 1 1 1 1 1 1 1
ciInstanceKlass com/sun/tools/javac/tree/JCTree$JCTry 1 1 112 10 7 12 1 1 1 9 7 12 1 1 1 9 12 1 1 9 12 1 9 12 1 10 7 12 1 1 1 9 100 12 1 1 1 11 100 12 1 1 9 100 12 1 1 10 12 1 1 10 12 1 1 10 12 1 10 12 1 100 1 1 1 1 1 1 1 1 1 1 1 1 1 1 1 1 1 1 1 1 1 1 1 1 1 1 1 1 1 1 1 1 1 1 1 1 100 1 1 1 1 100 1 1 1 100 1 1 1 100 1 1
ciInstanceKlass com/sun/tools/javac/tree/JCTree$JCModifiers 1 1 94 10 7 12 1 1 1 9 7 12 1 1 1 9 12 1 1 10 7 12 1 1 1 9 100 12 1 1 1 10 100 12 1 1 1 11 7 12 1 1 9 100 12 1 1 10 12 1 1 100 1 1 1 1 1 1 1 1 1 1 1 1 1 1 1 1 1 1 1 1 1 1 1 1 1 1 1 1 1 1 1 1 1 1 1 1 1 100 1 1 1 100 1 1
ciInstanceKlass com/sun/source/tree/EnhancedForLoopTree 1 0 15 100 1 100 1 100 1 1 1 1 1 1 1 1 1
ciInstanceKlass com/sun/tools/javac/tree/JCTree$JCEnhancedForLoop 1 0 104 10 100 12 1 1 1 9 100 12 1 1 1 9 12 1 1 9 12 1 1 10 100 12 1 1 1 9 100 12 1 1 1 11 100 12 1 1 1 9 100 12 1 1 1 10 12 1 1 10 12 1 1 10 12 1 1 100 1 1 1 1 1 1 1 1 1 1 1 1 1 1 1 1 1 1 1 1 1 1 1 1 1 1 1 1 1 1 100 1 1 1 1 100 1 1 100 1 1 1 100 1 1 1
ciInstanceKlass com/sun/tools/javac/tree/JCTree$JCFieldAccess 1 1 93 10 7 12 1 1 1 9 7 12 1 1 1 9 12 1 1 9 12 1 1 10 7 12 1 1 1 9 7 12 1 1 1 11 7 12 1 1 1 9 7 12 1 1 1 10 12 1 1 10 12 1 1 100 1 1 1 1 1 1 1 1 1 1 1 1 1 1 1 1 1 1 1 1 1 1 1 1 1 1 1 1 1 100 1 1 1 1 1 100 1 1 1
ciInstanceKlass com/sun/tools/javac/tree/JCTree$JCConditional 1 1 95 10 7 12 1 1 1 9 7 12 1 1 1 9 12 1 9 12 1 10 7 12 1 1 1 9 100 12 1 1 1 11 100 12 1 1 1 9 100 12 1 1 1 10 12 1 1 10 12 1 10 12 1 100 1 1 1 1 1 1 1 1 1 1 1 1 1 1 1 1 1 1 1 1 1 1 1 1 1 1 1 1 100 1 1 1 1 100 1 1 1 100 1 1 1
instanceKlass com/sun/tools/javac/api/JavacTrees$6
ciInstanceKlass com/sun/tools/javac/tree/JCTree$JCCompilationUnit 1 1 253 10 7 12 1 1 1 9 7 12 1 1 1 9 12 1 1 9 12 1 1 9 12 1 1 10 7 12 1 1 1 9 7 12 1 1 1 10 7 12 1 1 1 11 7 12 1 1 1 11 12 1 1 9 7 12 1 1 1 10 12 1 1 100 1 10 12 1 1 10 12 1 9 12 1 1 9 12 1 7 1 10 12 1 1 10 12 1 1 10 12 1 10 12 1 1 7 1 10 9 12 1 7 1 10 12 1 1 9 12 1 10 12 1 9 12 1 1 9 12 1 11 7 12 1 1 1 9 12 1 10 12 1 1 10 12 1 10 12 1 10 12 1 10 12 1 100 1 1 1 1 1 1 1 1 1 1 1 1 1 1 1 1 1 1 1 1 1 1 1 1 1 1 1 1 1 1 1 1 1 1 1 1 100 1 1 1 1 1 1 1 1 1 1 1 1 1 1 1 1 1 1 1 1 1 1 1 1 1 1 100 1 100 1 1 1 100 1 1 1 1 1 100 1 1 1 100 1 100 1 1 100 1 100 1 1 100 1 1 100 1 100 1 1 100 1 1 100 1 1 100 1 1
ciInstanceKlass com/sun/tools/javac/tree/JCTree$JCMethodDecl 1 1 173 10 7 12 1 1 1 9 7 12 1 1 1 9 12 1 1 9 12 1 1 9 12 1 1 9 12 1 9 12 1 1 9 12 1 9 12 1 1 9 12 1 9 12 1 1 10 7 12 1 1 1 9 100 12 1 1 1 11 100 12 1 1 1 9 7 12 1 1 1 10 12 1 1 10 12 1 1 10 12 1 1 10 12 1 1 10 12 1 10 12 1 10 12 1 10 12 1 1 10 12 1 1 100 1 1 1 1 1 1 1 1 1 1 1 1 1 1 1 1 1 1 1 1 1 1 1 1 1 1 1 1 1 1 1 1 1 1 1 1 1 1 1 1 1 1 1 1 100 1 1 100 1 1 100 1 1 100 1 1 100 1 100 1 1 1 100 1 1 1 100 1 1
ciInstanceKlass com/sun/source/tree/VariableTree 1 0 18 100 1 100 1 100 1 1 1 1 1 1 1 1 1 1 1 1
ciInstanceKlass com/sun/tools/javac/tree/JCTree$JCVariableDecl 1 1 159 10 7 12 1 1 1 10 7 12 1 1 100 1 9 12 1 1 9 12 1 1 9 12 1 1 9 12 1 1 9 12 1 9 12 1 1 9 12 1 1 9 12 1 9 7 12 1 1 1 10 100 12 1 1 1 100 1 9 100 1 9 10 7 12 1 1 1 9 100 12 1 1 1 11 7 12 1 1 1 9 12 1 10 12 1 1 10 12 1 1 10 12 1 10 12 1 1 10 12 1 1 100 1 1 1 1 1 1 1 1 1 100 1 1 1 1 1 1 1 1 1 1 1 1 1 1 1 1 1 1 1 1 1 1 1 1 1 1 1 100 1 1 1 1 1 100 1 100 1 1 1 1 1 1 1 100 1 1
ciInstanceKlass com/sun/source/tree/ClassTree 1 1 47 11 100 12 1 1 1 100 1 100 1 100 1 1 1 1 1 1 1 1 1 1 1 1 1 1 1 1 1 1 1 1 1 1 100 1 8 1 1 12 10 1 1 1 8 1 1
ciInstanceKlass com/sun/tools/javac/tree/JCTree$JCClassDecl 1 1 177 10 7 12 1 1 1 9 7 12 1 1 1 9 12 1 1 9 12 1 1 9 12 1 1 9 12 1 9 12 1 9 12 1 9 12 1 1 10 7 12 1 1 1 9 7 12 1 1 1 100 1 5 0 9 7 12 1 1 1 5 0 9 12 1 5 0 9 12 1 5 0 9 12 1 9 12 1 11 100 12 1 1 1 9 7 12 1 1 1 10 12 1 1 10 12 1 10 12 1 10 12 1 1 10 12 1 10 12 1 1 10 12 1 1 100 1 1 1 1 1 1 1 1 1 1 1 1 1 1 1 1 1 1 1 1 1 1 1 1 1 1 1 1 1 1 1 1 1 1 1 1 1 1 1 100 1 1 1 1 1 100 1 1 100 1 100 1 1 1 100 1 1 1 100 1 1
ciInstanceKlass com/sun/tools/javac/util/Iterators 1 1 61 10 100 12 1 1 1 9 7 12 1 1 1 7 1 10 12 1 7 1 10 12 1 10 7 12 1 1 1 1 1 1 1 1 1 1 1 1 1 1 1 1 1 1 1 1 1 1 1 1 1 1 1 1 1 1 1 1 1 1 1
staticfield com/sun/tools/javac/util/Iterators EMPTY Ljava/util/Iterator; java/util/Collections$EmptyIterator
ciInstanceKlass lombok/core/DiagnosticsReceiver 1 0 25 100 1 100 1 1 1 1 1 1 100 1 10 12 1 9 12 1 1 1 1 1 1 1 1
ciInstanceKlass lombok/permit/Permit 1 1 319 7 1 100 1 1 1 1 1 1 1 1 1 1 7 1 8 1 10 12 1 1 9 12 10 12 1 1 5 0 9 12 9 12 100 1 8 1 10 12 1 1 10 12 1 1 7 1 1 1 1 1 1 1 10 12 1 1 1 1 1 1 10 12 1 1 10 7 1 12 1 1 1 1 1 1 8 1 10 7 1 12 1 1 10 12 1 1 7 1 1 1 1 1 1 7 1 1 10 12 1 1 10 12 1 1 7 1 10 12 1 1 10 7 1 12 1 1 10 8 1 10 12 1 1 8 1 10 12 1 10 10 12 7 1 1 1 1 1 1 1 1 1 1 1 1 10 12 7 1 1 1 7 1 1 10 7 1 1 1 10 12 1 1 1 10 12 1 1 10 12 1 1 1 1 1 1 1 1 10 12 1 1 100 1 1 10 1 1 8 1 8 1 10 100 1 12 1 1 10 12 1 1 1 1 10 12 9 12 1 1 8 1 10 12 1 10 12 1 8 1 10 12 1 8 1 10 100 1 12 1 10 12 1 1 8 1 1 1 1 100 1 10 12 1 1 1 1 10 12 1 10 12 100 1 100 1 1 1 1 1 10 12 10 12 1 1 10 12 1 1 100 1 100 1 1 1 1 1 1 100 1 1 10 12 1 1 1 1 10 12 1 1 1 10 12 1 1 1 1 10 12 1 1 1 1 8 1 1 8 10 10 12 1 1 1 1 1 1
staticfield lombok/permit/Permit ACCESSIBLE_OVERRIDE_FIELD_OFFSET J 12
staticfield lombok/permit/Permit INIT_ERROR Ljava/lang/IllegalAccessException; 
staticfield lombok/permit/Permit UNSAFE Lsun/misc/Unsafe; sun/misc/Unsafe
instanceKlass lombok/javac/JavacNode
ciInstanceKlass lombok/core/LombokNode 1 1 263 7 1 7 1 100 1 1 1 1 1 1 1 1 1 1 1 1 1 1 1 1 1 1 1 10 12 1 9 12 9 12 10 7 1 12 1 1 10 12 1 1 9 12 10 12 1 1 11 7 1 12 1 1 9 12 9 12 10 12 1 1 11 12 1 1 1 1 1 1 1 1 1 1 1 100 1 7 1 1 1 1 1 1 8 1 8 1 10 12 1 1 8 1 10 100 1 12 1 1 100 1 100 1 1 10 12 10 7 1 12 1 1 10 12 1 1 10 12 1 1 1 1 10 12 1 1 1 1 1 1 1 1 1 1 1 1 1 10 12 9 12 1 10 7 1 12 1 1 10 12 9 12 1 9 12 1 100 1 10 10 12 1 10 12 11 12 1 1 1 1 1 1 1 1 1 10 12 1 10 12 1 10 12 1 10 12 1 1 10 12 1 10 12 1 10 12 1 1 1 1 1 1 100 1 10 10 12 1 1 10 12 1 1 1 1 1 1 1 9 12 1 11 100 1 12 1 1 11 12 1 1 10 12 1 1 1 1 1 1 10 12 1 1 1 1 1 1 1 1 1 1 1 1 1 1 1 1 1 1 1 1 1
ciInstanceKlass lombok/javac/JavacNode 1 1 455 7 1 7 1 1 1 1 1 1 1 1 1 1 10 12 1 9 12 1 1 1 1 1 1 1 1 1 1 1 1 1 1 1 1 9 12 1 7 1 9 12 1 1 7 1 9 12 1 7 1 9 12 1 1 1 1 10 12 1 1 10 12 1 1 7 1 10 7 1 12 1 1 1 1 1 1 7 1 10 12 1 1 10 12 1 10 12 1 1 10 7 1 12 1 11 7 1 12 1 1 10 7 1 12 1 1 11 12 1 11 12 1 1 11 12 1 11 12 1 1 11 12 1 11 12 1 1 11 12 1 7 1 11 12 1 1 11 12 1 10 12 1 11 12 1 1 11 12 1 11 12 1 11 12 1 7 1 11 12 1 1 11 12 1 7 1 11 12 1 1 11 12 1 1 11 12 1 1 11 12 1 1 11 12 1 11 12 1 1 100 1 100 1 8 1 10 12 1 10 12 1 1 10 12 1 1 10 12 1 11 12 1 11 12 1 8 1 1 1 1 1 1 1 1 1 9 12 1 1 9 9 10 7 1 1 100 1 1 1 1 1 1 10 12 1 1 10 12 1 1 10 12 1 1 10 12 1 1 10 7 1 12 1 1 1 10 12 1 1 1 10 12 1 1 9 100 1 12 1 1 10 12 1 1 1 1 1 9 12 1 1 1 1 10 100 1 12 1 1 1 1 1 1 1 1 10 12 1 10 12 1 1 1 1 1 1 10 12 10 10 1 9 12 1 1 9 7 1 12 1 1 5 0 10 12 1 9 12 1 5 0 5 0 10 5 0 1 1 1 1 1 5 0 1 9 12 1 5 0 1 9 12 1 1 10 12 9 12 1 1 10 12 1 9 12 1 1 10 100 1 1 5 0 1 9 12 1 9 12 1 1 10 100 1 12 1 1 1 10 12 1 1 10 12 1 10 12 9 12 10 12 1 1 9 12 1 9 12 1 9 12 1 9 12 1 9 12 1 9 12 1 100 1 100 1 1 1 1 1 1 1 1 1 1 1 1 100 1 1 100 1 1 100 1
instanceKlass lombok/javac/JavacAST
ciInstanceKlass lombok/core/AST 1 1 500 7 1 7 1 1 1 1 1 1 1 1 1 1 1 1 1 1 1 1 1 1 1 1 1 1 1 1 1 1 1 1 1 1 8 1 10 7 1 12 1 1 100 1 8 1 10 12 1 1 9 12 7 1 10 12 9 12 1 1 1 1 1 10 7 1 10 9 12 9 12 9 12 8 1 9 12 9 12 9 12 9 12 1 1 1 1 100 1 100 1 7 1 1 1 1 1 1 1 1 1 1 9 12 1 1 1 1 1 1 9 12 100 1 10 12 10 12 1 1 1 1 10 7 1 12 1 1 11 7 1 12 1 1 1 1 1 1 1 1 1 1 1 1 1 1 1 1 1 11 12 1 1 1 1 1 1 1 7 1 10 9 12 1 1 10 100 1 12 1 1 11 7 1 12 1 10 12 11 7 1 12 1 9 12 1 11 12 1 10 12 1 1 1 1 1 1 1 1 1 1 1 1 1 1 1 11 7 1 7 1 10 12 1 1 7 1 11 12 1 1 11 12 1 1 1 1 1 1 1 1 10 7 1 12 1 1 10 7 1 12 1 10 7 1 12 1 1 10 12 1 1 10 12 1 10 12 1 10 12 1 1 10 12 1 10 12 1 1 10 12 1 10 12 1 1 10 7 1 12 1 1 10 12 1 11 10 12 1 1 1 1 1 1 1 100 1 1 7 1 11 12 1 1 1 1 1 100 1 1 11 1 1 1 1 1 1 1 10 12 1 1 1 1 1 1 1 1 1 1 1 1 10 12 1 10 12 10 12 1 1 1 1 1 9 12 1 10 10 12 1 1 9 12 10 12 1 10 12 1 10 12 1 1 10 100 1 12 1 1 100 1 1 1 1 1 1 10 12 1 10 12 1 1 1 1 1 1 1 1 1 1 1 11 12 1 1 10 100 1 12 1 1 10 12 1 10 12 1 1 1 1 1 9 7 1 12 1 1 10 12 10 12 1 10 12 1 1 10 12 1 1 1 100 1 1 1 1 1 10 12 1 1 10 7 1 12 1 1 10 12 1 1 1 1 1 1 100 1 100 1 1 1 1 1 1 1 1 1 1 10 12 100 1 10 100 1 12 1 1 10 12 1 10 12 1 1 1 1 1 1 1 1 1 1 1 1 1 1 1
staticfield lombok/core/AST configTracker Llombok/core/debug/HistogramTracker; 
staticfield lombok/core/AST fieldsOfASTClasses Ljava/util/concurrent/ConcurrentMap; java/util/concurrent/ConcurrentHashMap
ciInstanceKlass lombok/javac/JavacAST 1 1 1008 7 1 7 1 1 1 1 1 1 1 1 1 1 1 1 1 1 1 1 1 1 1 1 1 1 1 1 1 1 1 1 1 1 1 1 1 1 1 1 1 1 1 1 1 1 1 1 1 1 1 1 1 8 1 10 7 1 12 1 1 9 12 9 12 9 12 7 1 8 1 10 7 1 12 1 1 9 12 7 1 10 12 1 9 12 1 1 1 10 12 1 1 10 7 1 12 1 7 1 10 12 1 10 12 1 1 10 12 1 9 12 10 12 1 1 10 12 1 1 9 12 9 12 10 7 1 12 1 1 9 12 7 1 10 7 1 12 1 10 12 1 9 12 10 7 1 12 1 9 12 10 7 1 12 1 9 12 9 12 10 12 1 1 1 1 1 1 1 1 10 12 1 7 1 10 12 1 1 7 1 10 12 1 1 9 12 1 1 11 7 1 12 1 10 12 1 1 8 1 10 7 1 12 1 1 10 12 1 1 100 1 1 1 1 1 1 10 12 1 1 10 7 1 12 1 1 9 12 10 7 1 12 1 8 1 10 12 1 1 9 12 10 12 1 8 1 10 7 1 12 1 9 12 8 1 8 1 10 12 1 9 12 8 1 9 12 8 1 9 12 8 1 9 12 8 1 8 1 100 1 10 12 1 10 12 1 1 10 12 1 10 12 1 1 10 12 1 1 9 12 8 10 12 1 1 10 7 1 12 1 1 9 12 8 1 9 12 8 1 100 1 10 10 12 1 1 10 10 12 1 10 12 1 1 10 1 1 1 1 1 1 1 1 1 1 1 1 1 1 1 1 1 1 10 12 1 1 1 1 10 12 1 1 10 7 1 12 1 1 11 7 1 12 1 11 12 1 1 1 1 100 1 1 1 10 100 1 12 1 10 12 1 10 100 1 12 1 1 1 1 1 10 100 1 12 1 1 1 10 7 1 12 1 1 1 1 1 1 1 1 1 10 12 1 1 1 10 12 1 1 1 1 1 1 1 1 10 12 1 10 7 1 12 1 7 1 10 12 1 1 7 1 10 12 1 1 7 1 10 12 1 1 7 1 10 12 1 1 10 12 1 1 10 12 1 1 7 1 10 12 1 1 10 12 1 100 1 8 1 10 12 1 10 12 1 1 1 7 1 10 9 12 1 1 10 7 1 7 1 10 12 1 1 9 12 1 10 12 1 1 1 1 1 7 1 10 12 1 9 12 1 1 9 7 1 12 1 9 9 12 1 10 12 1 1 1 1 1 1 1 9 9 12 1 1 9 12 1 10 12 1 1 9 12 1 1 1 1 8 1 10 12 1 1 7 1 9 12 10 12 1 1 7 1 9 12 11 9 12 1 7 1 9 12 1 10 7 1 12 1 1 7 1 9 12 1 7 1 9 12 1 7 1 1 1 1 1 1 1 1 7 1 8 1 9 12 1 1 1 1 8 8 1 1 1 9 12 1 1 1 1 1 10 12 11 9 12 1 9 12 1 1 10 12 1 1 9 12 1 7 1 9 12 1 10 12 9 12 1 1 1 1 9 12 1 7 1 9 12 1 1 1 1 9 9 12 1 9 12 1 9 9 12 1 1 1 1 9 12 1 1 1 10 12 8 1 10 12 1 10 12 1 1 10 12 1 10 12 1 1 1 10 12 1 1 10 12 1 1 1 11 7 1 8 10 12 1 1 11 12 1 1 100 1 1 1 1 10 12 9 12 1 9 12 10 12 1 1 10 12 1 1 11 12 1 1 10 100 1 12 1 8 1 10 12 1 8 1 10 12 1 10 12 1 8 1 10 1 1 1 1 1 1 100 1 1 10 12 1 11 12 1 1 1 1 1 1 1 1 10 12 1 1 11 100 1 12 1 10 12 1 1 10 12 1 1 1 1 1 10 100 1 12 1 1 10 12 1 10 12 10 100 1 10 12 1 1 10 12 1 10 12 1 10 12 1 1 1 1 1 1 1 100 1 100 1 10 12 10 12 1 10 12 1 1 1 1 1 1 1 100 1 1 11 12 1 10 12 1 1 10 12 1 1 1 1 1 1 1 1 1 10 12 1 1 11 12 1 10 12 1 11 12 1 11 12 1 1 1 1 1 1 1 1 1 10 12 1 1 10 12 1 1 1 1 1 1 100 1 10 12 1 9 12 10 12 1 1 100 1 100 9 12 10 12 1 9 12 1 9 12 1 9 12 1 9 12 1 9 12 1 1 1 1 1 1 1 1 1 1 1 1 1 1 1 1 1 1 1 1 1 100 1 1 100 1 1 100 1 1 1 100 1 1 100 1 1
staticfield lombok/javac/JavacAST NOT_CALCULATED_MARKER Ljava/net/URI; java/net/URI
staticfield lombok/javac/JavacAST getBodyMethods Ljava/util/concurrent/ConcurrentMap; java/util/concurrent/ConcurrentHashMap
ciInstanceKlass lombok/core/AST$Kind 1 1 82 7 1 7 1 1 1 1 1 1 1 1 1 1 1 1 1 1 1 1 1 1 8 10 12 1 1 9 12 8 9 12 8 9 12 8 9 12 8 9 12 8 9 12 8 9 12 8 9 12 8 9 12 8 9 12 9 12 1 1 10 1 1 1 10 7 1 12 1 1 1 1 10 12 1 1 1 1 1 100 1 1
staticfield lombok/core/AST$Kind COMPILATION_UNIT Llombok/core/AST$Kind; lombok/core/AST$Kind
staticfield lombok/core/AST$Kind TYPE Llombok/core/AST$Kind; lombok/core/AST$Kind
staticfield lombok/core/AST$Kind FIELD Llombok/core/AST$Kind; lombok/core/AST$Kind
staticfield lombok/core/AST$Kind INITIALIZER Llombok/core/AST$Kind; lombok/core/AST$Kind
staticfield lombok/core/AST$Kind METHOD Llombok/core/AST$Kind; lombok/core/AST$Kind
staticfield lombok/core/AST$Kind ANNOTATION Llombok/core/AST$Kind; lombok/core/AST$Kind
staticfield lombok/core/AST$Kind ARGUMENT Llombok/core/AST$Kind; lombok/core/AST$Kind
staticfield lombok/core/AST$Kind LOCAL Llombok/core/AST$Kind; lombok/core/AST$Kind
staticfield lombok/core/AST$Kind STATEMENT Llombok/core/AST$Kind; lombok/core/AST$Kind
staticfield lombok/core/AST$Kind TYPE_USE Llombok/core/AST$Kind; lombok/core/AST$Kind
staticfield lombok/core/AST$Kind ENUM$VALUES [Llombok/core/AST$Kind; 10 [Llombok/core/AST$Kind;
ciInstanceKlass lombok/core/AST$FieldAccess 1 1 29 7 1 7 1 1 1 1 1 1 1 1 10 12 1 9 12 9 12 1 1 1 1 1 1 1 100 1 1
ciMethodData java/lang/Object <init> ()V 2 1662579 orig 80 1 0 0 0 0 0 0 0 0 0 0 0 0 0 0 0 0 0 0 0 0 0 0 0 0 0 0 0 0 0 0 0 0 0 0 0 0 0 0 0 0 0 0 0 0 0 0 0 0 0 0 0 0 0 0 0 0 0 0 0 0 0 0 0 0 0 0 0 0 0 0 0 0 0 0 0 0 0 0 0 data 4 0x0 0x9 0x1 0x0 oops 0 methods 0
ciMethodData java/lang/String equals (Ljava/lang/Object;)Z 2 5125 orig 80 0 0 0 0 0 0 0 0 0 0 0 0 0 0 0 0 0 0 0 0 0 0 0 0 0 0 0 0 0 0 0 0 0 0 0 0 0 0 0 0 0 0 0 0 0 0 0 0 0 0 0 0 0 0 0 0 0 0 0 0 0 0 0 0 0 0 0 0 0 0 0 0 0 0 0 0 0 0 0 0 data 49 0x20007 0x1029 0x20 0x3dd 0x80104 0x0 0x0 0x19d5a324038 0x1003 0x0 0x0 0xb0007 0x26 0xe0 0x1003 0xf0004 0x0 0x0 0x19d5a324038 0x1003 0x0 0x0 0x160007 0x0 0x40 0x1003 0x210007 0x0 0x68 0x1003 0x2c0002 0x1003 0x2f0007 0xb1d 0x38 0x4e6 0x330003 0x4e6 0x18 0x0 0x0 0x0 0x0 0x0 0x0 0x9 0x2 0x0 0x0 oops 2 7 java/lang/String 18 java/lang/String methods 0
ciMethodData java/util/AbstractCollection <init> ()V 2 335794 orig 80 0 0 0 0 0 0 0 0 0 0 0 0 157 1 0 0 0 0 0 0 0 0 0 0 0 0 0 0 0 0 0 0 0 0 0 0 0 0 0 0 0 0 0 0 0 0 0 0 0 0 0 0 0 0 0 0 0 0 0 0 0 0 0 0 0 0 0 0 0 0 0 0 0 0 0 0 0 0 0 0 data 7 0x10002 0x51fb2 0x0 0x0 0x9 0x1 0x0 oops 0 methods 0
ciMethodData java/util/concurrent/ConcurrentHashMap tabAt ([Ljava/util/concurrent/ConcurrentHashMap$Node;I)Ljava/util/concurrent/ConcurrentHashMap$Node; 2 5177 orig 80 0 0 0 0 0 0 0 0 0 0 0 0 157 1 0 0 0 0 0 0 0 0 0 0 0 0 0 0 0 0 0 0 0 0 0 0 0 0 0 0 0 0 0 0 0 0 0 0 0 0 0 0 0 0 0 0 0 0 0 0 0 0 0 0 0 0 0 0 0 0 0 0 0 0 0 0 0 0 0 0 data 27 0xf000b 0x1439 0x0 0x0 0x0 0x0 0x0 0x2 0x1 0x19da0c45820 0x120104 0x0 0x0 0x19da0c45770 0x7df 0x19da186ab58 0x3b0 0x0 0x0 0x0 0x0 0x0 0x0 0x9 0x2 0x0 0x0 oops 3 9 [Ljava/util/concurrent/ConcurrentHashMap$Node; 13 java/util/concurrent/ConcurrentHashMap$Node 15 java/util/concurrent/ConcurrentHashMap$ForwardingNode methods 0
ciMethodData java/util/concurrent/ConcurrentHashMap spread (I)I 2 17645 orig 80 0 0 0 0 0 0 0 0 0 0 0 0 157 1 0 0 0 0 0 0 0 0 0 0 0 0 0 0 0 0 0 0 0 0 0 0 0 0 0 0 0 0 0 0 0 0 0 0 0 0 0 0 0 0 0 0 0 0 0 0 0 0 0 0 0 0 0 0 0 0 0 0 0 0 0 0 0 0 0 0 data 5 0x0 0x0 0x9 0x1 0x0 oops 0 methods 0
ciMethodData java/util/concurrent/ConcurrentHashMap putIfAbsent (Ljava/lang/Object;Ljava/lang/Object;)Ljava/lang/Object; 2 13114 orig 80 0 0 0 0 0 0 0 0 0 0 0 0 0 0 0 0 0 0 0 0 0 0 0 0 0 0 0 0 0 0 0 0 0 0 0 0 0 0 0 0 0 0 0 0 0 0 0 0 0 0 0 0 0 0 0 0 0 0 0 0 0 0 0 0 0 0 0 0 0 0 0 0 0 0 0 0 0 0 0 0 data 18 0x40005 0x333b 0x0 0x0 0x0 0x0 0x0 0x0 0x0 0x0 0x0 0x0 0x0 0x9 0x3 0xffffffffffffffff 0xffffffffffffffff 0xffffffffffffffff oops 0 methods 0
ciMethodData java/lang/Object equals (Ljava/lang/Object;)Z 2 12789 orig 80 0 0 0 0 0 0 0 0 0 0 0 0 157 1 0 0 0 0 0 0 0 0 0 0 0 0 0 0 0 0 0 0 0 0 0 0 0 0 0 0 0 0 0 0 0 0 0 0 0 0 0 0 0 0 0 0 0 0 0 0 0 0 0 0 0 0 0 0 0 0 0 0 0 0 0 0 0 0 0 0 data 17 0x20007 0x2b8f 0x38 0x666 0x60003 0x666 0x18 0x0 0x0 0x0 0x0 0x0 0x0 0x9 0x2 0x0 0x0 oops 0 methods 0
ciMethodData java/util/concurrent/ConcurrentHashMap get (Ljava/lang/Object;)Ljava/lang/Object; 2 5366 orig 80 0 0 0 0 0 0 0 0 0 0 0 0 157 1 0 0 0 0 0 0 0 0 0 0 0 0 0 0 0 0 0 0 0 0 0 0 0 0 0 0 0 0 0 0 0 0 0 0 0 0 0 0 0 0 0 0 0 0 0 0 0 0 0 0 0 0 0 0 0 0 0 0 0 0 0 0 0 0 0 0 data 101 0x10005 0xa85 0x0 0x19d5a324038 0x6d0 0x19da1865d00 0x3a1 0x40002 0x14f6 0xf0007 0x72 0x290 0x1484 0x170007 0x0 0x270 0x1484 0x220002 0x1484 0x270007 0x8c5 0x240 0xbbf 0x330007 0x5ca 0xb8 0x5f5 0x3e0007 0x27e 0x98 0x377 0x430007 0x0 0x108 0x377 0x490005 0x20 0x0 0x19d5a324038 0x231 0x19da1865d00 0x126 0x4c0007 0x0 0xb0 0x377 0x560007 0x5ca 0x90 0x0 0x5d0005 0x0 0x0 0x0 0x0 0x0 0x0 0x630007 0x0 0x38 0x0 0x6b0003 0x0 0x18 0x760007 0x475 0xd8 0x2b0 0x7f0007 0x15b 0xffffffffffffffe0 0x155 0x8a0007 0xa8 0x98 0xad 0x8f0007 0x0 0xffffffffffffffa0 0xad 0x950005 0x1 0x0 0x19da1865d00 0x29 0x19d5a324038 0x83 0x980007 0x0 0xffffffffffffff48 0xad 0x0 0x0 0x0 0x0 0x0 0x0 0x9 0x2 0x0 0x0 oops 6 3 java/lang/String 5 jdk/internal/util/StrongReferenceKey 38 java/lang/String 40 jdk/internal/util/StrongReferenceKey 83 jdk/internal/util/StrongReferenceKey 85 java/lang/String methods 0
ciMethodData jdk/internal/util/ArraysSupport newLength (III)I 2 6267 orig 80 0 0 0 0 0 0 0 0 0 0 0 0 157 1 0 0 0 0 0 0 0 0 0 0 0 0 0 0 0 0 0 0 0 0 0 0 0 0 0 0 0 0 0 0 0 0 0 0 0 0 0 0 0 0 0 0 0 0 0 0 0 0 0 0 0 0 0 0 0 0 0 0 0 0 0 0 0 0 0 0 data 23 0x30002 0x187b 0xa0007 0x0 0x40 0x187b 0x100007 0x0 0x20 0x187b 0x170002 0x0 0x0 0x0 0x0 0x0 0x0 0x0 0x9 0x3 0x0 0x0 0x0 oops 0 methods 0
ciMethodData java/util/Arrays copyOf ([Ljava/lang/Object;I)[Ljava/lang/Object; 2 6707 orig 80 0 0 0 0 0 0 0 0 0 0 0 0 157 1 0 0 0 0 0 0 0 0 0 0 0 0 0 0 0 0 0 0 0 0 0 0 0 0 0 0 0 0 0 0 0 0 0 0 0 0 0 0 0 0 0 0 0 0 0 0 0 0 0 0 0 0 0 0 0 0 0 0 0 0 0 0 0 0 0 0 data 19 0x30005 0x1a33 0x0 0x0 0x0 0x0 0x0 0x60002 0x1a33 0x0 0x0 0x0 0x0 0x0 0x0 0x9 0x2 0xffffffffffffffff 0x0 oops 0 methods 0
ciMethodData java/util/ArrayList add (Ljava/lang/Object;)Z 2 67252 orig 80 0 0 0 0 0 0 0 0 0 0 0 0 157 1 0 0 0 0 0 0 0 0 0 0 0 0 0 0 0 0 0 0 0 0 0 0 0 0 0 0 0 0 0 0 0 0 0 0 0 0 0 0 0 0 0 0 0 0 0 0 0 0 0 0 0 0 0 0 0 0 0 0 0 0 0 0 0 0 0 0 data 17 0x140005 0x106b4 0x0 0x0 0x0 0x0 0x0 0x0 0x0 0x0 0x0 0x0 0x0 0x9 0x2 0xe 0x0 oops 0 methods 0
ciMethodData java/util/ArrayList add (Ljava/lang/Object;[Ljava/lang/Object;I)V 2 67255 orig 80 0 0 0 0 0 0 0 0 0 0 0 0 157 1 0 0 0 0 0 0 0 0 0 0 0 0 0 0 0 0 0 0 0 0 0 0 0 0 0 0 0 0 0 0 0 0 0 0 0 0 0 0 0 0 0 0 0 0 0 0 0 0 0 0 0 0 0 0 0 0 0 0 0 0 0 0 0 0 0 0 data 30 0x30007 0xdaed 0x58 0x2bca 0x70005 0x2bca 0x0 0x0 0x0 0x0 0x0 0xe0104 0x0 0x0 0x19da1401ec8 0x27 0x19d5a328348 0x753 0x0 0x0 0x0 0x0 0x0 0x0 0x9 0x4 0xc 0x0 0xffffffffffffffff 0x0 oops 2 14 jdk/internal/loader/URLClassPath$JarLoader 16 java/lang/Integer methods 0
ciMethodData java/util/ArrayList grow ()[Ljava/lang/Object; 2 11252 orig 80 0 0 0 0 0 0 0 0 0 0 0 0 157 1 0 0 0 0 0 0 0 0 0 0 0 0 0 0 0 0 0 0 0 0 0 0 0 0 0 0 0 0 0 0 0 0 0 0 0 0 0 0 0 0 0 0 0 0 0 0 0 0 0 0 0 0 0 0 0 0 0 0 0 0 0 0 0 0 0 0 data 16 0x70005 0x2bf4 0x0 0x0 0x0 0x0 0x0 0x0 0x0 0x0 0x0 0x0 0x0 0x9 0x1 0xc oops 0 methods 0
ciMethodData java/util/ArrayList grow (I)[Ljava/lang/Object; 2 5120 orig 80 0 0 0 0 0 0 0 0 0 0 0 0 157 1 0 0 0 0 0 0 0 0 0 0 0 0 0 0 0 0 0 0 0 0 0 0 0 0 0 0 0 0 0 0 0 0 0 0 0 0 0 0 0 0 0 0 0 0 0 0 0 0 0 0 0 0 0 0 0 0 0 0 0 0 0 0 0 0 0 0 data 24 0x70007 0x220 0x40 0x11e0 0x110007 0x11dd 0x40 0x3 0x1b0002 0x223 0x250002 0x223 0x310002 0x11dd 0x0 0x0 0x0 0x0 0x0 0x0 0x9 0x2 0xc 0x0 oops 0 methods 0
ciMethodData java/lang/Class getName ()Ljava/lang/String; 2 35056 orig 80 0 0 0 0 0 0 0 0 0 0 0 0 157 1 0 0 0 0 0 0 0 0 0 0 0 0 0 0 0 0 0 0 0 0 0 0 0 0 0 0 0 0 0 0 0 0 0 0 0 0 0 0 0 0 0 0 0 0 0 0 0 0 0 0 0 0 0 0 0 0 0 0 0 0 0 0 0 0 0 0 data 23 0x60007 0xdf2 0x38 0x7afd 0xa0003 0x7afd 0x50 0xe0005 0xdf2 0x0 0x0 0x0 0x0 0x0 0x0 0x0 0x0 0x0 0x0 0x0 0x9 0x1 0xffffffffffffffff oops 0 methods 0
ciMethodData java/util/AbstractList <init> ()V 2 190164 orig 80 0 0 0 0 0 0 0 0 0 0 0 0 157 1 0 0 0 0 0 0 0 0 0 0 0 0 0 0 0 0 0 0 0 0 0 0 0 0 0 0 0 0 0 0 0 0 0 0 0 0 0 0 0 0 0 0 0 0 0 0 0 0 0 0 0 0 0 0 0 0 0 0 0 0 0 0 0 0 0 0 data 9 0x10002 0x2e6d4 0x0 0x0 0x0 0x0 0x9 0x1 0x6 oops 0 methods 0
ciMethodData java/util/ArrayList <init> ()V 2 162950 orig 80 0 0 0 0 0 0 0 0 0 0 0 0 157 1 0 0 0 0 0 0 0 0 0 0 0 0 0 0 0 0 0 0 0 0 0 0 0 0 0 0 0 0 0 0 0 0 0 0 0 0 0 0 0 0 0 0 0 0 0 0 0 0 0 0 0 0 0 0 0 0 0 0 0 0 0 0 0 0 0 0 data 9 0x10002 0x27c86 0x0 0x0 0x0 0x0 0x9 0x1 0xe oops 0 methods 0
ciMethodData java/util/ArrayList addAll (Ljava/util/Collection;)Z 2 5132 orig 80 0 0 0 0 0 0 0 0 0 0 0 0 157 1 0 0 0 0 0 0 0 0 0 0 0 0 0 0 0 0 0 0 0 0 0 0 0 0 0 0 0 0 0 0 0 0 0 0 0 0 0 0 0 0 0 0 0 0 0 0 0 0 0 0 0 0 0 0 0 0 0 0 0 0 0 0 0 0 0 0 data 34 0x10005 0x12b3 0x0 0x19da2882890 0x153 0x19da2882940 0x6 0x150007 0xf30 0x20 0x4dc 0x2b0007 0x1b3 0x58 0xd7d 0x330005 0xd7d 0x0 0x0 0x0 0x0 0x0 0x3f0002 0xf30 0x0 0x0 0x0 0x0 0x0 0x0 0x9 0x2 0xe 0xffffffffffffffff oops 2 3 com/google/common/collect/RegularImmutableList 5 java/util/Collections$UnmodifiableRandomAccessList methods 0
ciMethodData java/util/ArrayList toArray ([Ljava/lang/Object;)[Ljava/lang/Object; 2 4040 orig 80 0 0 0 0 0 0 0 0 0 0 0 0 157 1 0 0 0 0 0 0 0 0 1 0 0 0 0 0 0 0 0 0 0 0 0 0 0 0 0 0 0 0 0 0 0 0 0 0 0 0 0 0 0 0 0 0 0 0 0 0 0 0 0 0 0 0 0 0 0 0 0 0 0 0 0 0 0 0 0 0 data 36 0x60007 0x923 0x68 0x6a5 0x120005 0x6a5 0x0 0x0 0x0 0x0 0x0 0x150002 0x6a5 0x8000000600240002 0x924 0x2d0007 0x924 0x58 0x0 0x360004 0x0 0x0 0x0 0x0 0x0 0x0 0x0 0x0 0x0 0x0 0x0 0x0 0x9 0x2 0x0 0xffffffffffffffff oops 0 methods 0
ciMethodData java/lang/Class cast (Ljava/lang/Object;)Ljava/lang/Object; 2 135673 orig 80 0 0 0 0 0 0 0 0 0 0 0 0 157 1 0 0 0 0 0 0 0 0 0 0 0 0 0 0 0 0 0 0 0 0 0 0 0 0 0 0 0 0 0 0 0 0 0 0 0 0 0 0 0 0 0 0 0 0 0 0 0 0 0 0 0 0 0 0 0 0 0 0 0 0 0 0 0 0 0 0 data 34 0x10007 0x3a69 0xc0 0x1d790 0x60005 0x1d790 0x0 0x0 0x0 0x0 0x0 0x90007 0x1d790 0x68 0x0 0x120005 0x0 0x0 0x0 0x0 0x0 0x0 0x150002 0x0 0x0 0x0 0x0 0x0 0x0 0x0 0x9 0x2 0xffffffffffffffff 0xffffffffffffffff oops 0 methods 0
ciMethodData java/lang/invoke/Invokers checkExactType (Ljava/lang/invoke/MethodHandle;Ljava/lang/invoke/MethodType;)V 2 11991 orig 80 0 0 0 0 0 0 0 0 0 0 0 0 157 1 0 0 0 0 0 0 0 0 0 0 0 0 0 0 0 0 0 0 0 0 0 0 0 0 0 0 0 0 0 0 0 0 0 0 0 0 0 0 0 0 0 0 0 0 0 0 0 0 0 0 0 0 0 0 0 0 0 0 0 0 0 0 0 0 0 0 data 23 0x10005 0x367 0x0 0x19da5607840 0x29a5 0x19da56078f0 0x1cb 0x70007 0x2ed7 0x30 0x0 0xc0002 0x0 0x0 0x0 0x0 0x0 0x0 0x0 0x9 0x2 0x0 0x0 oops 2 3 java/lang/invoke/BoundMethodHandle$Species_LL 5 java/lang/invoke/BoundMethodHandle$Species_LLL methods 0
ciMethodData java/lang/invoke/Invokers checkCustomized (Ljava/lang/invoke/MethodHandle;)V 2 11989 orig 80 0 0 0 0 0 0 0 0 0 0 0 0 157 1 0 0 0 0 0 0 0 0 0 0 0 0 0 0 0 0 0 0 0 0 0 0 0 0 0 0 0 0 0 0 0 0 0 0 0 0 0 0 0 0 0 0 0 0 0 0 0 0 0 0 0 0 0 0 0 0 0 0 0 0 0 0 0 0 0 0 data 21 0x10002 0x2ed5 0x40007 0x2ed5 0x20 0x0 0xf0007 0x1aac 0x30 0x1429 0x130002 0x1429 0x0 0x0 0x0 0x0 0x0 0x0 0x9 0x1 0x0 oops 0 methods 0
ciMethodData java/lang/invoke/Invokers maybeCustomize (Ljava/lang/invoke/MethodHandle;)V 2 5267 orig 80 0 0 0 0 0 0 0 0 0 0 0 0 157 1 0 0 0 0 0 0 0 0 0 0 0 0 0 0 0 0 0 0 0 0 0 0 0 0 0 0 0 0 0 0 0 0 0 0 0 0 0 0 0 0 0 0 0 0 0 0 0 0 0 0 0 0 0 0 0 0 0 0 0 0 0 0 0 0 0 0 data 16 0x10005 0x2dd 0x0 0x19da5607840 0xfeb 0x19da56078f0 0x1cb 0x0 0x0 0x0 0x0 0x0 0x0 0x9 0x1 0x6 oops 2 3 java/lang/invoke/BoundMethodHandle$Species_LL 5 java/lang/invoke/BoundMethodHandle$Species_LLL methods 0
ciMethodData java/lang/invoke/Invokers$Holder invokeExact_MT (Ljava/lang/Object;Ljava/lang/Object;Ljava/lang/Object;)Ljava/lang/Object; 2 10635 orig 80 0 0 0 0 0 0 0 0 0 0 0 0 157 1 0 0 0 0 0 0 0 0 0 0 0 0 0 0 0 0 0 0 0 0 0 0 0 0 0 0 0 0 0 0 0 0 0 0 0 0 0 0 0 0 0 0 0 0 0 0 0 0 0 0 0 0 0 0 0 0 0 0 0 0 0 0 0 0 0 0 data 54 0x10004 0x0 0x0 0x19da5606600 0x9 0x19da56066b0 0xb 0x70004 0x0 0x0 0x19d5a3268c8 0x27e 0x0 0x0 0xa000a 0x298b 0x4 0x0 0x2 0x1 0x19d5a3268c8 0xe000a 0x298b 0x2 0x0 0x2 0x13000b 0x298b 0x0 0x0 0x0 0x0 0x0 0x3 0x1 0x3 0x3 0x0 0x0 0x0 0x0 0x0 0x0 0x9 0x3 0x0 0x0 0x0 0xc 0x4 0x0 0x2 0x1 0x3 oops 4 3 java/lang/invoke/BoundMethodHandle$Species_LLLLL 5 java/lang/invoke/BoundMethodHandle$Species_LLLLLLL 10 java/lang/invoke/MethodType 20 java/lang/invoke/MethodType methods 0
ciMethodData java/util/ArrayList toArray ()[Ljava/lang/Object; 2 5224 orig 80 0 0 0 0 0 0 0 0 0 0 0 0 157 1 0 0 0 0 0 0 0 0 0 0 0 0 0 0 0 0 0 0 0 0 0 0 0 0 0 0 0 0 0 0 0 0 0 0 0 0 0 0 0 0 0 0 0 0 0 0 0 0 0 0 0 0 0 0 0 0 0 0 0 0 0 0 0 0 0 0 data 11 0x80002 0x1468 0x0 0x0 0x0 0x0 0x0 0x0 0x9 0x1 0x0 oops 0 methods 0
ciMethodData java/util/IdentityHashMap hash (Ljava/lang/Object;I)I 2 152113 orig 80 0 0 0 0 0 0 0 0 0 0 0 0 157 1 0 0 0 0 0 0 0 0 0 0 0 0 0 0 0 0 0 0 0 0 0 0 0 0 0 0 0 0 0 0 0 0 0 0 0 0 0 0 0 0 0 0 0 0 0 0 0 0 0 0 0 0 0 0 0 0 0 0 0 0 0 0 0 0 0 0 data 12 0x10002 0x25231 0x0 0x0 0x0 0x0 0x0 0x0 0x9 0x2 0x0 0x0 oops 0 methods 0
ciMethodData java/util/IdentityHashMap maskNull (Ljava/lang/Object;)Ljava/lang/Object; 2 101137 orig 80 0 0 0 0 0 0 0 0 0 0 0 0 157 1 0 0 0 0 0 0 0 0 0 0 0 0 0 0 0 0 0 0 0 0 0 0 0 0 0 0 0 0 0 0 0 0 0 0 0 0 0 0 0 0 0 0 0 0 0 0 0 0 0 0 0 0 0 0 0 0 0 0 0 0 0 0 0 0 0 0 data 16 0x10007 0x18b11 0x38 0x0 0x70003 0x0 0x18 0x0 0x0 0x0 0x0 0x0 0x0 0x9 0x1 0x0 oops 0 methods 0
ciMethodData java/util/IdentityHashMap nextKeyIndex (II)I 2 61419 orig 80 0 0 0 0 0 0 0 0 0 0 0 0 157 1 0 0 0 0 0 0 0 0 0 0 0 0 0 0 0 0 0 0 0 0 0 0 0 0 0 0 0 0 0 0 0 0 0 0 0 0 0 0 0 0 0 0 0 0 0 0 0 0 0 0 0 0 0 0 0 0 0 0 0 0 0 0 0 0 0 0 data 12 0x40007 0x5f 0x38 0xef8c 0xa0003 0xef8c 0x18 0x0 0x9 0x2 0x0 0x0 oops 0 methods 0
ciMethodData jdk/internal/reflect/MethodHandleFieldAccessorImpl isStatic ()Z 2 7392 orig 80 0 0 0 0 0 0 0 0 0 0 0 0 157 1 0 0 0 0 0 0 0 0 0 0 0 0 0 0 0 0 0 0 0 0 0 0 0 0 0 0 0 0 0 0 0 0 0 0 0 0 0 0 0 0 0 0 0 0 0 0 0 0 0 0 0 0 0 0 0 0 0 0 0 0 0 0 0 0 0 0 data 13 0x70007 0x1cba 0x38 0x26 0xb0003 0x26 0x18 0x0 0x0 0x0 0x9 0x1 0x0 oops 0 methods 0
ciMethodData java/util/IdentityHashMap put (Ljava/lang/Object;Ljava/lang/Object;)Ljava/lang/Object; 2 53181 orig 80 0 0 0 0 0 0 0 0 0 0 0 0 157 1 0 0 0 0 0 0 0 0 0 0 0 0 0 0 0 0 0 0 0 0 0 0 0 0 0 0 0 0 0 0 0 0 0 0 0 0 0 0 0 0 0 0 0 0 0 0 0 0 0 0 0 0 0 0 0 0 0 0 0 0 0 0 0 0 0 0 data 67 0x10002 0xcfbd 0x130002 0xcfc3 0x200007 0xca2b 0xa0 0x3657 0x260007 0x30bf 0x58 0x598 0x390004 0x0 0x0 0x19d5a327f38 0x598 0x0 0x0 0x410002 0x30bf 0x460003 0x30bf 0xffffffffffffff78 0x5a0007 0xca25 0x90 0x6 0x600005 0x6 0x0 0x0 0x0 0x0 0x0 0x630007 0x0 0x38 0x6 0x660003 0x6 0xfffffffffffffed8 0x780004 0x0 0x0 0x19da258cb28 0x6e 0x19da258cbd8 0x64 0x800004 0x0 0x0 0x19da258cc88 0xd2 0x19d5a327f38 0x6603 0x0 0x0 0x0 0x0 0x0 0x0 0x9 0x3 0x0 0x0 0x0 oops 5 15 java/lang/Boolean 45 com/google/inject/internal/ConstructorInjector 47 com/google/inject/internal/InternalFactoryToInitializableAdapter 52 com/google/inject/internal/ConstructionContext 54 java/lang/Boolean methods 0
ciMethodData java/util/IdentityHashMap resize (I)Z 2 734 orig 80 0 0 0 0 0 0 0 0 0 0 0 0 157 1 0 0 0 0 0 0 0 0 0 0 0 0 0 0 0 0 0 0 0 0 0 0 0 0 0 0 0 0 0 0 0 0 0 0 0 0 0 0 0 0 0 0 0 0 0 0 0 0 0 0 0 0 0 0 0 0 0 0 0 0 0 0 0 0 0 0 data 74 0x110007 0x2de 0x50 0x0 0x1a0007 0x0 0x30 0x0 0x230002 0x0 0x2c0007 0x2de 0x20 0x0 0x3e0007 0x2dd 0x190 0x1552c 0x490007 0x7305 0x158 0xe227 0x580104 0x0 0x0 0x0 0x0 0x0 0x0 0x5f0104 0x0 0x0 0x0 0x0 0x0 0x0 0x630002 0xe227 0x6d0007 0xe226 0x48 0x366b 0x730002 0x366b 0x780003 0x366b 0xffffffffffffffd0 0x810004 0x0 0x0 0x19da258cb28 0x9e 0x19da258cbd8 0xa0 0x8a0004 0x0 0x0 0x19da258cc88 0x13e 0x19da3d52d18 0xa 0x8e0003 0x1552b 0xfffffffffffffe88 0x0 0x0 0x0 0x0 0x0 0x0 0x9 0x2 0x0 0x0 oops 4 50 com/google/inject/internal/ConstructorInjector 52 com/google/inject/internal/InternalFactoryToInitializableAdapter 57 com/google/inject/internal/ConstructionContext 59 org/eclipse/sisu/inject/LazyBeanEntry methods 0
ciMethodData java/lang/reflect/Field getOverrideFieldAccessor ()Ljdk/internal/reflect/FieldAccessor; 2 19569 orig 80 0 0 0 0 0 0 0 0 0 0 0 0 157 1 0 0 0 0 0 0 0 0 0 0 0 0 0 0 0 0 0 0 0 0 0 0 0 0 0 0 0 0 0 0 0 0 0 0 0 0 0 0 0 0 0 0 0 0 0 0 0 0 0 0 0 0 0 0 0 0 0 0 0 0 0 0 0 0 0 0 data 23 0x60007 0xbb 0x38 0x4bb6 0xa0003 0x4bb6 0x50 0xe0005 0xbb 0x0 0x0 0x0 0x0 0x0 0x0 0x0 0x0 0x0 0x0 0x0 0x9 0x1 0xffffffffffffffff oops 0 methods 0
ciMethodData java/lang/reflect/Field acquireOverrideFieldAccessor ()Ljdk/internal/reflect/FieldAccessor; 1 186 orig 80 0 0 0 0 0 0 0 0 0 0 0 0 157 1 0 0 0 0 0 0 0 0 0 0 0 0 0 0 0 0 0 0 0 0 0 0 0 0 0 0 0 0 0 0 0 0 0 0 0 0 0 0 0 0 0 0 0 0 0 0 0 0 0 0 0 0 0 0 0 0 0 0 0 0 0 0 0 0 0 0 data 37 0x60007 0xba 0x38 0x0 0xa0003 0x0 0x18 0x130007 0xba 0x38 0x0 0x1b0003 0x0 0x88 0x230005 0x0 0x0 0x19da22052e8 0xba 0x0 0x0 0x290005 0xba 0x0 0x0 0x0 0x0 0x0 0x0 0x0 0x0 0x0 0x0 0x0 0x9 0x1 0xffffffffffffffff oops 1 17 jdk/internal/reflect/ReflectionFactory methods 0
ciMethod com/sun/tools/javac/util/List iterator ()Ljava/util/Iterator; 514 0 51758 0 200
ciMethod com/sun/tools/javac/util/List$2 <init> (Lcom/sun/tools/javac/util/List;)V 184 0 10316 0 0
ciMethod com/sun/tools/javac/util/List$2 hasNext ()Z 522 0 5415 0 112
ciMethod com/sun/tools/javac/util/List$2 next ()Ljava/lang/Object; 532 0 9333 0 320
ciMethod com/sun/tools/javac/tree/JCTree getPreferredPosition ()I 256 0 1 0 -1
ciMethod com/sun/tools/javac/util/Iterators emptyIterator ()Ljava/util/Iterator; 332 0 47003 0 88
ciMethodData com/sun/tools/javac/util/List$2 hasNext ()Z 2 5154 orig 80 0 0 0 0 0 0 0 0 0 0 0 0 157 1 0 0 0 0 0 0 0 0 0 0 0 0 0 0 0 0 0 0 0 0 0 0 0 0 0 0 0 0 0 0 0 0 0 0 0 0 0 0 0 0 0 0 0 0 0 0 0 0 0 0 0 0 0 0 0 0 0 0 0 0 0 0 0 0 0 0 data 16 0x70007 0x54c 0x38 0xed6 0xb0003 0xed6 0x18 0x0 0x0 0x0 0x0 0x0 0x0 0x9 0x1 0x0 oops 0 methods 0
ciMethodData com/sun/tools/javac/util/List$2 next ()Ljava/lang/Object; 2 9067 orig 80 0 0 0 0 0 0 0 0 0 0 0 0 157 1 0 0 0 0 0 0 0 0 0 0 0 0 0 0 0 0 0 0 0 0 0 0 0 0 0 0 0 0 0 0 0 0 0 0 0 0 0 0 0 0 0 0 0 0 0 0 0 0 0 0 0 0 0 0 0 0 0 0 0 0 0 0 0 0 0 0 data 15 0x70007 0x236b 0x30 0x0 0xe0002 0x0 0x0 0x0 0x0 0x0 0x0 0x0 0x9 0x1 0x0 oops 0 methods 0
ciMethodData com/sun/tools/javac/util/List iterator ()Ljava/util/Iterator; 2 52187 orig 80 0 0 0 0 0 0 0 0 0 0 0 0 157 1 0 0 0 0 0 0 0 0 0 0 0 0 0 0 0 0 0 0 0 0 0 0 0 0 0 0 0 0 0 0 0 0 0 0 0 0 0 0 0 0 0 0 0 0 0 0 0 0 0 0 0 0 0 0 0 0 0 0 0 0 0 0 0 0 0 0 data 17 0x40007 0x27f0 0x30 0xa3eb 0x70002 0xa3eb 0x100002 0x27f0 0x0 0x0 0x0 0x0 0x0 0x0 0x9 0x1 0x0 oops 0 methods 0
ciMethodData com/sun/tools/javac/util/Iterators emptyIterator ()Ljava/util/Iterator; 2 46840 orig 80 0 0 0 0 0 0 0 0 0 0 0 0 157 1 0 0 0 0 0 0 0 0 0 0 0 0 0 0 0 0 0 0 0 0 0 0 0 0 0 0 0 0 0 0 0 0 0 0 0 0 0 0 0 0 0 0 0 0 0 0 0 0 0 0 0 0 0 0 0 0 0 0 0 0 0 0 0 0 0 0 data 4 0x0 0x0 0x9 0x0 oops 0 methods 0
ciMethodData com/sun/tools/javac/util/List$2 <init> (Lcom/sun/tools/javac/util/List;)V 2 10238 orig 80 0 0 0 0 0 0 0 0 0 0 0 0 157 1 0 0 0 0 0 0 0 0 0 0 0 0 0 0 0 0 0 0 0 0 0 0 0 0 0 0 0 0 0 0 0 0 0 0 0 0 0 0 0 0 0 0 0 0 0 0 0 0 0 0 0 0 0 0 0 0 0 0 0 0 0 0 0 0 0 0 data 10 0x60002 0x27fe 0x0 0x0 0x0 0x0 0x9 0x2 0x6 0x0 oops 0 methods 0
ciMethod lombok/permit/Permit setAccessible (Ljava/lang/reflect/AccessibleObject;)Ljava/lang/reflect/AccessibleObject; 420 0 120 0 -1
ciMethod lombok/core/LombokNode <init> (Ljava/lang/Object;Ljava/util/List;Llombok/core/AST$Kind;)V 518 482 16588 0 -1
ciMethod lombok/core/LombokNode get ()Ljava/lang/Object; 420 0 210 0 -1
ciMethod lombok/javac/JavacNode <init> (Llombok/javac/JavacAST;Lcom/sun/tools/javac/tree/JCTree;Ljava/util/List;Llombok/core/AST$Kind;)V 518 0 21998 0 3288
ciMethod lombok/core/AST putInMap (Llombok/core/LombokNode;)Llombok/core/LombokNode; 544 0 21770 0 3512
ciMethod lombok/core/AST setAndGetAsHandled (Ljava/lang/Object;)Z 516 0 22981 0 0
ciMethod lombok/core/AST getFileName ()Ljava/lang/String; 0 0 1 0 -1
ciMethod lombok/core/AST buildTree (Ljava/lang/Object;Llombok/core/AST$Kind;)Llombok/core/LombokNode; 0 0 1 0 -1
ciMethod lombok/core/AST fieldsOf (Ljava/lang/Class;)[Llombok/core/AST$FieldAccess; 526 0 14483 0 0
ciMethod lombok/core/AST getFields (Ljava/lang/Class;Ljava/util/Collection;)V 118 166 100 0 0
ciMethod lombok/core/AST getComponentType (Ljava/lang/reflect/Type;)Ljava/lang/Class; 20 0 10 0 -1
ciMethod lombok/core/AST shouldDrill (Ljava/lang/Class;Ljava/lang/Class;Ljava/lang/String;)Z 260 686 130 0 -1
ciMethod lombok/core/AST buildWithField (Ljava/lang/Class;Ljava/lang/Object;Llombok/core/AST$FieldAccess;)Ljava/util/Collection; 650 0 18349 0 0
ciMethod lombok/core/AST buildWithField0 (Ljava/lang/Class;Ljava/lang/Object;Llombok/core/AST$FieldAccess;Ljava/util/Collection;)V 650 0 19067 0 0
ciMethod lombok/core/AST buildWithArray (Ljava/lang/Class;Ljava/lang/Object;Ljava/util/Collection;I)V 0 0 1 0 -1
ciMethod lombok/core/AST buildWithCollection (Ljava/lang/Class;Ljava/lang/Object;Ljava/util/Collection;I)V 252 102 7573 0 0
ciMethod lombok/javac/JavacAST buildTree (Lcom/sun/tools/javac/tree/JCTree;Llombok/core/AST$Kind;)Llombok/javac/JavacNode; 492 0 13561 0 0
ciMethod lombok/javac/JavacAST buildCompilationUnit (Lcom/sun/tools/javac/tree/JCTree$JCCompilationUnit;)Llombok/javac/JavacNode; 8 74 204 0 -1
ciMethod lombok/javac/JavacAST buildType (Lcom/sun/tools/javac/tree/JCTree$JCClassDecl;)Llombok/javac/JavacNode; 8 118 206 0 -1
ciMethod lombok/javac/JavacAST buildField (Lcom/sun/tools/javac/tree/JCTree$JCVariableDecl;)Llombok/javac/JavacNode; 90 56 1229 0 -1
ciMethod lombok/javac/JavacAST buildLocalVar (Lcom/sun/tools/javac/tree/JCTree$JCVariableDecl;Llombok/core/AST$Kind;)Llombok/javac/JavacNode; 72 0 1676 0 0
ciMethod lombok/javac/JavacAST buildTypeUse (Lcom/sun/tools/javac/tree/JCTree;)Llombok/javac/JavacNode; 190 0 2916 0 -1
ciMethod lombok/javac/JavacAST getResourcesForTryNode (Lcom/sun/tools/javac/tree/JCTree$JCTry;)Ljava/util/List; 18 0 2 0 -1
ciMethod lombok/javac/JavacAST buildTry (Lcom/sun/tools/javac/tree/JCTree$JCTry;)Llombok/javac/JavacNode; 0 0 2 0 0
ciMethod lombok/javac/JavacAST buildInitializer (Lcom/sun/tools/javac/tree/JCTree$JCBlock;)Llombok/javac/JavacNode; 0 0 1 0 -1
ciMethod lombok/javac/JavacAST buildMethod (Lcom/sun/tools/javac/tree/JCTree$JCMethodDecl;)Llombok/javac/JavacNode; 16 110 605 0 -1
ciMethod lombok/javac/JavacAST buildAnnotation (Lcom/sun/tools/javac/tree/JCTree$JCAnnotation;Z)Llombok/javac/JavacNode; 68 0 1191 0 -1
ciMethod lombok/javac/JavacAST buildExpression (Lcom/sun/tools/javac/tree/JCTree$JCExpression;)Llombok/javac/JavacNode; 532 0 2916 0 -1
ciMethod lombok/javac/JavacAST buildStatement (Lcom/sun/tools/javac/tree/JCTree$JCStatement;)Llombok/javac/JavacNode; 526 0 1539 0 -1
ciMethod lombok/javac/JavacAST buildStatementOrExpression (Lcom/sun/tools/javac/tree/JCTree;)Llombok/javac/JavacNode; 554 0 18121 0 0
ciMethod lombok/javac/JavacAST buildLambda (Lcom/sun/tools/javac/tree/JCTree;)Llombok/javac/JavacNode; 6 0 122 0 0
ciMethod lombok/javac/JavacAST getBody (Lcom/sun/tools/javac/tree/JCTree;)Lcom/sun/tools/javac/tree/JCTree; 6 0 122 0 -1
ciMethod lombok/javac/JavacAST buildEnhancedForLoop (Lcom/sun/tools/javac/tree/JCTree$JCEnhancedForLoop;)Llombok/javac/JavacNode; 0 0 1 0 -1
ciMethod lombok/javac/JavacAST drill (Lcom/sun/tools/javac/tree/JCTree;)Llombok/javac/JavacNode; 526 650 14483 0 0
ciMethod lombok/javac/JavacAST addIfNotNull (Ljava/util/Collection;Llombok/javac/JavacNode;)V 532 0 11912 0 -1
ciMethod lombok/javac/JavacAST buildTree (Ljava/lang/Object;Llombok/core/AST$Kind;)Llombok/core/LombokNode; 492 0 13559 0 0
ciMethod lombok/javac/JavacAST $SWITCH_TABLE$lombok$core$AST$Kind ()[I 518 0 13561 0 0
ciMethodData java/lang/reflect/Field get (Ljava/lang/Object;)Ljava/lang/Object; 2 19164 orig 80 0 0 0 0 0 0 0 0 0 0 0 0 157 1 0 0 0 0 0 0 0 0 0 0 0 0 0 0 0 0 0 0 0 0 0 0 0 0 0 0 0 0 0 0 0 0 0 0 0 0 0 0 0 0 0 0 0 0 0 0 0 0 0 0 0 0 0 0 0 0 0 0 0 0 0 0 0 0 0 0 data 51 0x40007 0x4adc 0xd8 0x0 0x70002 0x0 0xe0005 0x0 0x0 0x0 0x0 0x0 0x0 0x120005 0x0 0x0 0x0 0x0 0x0 0x0 0x160005 0x0 0x0 0x0 0x0 0x0 0x0 0x1d0005 0x4adc 0x0 0x0 0x0 0x0 0x0 0x210005 0x0 0x0 0x19da22024b0 0x4adc 0x0 0x0 0x0 0x0 0x0 0x0 0x0 0x0 0x9 0x2 0xffffffffffffffff 0xffffffffffffffff oops 1 37 jdk/internal/reflect/MethodHandleObjectFieldAccessorImpl methods 0
ciMethodData jdk/internal/reflect/MethodHandleObjectFieldAccessorImpl get (Ljava/lang/Object;)Ljava/lang/Object; 2 6603 orig 80 0 0 0 0 0 0 0 0 0 0 0 0 157 1 0 0 0 0 0 0 0 0 0 0 0 0 0 0 0 0 0 0 0 0 0 0 0 0 0 0 0 0 0 0 0 0 0 0 0 0 0 0 0 0 0 0 0 0 0 0 0 0 0 0 0 0 0 0 0 0 0 0 0 0 0 0 0 0 0 0 data 53 0x10005 0x19cb 0x0 0x0 0x0 0x0 0x0 0x40007 0x19cb 0x80 0x0 0xb000b 0x0 0x0 0x0 0x0 0x0 0x0 0x1 0x0 0xe0003 0x0 0x70 0x16000b 0x19cb 0x0 0x0 0x0 0x0 0x0 0x3 0x1 0x2 0x3 0x200005 0x0 0x0 0x0 0x0 0x0 0x0 0x2a0002 0x0 0x0 0x0 0x0 0x0 0x0 0x0 0x9 0x2 0x0 0x0 oops 0 methods 0
ciMethodData jdk/internal/reflect/MethodHandleFieldAccessorImpl newGetIllegalArgumentException (Ljava/lang/Object;)Ljava/lang/IllegalArgumentException; 1 0 orig 80 0 0 0 0 0 0 0 0 0 0 0 0 157 1 0 0 0 0 0 0 0 0 0 0 0 0 0 0 0 0 0 0 0 0 0 0 0 0 0 0 0 0 0 0 0 0 0 0 0 0 0 0 0 0 0 0 0 0 0 0 0 0 0 0 0 0 0 0 0 0 0 0 0 0 0 0 0 0 0 0 data 33 0x70007 0x0 0x70 0x0 0xb0005 0x0 0x0 0x0 0x0 0x0 0x0 0xe0003 0x0 0x18 0x120005 0x0 0x0 0x0 0x0 0x0 0x0 0x150002 0x0 0x0 0x0 0x0 0x0 0x0 0x0 0x9 0x2 0xffffffffffffffff 0x0 oops 0 methods 0
ciMethod lombok/core/AST$Kind values ()[Llombok/core/AST$Kind; 4 0 2 0 -1
ciMethod lombok/core/AST$FieldAccess <init> (Ljava/lang/reflect/Field;I)V 78 0 39 0 -1
ciMethodData lombok/core/AST setAndGetAsHandled (Ljava/lang/Object;)Z 2 22982 orig 80 0 0 0 0 0 0 0 0 0 0 0 0 157 1 0 0 0 0 0 0 0 0 0 0 0 0 0 0 0 0 0 0 0 0 0 0 0 0 0 0 0 0 0 0 0 0 0 0 0 0 0 0 0 0 0 0 0 0 0 0 0 0 0 0 0 0 0 0 0 0 0 0 0 0 0 0 0 0 0 0 data 21 0x60005 0x0 0x0 0x19da2589110 0x59c6 0x0 0x0 0xb0007 0x59c6 0x20 0x0 0x0 0x0 0x0 0x0 0x0 0x0 0x9 0x2 0x0 0xffffffffffffffff oops 1 3 java/util/IdentityHashMap methods 0
ciMethodData lombok/javac/JavacNode <init> (Llombok/javac/JavacAST;Lcom/sun/tools/javac/tree/JCTree;Ljava/util/List;Llombok/core/AST$Kind;)V 2 50151 orig 80 0 0 0 0 0 0 0 0 0 0 0 0 157 1 0 0 0 0 0 0 0 0 0 0 0 0 0 0 0 0 0 0 0 0 0 0 0 0 0 0 0 0 0 0 0 0 0 0 0 0 0 0 0 0 0 0 0 0 0 0 0 0 0 0 0 0 0 0 0 0 0 0 0 0 0 0 0 0 0 0 data 13 0x50002 0xc3e6 0x0 0x0 0x0 0x0 0x9 0x5 0x1e 0x0 0x0 0xffffffffffffffff 0x0 oops 0 methods 0
ciMethodData lombok/core/AST putInMap (Llombok/core/LombokNode;)Llombok/core/LombokNode; 2 49548 orig 80 0 0 0 0 0 0 0 0 0 0 0 0 157 1 0 0 0 0 0 0 0 0 0 0 0 0 0 0 0 0 0 0 0 0 0 0 0 0 0 0 0 0 0 0 0 0 0 0 0 0 0 0 0 0 0 0 0 0 0 0 0 0 0 0 0 0 0 0 0 0 0 0 0 0 0 0 0 0 0 0 data 45 0x50005 0x0 0x0 0x19da27cdce8 0xc18c 0x0 0x0 0x90005 0x0 0x0 0x19da2589110 0xc18c 0x0 0x0 0x140005 0x0 0x0 0x19da27cdce8 0xc18c 0x0 0x0 0x180005 0x0 0x0 0x19da27cdce8 0xc18c 0x0 0x0 0x1b0005 0x0 0x0 0x19da2589110 0xc18c 0x0 0x0 0x0 0x0 0x0 0x0 0x0 0x0 0x9 0x2 0x0 0x0 oops 5 3 lombok/javac/JavacNode 10 java/util/IdentityHashMap 17 lombok/javac/JavacNode 24 lombok/javac/JavacNode 31 java/util/IdentityHashMap methods 0
ciMethodData lombok/javac/JavacAST buildStatementOrExpression (Lcom/sun/tools/javac/tree/JCTree;)Llombok/javac/JavacNode; 2 17847 orig 80 0 0 0 0 0 0 0 0 0 0 0 0 157 1 0 0 0 0 0 0 0 0 0 0 0 0 0 0 0 0 0 0 0 0 0 0 0 0 0 0 0 0 0 0 0 0 0 0 0 0 0 0 0 0 0 0 0 0 0 0 0 0 0 0 0 0 0 0 0 0 0 0 0 0 0 0 0 0 0 0 data 145 0x10007 0x3c6e 0x20 0x949 0x70004 0xffffffffffffc392 0x0 0x19da3451a18 0xc 0x19da0823cb8 0x1 0xa0007 0x3c6e 0x20 0x0 0x100004 0xffffffffffffc392 0x0 0x19da3451a18 0xc 0x19da0823cb8 0x1 0x130007 0x3c6e 0x68 0x0 0x180004 0x0 0x0 0x0 0x0 0x0 0x0 0x1b0002 0x0 0x200004 0xffffffffffffc514 0x0 0x19da3451a18 0xc 0x19da0823cb8 0x1 0x230007 0x3aec 0x68 0x182 0x280004 0x0 0x0 0x19da3454328 0x182 0x0 0x0 0x2e0002 0x182 0x330004 0xffffffffffffc516 0x0 0x19da3451a18 0xc 0x19da0823cb8 0x1 0x360007 0x3aea 0x68 0x2 0x3b0004 0x0 0x0 0x19da0821e70 0x2 0x0 0x0 0x3e0002 0x2 0x430005 0x3aea 0x0 0x0 0x0 0x0 0x0 0x460005 0x3aea 0x0 0x0 0x0 0x0 0x0 0x4c0005 0x3aea 0x0 0x0 0x0 0x0 0x0 0x4f0007 0x3a71 0x30 0x79 0x540002 0x79 0x590004 0xffffffffffffc58f 0x0 0x19da3451a18 0xc 0x19da0823cb8 0x1 0x5c0007 0x3a71 0x68 0x0 0x610004 0x0 0x0 0x0 0x0 0x0 0x0 0x640002 0x0 0x6a0005 0x0 0x0 0x19da27cd9f0 0x3a71 0x0 0x0 0x6d0007 0x3a71 0x20 0x0 0x740002 0x3a71 0x0 0x0 0x0 0x0 0x0 0x0 0x9 0x2 0x0 0x0 oops 13 7 com/sun/tools/javac/tree/JCTree$JCIdent 9 com/sun/tools/javac/tree/JCTree$JCConditional 18 com/sun/tools/javac/tree/JCTree$JCIdent 20 com/sun/tools/javac/tree/JCTree$JCConditional 38 com/sun/tools/javac/tree/JCTree$JCIdent 40 com/sun/tools/javac/tree/JCTree$JCConditional 49 com/sun/tools/javac/tree/JCTree$JCVariableDecl 58 com/sun/tools/javac/tree/JCTree$JCIdent 60 com/sun/tools/javac/tree/JCTree$JCConditional 69 com/sun/tools/javac/tree/JCTree$JCTry 105 com/sun/tools/javac/tree/JCTree$JCIdent 107 com/sun/tools/javac/tree/JCTree$JCConditional 125 lombok/javac/JavacAST methods 0
ciMethodData lombok/javac/JavacAST buildLocalVar (Lcom/sun/tools/javac/tree/JCTree$JCVariableDecl;Llombok/core/AST$Kind;)Llombok/javac/JavacNode; 2 1640 orig 80 0 0 0 0 0 0 0 0 0 0 0 0 157 1 0 0 0 0 0 0 0 0 0 0 0 0 0 0 0 0 0 0 0 0 0 0 0 0 0 0 0 0 0 0 0 0 0 0 0 0 0 0 0 0 0 0 0 0 0 0 0 0 0 0 0 0 0 0 0 0 0 0 0 0 0 0 0 0 0 0 data 87 0x20005 0x0 0x0 0x19da27cd9f0 0x668 0x0 0x0 0x50007 0x668 0x20 0x0 0xe0002 0x668 0x190005 0x0 0x0 0x19d5ac3a128 0x5e1 0x19d5ac38a88 0x87 0x1e0003 0x668 0xa8 0x230005 0x0 0x0 0x19d5ac3a1d8 0xbb 0x0 0x0 0x280004 0x0 0x0 0x19da3454bb0 0xbb 0x0 0x0 0x320002 0xbb 0x350002 0xbb 0x3a0005 0x0 0x0 0x19d5ac3a288 0x5e1 0x19d5ac3a1d8 0x142 0x3f0007 0xbb 0xffffffffffffff38 0x668 0x480002 0x668 0x4b0002 0x668 0x540002 0x668 0x570002 0x668 0x630002 0x668 0x660005 0x0 0x0 0x19da27cd9f0 0x668 0x0 0x0 0x690004 0x0 0x0 0x19da27cdce8 0x126 0x0 0x0 0x0 0x0 0x0 0x0 0x0 0x0 0x9 0x3 0x0 0x0 0x0 oops 9 3 lombok/javac/JavacAST 16 com/sun/tools/javac/util/List$1 18 com/sun/tools/javac/util/List 26 com/sun/tools/javac/util/List$2 33 com/sun/tools/javac/tree/JCTree$JCAnnotation 44 java/util/Collections$EmptyIterator 46 com/sun/tools/javac/util/List$2 65 lombok/javac/JavacAST 72 lombok/javac/JavacNode methods 0
ciMethodData lombok/javac/JavacAST buildTry (Lcom/sun/tools/javac/tree/JCTree$JCTry;)Llombok/javac/JavacNode; 1 2 orig 80 0 0 0 0 0 0 0 0 0 0 0 0 157 1 0 0 0 0 0 0 0 0 0 0 0 0 0 0 0 0 0 0 0 0 0 0 0 0 0 0 0 0 0 0 0 0 0 0 0 0 0 0 0 0 0 0 0 0 0 0 0 0 0 0 0 0 0 0 0 0 0 0 0 0 0 0 0 0 0 0 data 150 0x20005 0x0 0x0 0x19da27cd9f0 0x2 0x0 0x0 0x50007 0x2 0x20 0x0 0xe0002 0x2 0x130002 0x2 0x160005 0x0 0x0 0x19d5ac3a128 0x2 0x0 0x0 0x1d0003 0x2 0x138 0x220005 0x0 0x0 0x0 0x0 0x0 0x0 0x270004 0x0 0x0 0x0 0x0 0x0 0x0 0x2c0004 0x0 0x0 0x0 0x0 0x0 0x0 0x2f0007 0x0 0x78 0x0 0x350004 0x0 0x0 0x0 0x0 0x0 0x0 0x3b0002 0x0 0x3e0002 0x0 0x430005 0x0 0x0 0x19d5ac3a288 0x2 0x0 0x0 0x480007 0x0 0xfffffffffffffea8 0x2 0x510002 0x2 0x540002 0x2 0x5b0005 0x0 0x0 0x19d5ac38a88 0x2 0x0 0x0 0x600003 0x2 0xd0 0x650005 0x0 0x0 0x19d5ac3a1d8 0x2 0x0 0x0 0x6a0004 0x0 0x0 0x19d5ac3cbe0 0x2 0x0 0x0 0x740005 0x0 0x0 0x19da27cd9f0 0x2 0x0 0x0 0x770002 0x2 0x7c0005 0x0 0x0 0x19d5ac3a1d8 0x4 0x0 0x0 0x810007 0x2 0xffffffffffffff10 0x2 0x8a0002 0x2 0x8d0002 0x2 0x9b0002 0x2 0x9e0005 0x0 0x0 0x19da27cd9f0 0x2 0x0 0x0 0xa10004 0x0 0x0 0x19da27cdce8 0x2 0x0 0x0 0x0 0x0 0x0 0x0 0x0 0x0 0x9 0x2 0x0 0x0 oops 10 3 lombok/javac/JavacAST 18 com/sun/tools/javac/util/List$1 64 java/util/Collections$EmptyIterator 79 com/sun/tools/javac/util/List 89 com/sun/tools/javac/util/List$2 96 com/sun/tools/javac/tree/JCTree$JCCatch 103 lombok/javac/JavacAST 112 com/sun/tools/javac/util/List$2 129 lombok/javac/JavacAST 136 lombok/javac/JavacNode methods 0
ciMethodData lombok/javac/JavacAST buildLambda (Lcom/sun/tools/javac/tree/JCTree;)Llombok/javac/JavacNode; 1 271 orig 80 0 0 0 0 0 0 0 0 0 0 0 0 157 1 0 0 0 0 0 0 0 0 0 0 0 0 0 0 0 0 0 0 0 0 0 0 0 0 0 0 0 0 0 0 0 0 0 0 0 0 0 0 0 0 0 0 0 0 0 0 0 0 0 0 0 0 0 0 0 0 0 0 0 0 0 0 0 0 0 0 data 11 0x30002 0x10f 0x60002 0x10f 0x0 0x0 0x0 0x9 0x2 0x0 0xffffffffffffffff oops 0 methods 0
ciMethodData lombok/javac/JavacAST drill (Lcom/sun/tools/javac/tree/JCTree;)Llombok/javac/JavacNode; 2 14220 orig 80 0 0 0 0 0 0 0 0 0 0 0 0 157 1 0 0 0 0 0 0 0 0 0 0 0 0 0 0 0 0 0 0 0 0 0 0 0 0 0 0 0 0 0 0 0 0 0 0 0 0 0 0 0 0 0 0 0 0 0 0 0 0 0 0 0 0 0 0 0 0 0 0 0 0 0 0 0 0 0 0 data 129 0x40002 0x378c 0xa0005 0x378c 0x0 0x0 0x0 0x0 0x0 0xd0005 0x0 0x0 0x19da27cd9f0 0x378c 0x0 0x0 0x190003 0x378c 0x88 0x280005 0x0 0x0 0x19da27cd9f0 0x4665 0x0 0x0 0x2b0005 0x0 0x0 0x19d5a327978 0x4665 0x0 0x0 0x380007 0x4665 0xffffffffffffff90 0x378c 0x460002 0x378c 0x490005 0x0 0x0 0x19da27cd9f0 0x378c 0x0 0x0 0x4c0004 0x0 0x0 0x19da27cdce8 0x25 0x0 0x0 0x520005 0x0 0x0 0x0 0x0 0x0 0x0 0x570007 0x0 0x20 0x0 0x670005 0x0 0x0 0x0 0x0 0x0 0x0 0x6a0002 0x0 0x6d0002 0x0 0x730005 0x0 0x0 0x0 0x0 0x0 0x0 0x770005 0x0 0x0 0x0 0x0 0x0 0x0 0x7a0005 0x0 0x0 0x0 0x0 0x0 0x0 0x800005 0x0 0x0 0x0 0x0 0x0 0x0 0x840005 0x0 0x0 0x0 0x0 0x0 0x0 0x870005 0x0 0x0 0x0 0x0 0x0 0x0 0x8a0002 0x0 0x0 0x0 0x0 0x0 0x0 0x0 0x9 0x2 0xffffffffffffffff 0xffffffffffffffff oops 5 12 lombok/javac/JavacAST 22 lombok/javac/JavacAST 29 java/util/ArrayList 42 lombok/javac/JavacAST 49 lombok/javac/JavacNode methods 0
ciMethodData lombok/core/AST fieldsOf (Ljava/lang/Class;)[Llombok/core/AST$FieldAccess; 2 14245 orig 80 0 0 0 0 0 0 0 0 0 0 0 0 157 1 0 0 0 0 0 0 0 0 0 0 0 0 0 0 0 0 0 0 0 0 0 0 0 0 0 0 0 0 0 0 0 0 0 0 0 0 0 0 0 0 0 0 0 0 0 0 0 0 0 0 0 0 0 0 0 0 0 0 0 0 0 0 0 0 0 0 data 67 0x40005 0x0 0x0 0x19d5a327838 0x37a5 0x0 0x0 0x90104 0x0 0x0 0x19da27d0458 0x379b 0x0 0x0 0xe0007 0xa 0x20 0x379b 0x170002 0xa 0x1e0002 0xa 0x2a0005 0x0 0x0 0x19d5a327978 0xa 0x0 0x0 0x2f0004 0x0 0x0 0x19da27d0458 0xa 0x0 0x0 0x320005 0x0 0x0 0x19d5a327838 0xa 0x0 0x0 0x3c0005 0x0 0x0 0x19d5a327838 0xa 0x0 0x0 0x410004 0x0 0x0 0x19da27d0458 0xa 0x0 0x0 0x0 0x0 0x0 0x0 0x0 0x0 0x9 0x2 0xffffffffffffffff 0xffffffffffffffff oops 7 3 java/util/concurrent/ConcurrentHashMap 10 [Llombok/core/AST$FieldAccess; 25 java/util/ArrayList 32 [Llombok/core/AST$FieldAccess; 39 java/util/concurrent/ConcurrentHashMap 46 java/util/concurrent/ConcurrentHashMap 53 [Llombok/core/AST$FieldAccess; methods 0
ciMethodData lombok/core/AST buildWithField (Ljava/lang/Class;Ljava/lang/Object;Llombok/core/AST$FieldAccess;)Ljava/util/Collection; 2 18742 orig 80 0 0 0 0 0 0 0 0 0 0 0 0 157 1 0 0 0 0 0 0 0 0 0 0 0 0 0 0 0 0 0 0 0 0 0 0 0 0 0 0 0 0 0 0 0 0 0 0 0 0 0 0 0 0 0 0 0 0 0 0 0 0 0 0 0 0 0 0 0 0 0 0 0 0 0 0 0 0 0 0 data 13 0x40002 0x4936 0xf0002 0x4936 0x0 0x0 0x0 0x9 0x4 0xffffffffffffffff 0xffffffffffffffff 0xffffffffffffffff 0xffffffffffffffff oops 0 methods 0
ciMethodData lombok/core/AST buildWithField0 (Ljava/lang/Class;Ljava/lang/Object;Llombok/core/AST$FieldAccess;Ljava/util/Collection;)V 2 18749 orig 80 0 0 0 0 0 0 0 0 0 0 0 0 157 1 0 0 0 0 0 0 0 0 0 0 0 0 0 0 0 0 0 0 0 0 0 0 0 0 0 0 0 0 0 0 0 0 0 0 0 0 0 0 0 0 0 0 0 0 0 0 0 0 0 0 0 0 0 0 0 0 0 0 0 0 0 0 0 0 0 0 data 104 0x50005 0x493d 0x0 0x0 0x0 0x0 0x0 0xc0007 0x4607 0x20 0x335 0x140007 0x1d17 0x138 0x28f0 0x1d0005 0x0 0x0 0x19da27cd9f0 0x28f0 0x0 0x0 0x240007 0x0 0x228 0x28ef 0x2c0005 0x28ef 0x0 0x0 0x0 0x0 0x0 0x2f0004 0x0 0x0 0x19da27cdce8 0x10 0x0 0x0 0x320005 0x0 0x0 0x19d5a327978 0x28ef 0x0 0x0 0x380003 0x28ef 0x160 0x3d0005 0x1d17 0x0 0x0 0x0 0x0 0x0 0x400005 0x1d17 0x0 0x0 0x0 0x0 0x0 0x430007 0x1d17 0x48 0x0 0x500002 0x0 0x530003 0x0 0xa8 0x5a0005 0x1d17 0x0 0x0 0x0 0x0 0x0 0x5d0007 0x0 0x58 0x1d17 0x6a0002 0x1d17 0x6d0003 0x1d16 0x28 0x740002 0x0 0x0 0x0 0x0 0x0 0x0 0x0 0x9 0x5 0xffffffffffffffff 0xffffffffffffffff 0xffffffffffffffff 0xffffffffffffffff 0xffffffffffffffff oops 3 18 lombok/javac/JavacAST 36 lombok/javac/JavacNode 43 java/util/ArrayList methods 0
ciMethodData lombok/javac/JavacAST buildTree (Ljava/lang/Object;Llombok/core/AST$Kind;)Llombok/core/LombokNode; 2 13313 orig 80 0 0 0 0 0 0 0 0 0 0 0 0 157 1 0 0 0 0 0 0 0 0 0 0 0 0 0 0 0 0 0 0 0 0 0 0 0 0 0 0 0 0 0 0 0 0 0 0 0 0 0 0 0 0 0 0 0 0 0 0 0 0 0 0 0 0 0 0 0 0 0 0 0 0 0 0 0 0 0 0 data 25 0x20004 0x0 0x0 0x19da3451a18 0x1074 0x19da3451ac8 0xcd6 0x60005 0x0 0x0 0x19da27cd9f0 0x3401 0x0 0x0 0x0 0x0 0x0 0x0 0x0 0x0 0x9 0x3 0xffffffffffffffff 0xffffffffffffffff 0xffffffffffffffff oops 3 3 com/sun/tools/javac/tree/JCTree$JCIdent 5 com/sun/tools/javac/tree/JCTree$JCFieldAccess 10 lombok/javac/JavacAST methods 0
ciMethodData lombok/javac/JavacAST buildTree (Lcom/sun/tools/javac/tree/JCTree;Llombok/core/AST$Kind;)Llombok/javac/JavacNode; 2 13315 orig 80 0 0 0 0 0 0 0 0 0 0 0 0 157 1 0 0 0 0 0 0 0 0 0 0 0 0 0 0 0 0 0 0 0 0 0 0 0 0 0 0 0 0 0 0 0 0 0 0 0 0 0 0 0 0 0 0 0 0 0 0 0 0 0 0 0 0 0 0 0 0 0 0 0 0 0 0 0 0 0 0 data 139 0x2 0x3403 0x40005 0x3403 0x0 0x0 0x0 0x0 0x0 0x80008 0x16 0x0 0x320 0x0 0xc0 0x0 0x108 0x0 0x150 0x0 0x198 0x0 0x1e0 0x0 0x2c8 0x0 0x228 0x0 0x270 0x3403 0x2b8 0x0 0x310 0x420004 0x0 0x0 0x0 0x0 0x0 0x0 0x450002 0x0 0x4b0004 0x0 0x0 0x0 0x0 0x0 0x0 0x4e0002 0x0 0x540004 0x0 0x0 0x0 0x0 0x0 0x0 0x570002 0x0 0x5d0004 0x0 0x0 0x0 0x0 0x0 0x0 0x600002 0x0 0x660004 0x0 0x0 0x0 0x0 0x0 0x0 0x690002 0x0 0x6f0004 0x0 0x0 0x0 0x0 0x0 0x0 0x730002 0x0 0x790004 0x0 0x0 0x0 0x0 0x0 0x0 0x7d0002 0x0 0x830002 0x3403 0x890004 0x0 0x0 0x0 0x0 0x0 0x0 0x8d0002 0x0 0x930002 0x0 0xa20002 0x0 0xa60005 0x0 0x0 0x0 0x0 0x0 0x0 0xa90005 0x0 0x0 0x0 0x0 0x0 0x0 0xac0002 0x0 0x0 0x0 0x0 0x0 0x0 0x0 0x0 0x9 0x3 0x0 0x0 0x0 oops 0 methods 0
ciMethodData lombok/javac/JavacAST buildAnnotation (Lcom/sun/tools/javac/tree/JCTree$JCAnnotation;Z)Llombok/javac/JavacNode; 2 2508 orig 80 0 0 0 0 0 0 0 0 0 0 0 0 157 1 0 0 0 0 0 0 0 0 0 0 0 0 0 0 0 0 0 0 0 0 0 0 0 0 0 0 0 0 0 0 0 0 0 0 0 0 0 0 0 0 0 0 0 0 0 0 0 0 0 0 0 0 0 0 0 0 0 0 0 0 0 0 0 0 0 0 data 42 0x20005 0x0 0x0 0x19da27cd9f0 0x9cc 0x0 0x0 0x70007 0x6a0 0x40 0x32c 0xb0007 0x32c 0x20 0x0 0x1b0002 0x9cc 0x1e0005 0x0 0x0 0x19da27cd9f0 0x9cc 0x0 0x0 0x210004 0x0 0x0 0x19da27cdce8 0x106 0x0 0x0 0x0 0x0 0x0 0x0 0x0 0x0 0x9 0x3 0x0 0x0 0x0 oops 3 3 lombok/javac/JavacAST 20 lombok/javac/JavacAST 27 lombok/javac/JavacNode methods 0
ciMethodData lombok/core/AST buildWithCollection (Ljava/lang/Class;Ljava/lang/Object;Ljava/util/Collection;I)V 2 8809 orig 80 0 0 0 0 0 0 0 0 0 0 0 0 157 1 0 0 0 0 0 0 0 0 0 0 0 0 0 0 0 0 0 0 0 0 0 0 0 0 0 0 0 0 0 0 0 0 0 0 0 0 0 0 0 0 0 0 0 0 0 0 0 0 0 0 0 0 0 0 0 0 0 0 0 0 0 0 0 0 0 0 data 131 0x30007 0x0 0x288 0x2269 0x70004 0x0 0x0 0x19d5ac38a88 0x8a8 0x19d5ac3a128 0x19c1 0xa0005 0x0 0x0 0x19d5ac38a88 0x8a8 0x19d5ac3a128 0x19c1 0x110003 0x2269 0x188 0x160005 0x0 0x0 0x19d5ac3a1d8 0xccc 0x0 0x0 0x1f0007 0xccc 0x38 0x0 0x220003 0x0 0x118 0x2b0005 0x0 0x0 0x19da27cd9f0 0xccc 0x0 0x0 0x320007 0x0 0xc8 0xccc 0x390005 0xccc 0x0 0x0 0x0 0x0 0x0 0x3c0004 0x0 0x0 0x19da27cdce8 0x4d 0x0 0x0 0x3f0005 0x0 0x0 0x19d5a327978 0xccc 0x0 0x0 0x470005 0x0 0x0 0x19d5ac3a1d8 0x1574 0x19d5ac3a288 0x19c1 0x4c0007 0xccc 0xfffffffffffffe58 0x2269 0x4f0003 0x2269 0x140 0x530004 0x0 0x0 0x0 0x0 0x0 0x0 0x560005 0x0 0x0 0x0 0x0 0x0 0x0 0x5d0003 0x0 0x60 0x620005 0x0 0x0 0x0 0x0 0x0 0x0 0x720002 0x0 0x770005 0x0 0x0 0x0 0x0 0x0 0x0 0x7c0007 0x0 0xffffffffffffff80 0x0 0x0 0x0 0x0 0x0 0x0 0x0 0x9 0x5 0xffffffffffffffff 0xffffffffffffffff 0xffffffffffffffff 0xffffffffffffffff 0x0 oops 10 7 com/sun/tools/javac/util/List 9 com/sun/tools/javac/util/List$1 14 com/sun/tools/javac/util/List 16 com/sun/tools/javac/util/List$1 24 com/sun/tools/javac/util/List$2 38 lombok/javac/JavacAST 56 lombok/javac/JavacNode 63 java/util/ArrayList 70 com/sun/tools/javac/util/List$2 72 java/util/Collections$EmptyIterator methods 0
ciMethodData lombok/core/AST getFields (Ljava/lang/Class;Ljava/util/Collection;)V 1 41 orig 80 0 0 0 0 0 0 0 0 0 0 0 0 157 1 0 0 0 0 0 0 0 0 0 0 0 0 0 0 0 0 0 0 0 0 0 0 0 0 0 0 0 0 0 0 0 0 0 0 0 0 0 0 0 0 0 0 0 0 0 0 0 0 0 0 0 0 0 0 0 0 0 0 0 0 0 0 0 0 0 0 data 144 0x30007 0xa 0x40 0x1f 0x70007 0x1f 0x20 0x0 0xc0005 0x1f 0x0 0x0 0x0 0x0 0x0 0x180003 0x1f 0x348 0x220005 0x37 0x0 0x0 0x0 0x0 0x0 0x250002 0x37 0x280007 0x35 0x38 0x2 0x2b0003 0x2 0x2c8 0x2f0005 0x35 0x0 0x0 0x0 0x0 0x0 0x390005 0x35 0x0 0x0 0x0 0x0 0x0 0x3c0007 0x35 0x128 0x0 0x3f0003 0x0 0x50 0x470005 0x0 0x0 0x0 0x0 0x0 0x0 0x4e0005 0x0 0x0 0x0 0x0 0x0 0x0 0x510007 0x0 0xffffffffffffff90 0x0 0x540003 0x0 0xb8 0x5c0005 0x4 0x0 0x0 0x0 0x0 0x0 0x5f0002 0x4 0x680005 0x39 0x0 0x0 0x0 0x0 0x0 0x6b0007 0x4 0xffffffffffffff80 0x35 0x730005 0x35 0x0 0x0 0x0 0x0 0x0 0x760002 0x35 0x790007 0x25 0x78 0x10 0x7d0002 0x10 0x890002 0x10 0x8c0005 0x0 0x0 0x19d5a327978 0x10 0x0 0x0 0x990007 0x37 0xfffffffffffffcd0 0x1f 0x9e0005 0x1f 0x0 0x0 0x0 0x0 0x0 0xa20002 0x1f 0x0 0x0 0x0 0x0 0x0 0x0 0x9 0x3 0x0 0x0 0x0 oops 1 116 java/util/ArrayList methods 0
ciMethodData lombok/javac/JavacAST $SWITCH_TABLE$lombok$core$AST$Kind ()[I 2 13302 orig 80 0 0 0 0 0 0 0 0 0 0 0 0 157 1 0 0 0 0 0 0 0 0 0 0 0 0 0 0 0 0 0 0 0 0 0 0 0 0 0 0 0 0 0 0 0 0 0 0 0 0 0 0 0 0 0 0 0 0 0 0 0 0 0 0 0 0 0 0 0 0 0 0 0 0 0 0 0 0 0 0 data 119 0x40007 0x0 0x20 0x33f6 0x90002 0x0 0x140005 0x0 0x0 0x0 0x0 0x0 0x0 0x1a0003 0x0 0x18 0x220005 0x0 0x0 0x0 0x0 0x0 0x0 0x280003 0x0 0x18 0x300005 0x0 0x0 0x0 0x0 0x0 0x0 0x350003 0x0 0x18 0x3d0005 0x0 0x0 0x0 0x0 0x0 0x0 0x420003 0x0 0x18 0x4a0005 0x0 0x0 0x0 0x0 0x0 0x0 0x4f0003 0x0 0x18 0x570005 0x0 0x0 0x0 0x0 0x0 0x0 0x5d0003 0x0 0x18 0x650005 0x0 0x0 0x0 0x0 0x0 0x0 0x6a0003 0x0 0x18 0x720005 0x0 0x0 0x0 0x0 0x0 0x0 0x780003 0x0 0x18 0x800005 0x0 0x0 0x0 0x0 0x0 0x0 0x850003 0x0 0x18 0x8d0005 0x0 0x0 0x0 0x0 0x0 0x0 0x930003 0x0 0x18 0x0 0x0 0x0 0x0 0x0 0x0 0x0 0x0 0x0 0x0 0x0 0x9 0x0 oops 0 methods 0
compile lombok/javac/JavacAST drill (Lcom/sun/tools/javac/tree/JCTree;)Llombok/javac/JavacNode; -1 4 inline 183 0 -1 0 lombok/javac/JavacAST drill (Lcom/sun/tools/javac/tree/JCTree;)Llombok/javac/JavacNode; 1 4 0 java/util/ArrayList <init> ()V 2 1 0 java/util/AbstractList <init> ()V 3 1 0 java/util/AbstractCollection <init> ()V 4 1 0 java/lang/Object <init> ()V 1 13 0 lombok/core/AST fieldsOf (Ljava/lang/Class;)[Llombok/core/AST$FieldAccess; 2 4 0 java/util/concurrent/ConcurrentHashMap get (Ljava/lang/Object;)Ljava/lang/Object; 3 4 0 java/util/concurrent/ConcurrentHashMap spread (I)I 3 34 0 java/util/concurrent/ConcurrentHashMap tabAt ([Ljava/util/concurrent/ConcurrentHashMap$Node;I)Ljava/util/concurrent/ConcurrentHashMap$Node; 3 73 0 java/lang/Object equals (Ljava/lang/Object;)Z 3 149 0 java/lang/Object equals (Ljava/lang/Object;)Z 2 23 0 java/util/ArrayList <init> ()V 3 1 0 java/util/AbstractList <init> ()V 4 1 0 java/util/AbstractCollection <init> ()V 5 1 0 java/lang/Object <init> ()V 1 40 0 lombok/core/AST buildWithField (Ljava/lang/Class;Ljava/lang/Object;Llombok/core/AST$FieldAccess;)Ljava/util/Collection; 2 4 0 java/util/ArrayList <init> ()V 3 1 0 java/util/AbstractList <init> ()V 4 1 0 java/util/AbstractCollection <init> ()V 5 1 0 java/lang/Object <init> ()V 2 15 0 lombok/core/AST buildWithField0 (Ljava/lang/Class;Ljava/lang/Object;Llombok/core/AST$FieldAccess;Ljava/util/Collection;)V 3 5 0 java/lang/reflect/Field get (Ljava/lang/Object;)Ljava/lang/Object; 4 29 0 java/lang/reflect/Field getOverrideFieldAccessor ()Ljdk/internal/reflect/FieldAccessor; 4 33 0 jdk/internal/reflect/MethodHandleObjectFieldAccessorImpl get (Ljava/lang/Object;)Ljava/lang/Object; 5 1 0 jdk/internal/reflect/MethodHandleFieldAccessorImpl isStatic ()Z 5 22 0 java/lang/invoke/Invokers$Holder invokeExact_MT (Ljava/lang/Object;Ljava/lang/Object;Ljava/lang/Object;)Ljava/lang/Object; 6 10 0 java/lang/invoke/Invokers checkExactType (Ljava/lang/invoke/MethodHandle;Ljava/lang/invoke/MethodType;)V 7 1 0 java/lang/invoke/MethodHandle type ()Ljava/lang/invoke/MethodType; 6 14 0 java/lang/invoke/Invokers checkCustomized (Ljava/lang/invoke/MethodHandle;)V 3 29 0 lombok/javac/JavacAST buildTree (Ljava/lang/Object;Llombok/core/AST$Kind;)Llombok/core/LombokNode; 4 6 0 lombok/javac/JavacAST buildTree (Lcom/sun/tools/javac/tree/JCTree;Llombok/core/AST$Kind;)Llombok/javac/JavacNode; 5 0 0 lombok/javac/JavacAST $SWITCH_TABLE$lombok$core$AST$Kind ()[I 5 4 0 java/lang/Enum ordinal ()I 5 131 0 lombok/javac/JavacAST buildStatementOrExpression (Lcom/sun/tools/javac/tree/JCTree;)Llombok/javac/JavacNode; 6 70 0 java/lang/Class getName ()Ljava/lang/String; 6 76 0 java/lang/String equals (Ljava/lang/Object;)Z 6 106 0 lombok/core/AST setAndGetAsHandled (Ljava/lang/Object;)Z 7 6 0 java/util/IdentityHashMap put (Ljava/lang/Object;Ljava/lang/Object;)Ljava/lang/Object; 8 1 0 java/util/IdentityHashMap maskNull (Ljava/lang/Object;)Ljava/lang/Object; 8 19 0 java/util/IdentityHashMap hash (Ljava/lang/Object;I)I 8 65 0 java/util/IdentityHashMap nextKeyIndex (II)I 6 116 0 lombok/javac/JavacAST drill (Lcom/sun/tools/javac/tree/JCTree;)Llombok/javac/JavacNode; 7 4 0 java/util/ArrayList <init> ()V 8 1 0 java/util/AbstractList <init> ()V 9 1 0 java/util/AbstractCollection <init> ()V 10 1 0 java/lang/Object <init> ()V 7 13 0 lombok/core/AST fieldsOf (Ljava/lang/Class;)[Llombok/core/AST$FieldAccess; 8 4 0 java/util/concurrent/ConcurrentHashMap get (Ljava/lang/Object;)Ljava/lang/Object; 9 4 0 java/util/concurrent/ConcurrentHashMap spread (I)I 9 34 0 java/util/concurrent/ConcurrentHashMap tabAt ([Ljava/util/concurrent/ConcurrentHashMap$Node;I)Ljava/util/concurrent/ConcurrentHashMap$Node; 9 73 0 java/lang/Object equals (Ljava/lang/Object;)Z 9 149 0 java/lang/Object equals (Ljava/lang/Object;)Z 8 23 0 java/util/ArrayList <init> ()V 9 1 0 java/util/AbstractList <init> ()V 10 1 0 java/util/AbstractCollection <init> ()V 11 1 0 java/lang/Object <init> ()V 7 40 0 lombok/core/AST buildWithField (Ljava/lang/Class;Ljava/lang/Object;Llombok/core/AST$FieldAccess;)Ljava/util/Collection; 8 4 0 java/util/ArrayList <init> ()V 9 1 0 java/util/AbstractList <init> ()V 10 1 0 java/util/AbstractCollection <init> ()V 11 1 0 java/lang/Object <init> ()V 8 15 0 lombok/core/AST buildWithField0 (Ljava/lang/Class;Ljava/lang/Object;Llombok/core/AST$FieldAccess;Ljava/util/Collection;)V 9 5 0 java/lang/reflect/Field get (Ljava/lang/Object;)Ljava/lang/Object; 10 29 0 java/lang/reflect/Field getOverrideFieldAccessor ()Ljdk/internal/reflect/FieldAccessor; 10 33 0 jdk/internal/reflect/MethodHandleObjectFieldAccessorImpl get (Ljava/lang/Object;)Ljava/lang/Object; 11 1 0 jdk/internal/reflect/MethodHandleFieldAccessorImpl isStatic ()Z 11 22 0 java/lang/invoke/Invokers$Holder invokeExact_MT (Ljava/lang/Object;Ljava/lang/Object;Ljava/lang/Object;)Ljava/lang/Object; 12 10 0 java/lang/invoke/Invokers checkExactType (Ljava/lang/invoke/MethodHandle;Ljava/lang/invoke/MethodType;)V 13 1 0 java/lang/invoke/MethodHandle type ()Ljava/lang/invoke/MethodType; 12 14 0 java/lang/invoke/Invokers checkCustomized (Ljava/lang/invoke/MethodHandle;)V 9 29 0 lombok/javac/JavacAST buildTree (Ljava/lang/Object;Llombok/core/AST$Kind;)Llombok/core/LombokNode; 10 6 0 lombok/javac/JavacAST buildTree (Lcom/sun/tools/javac/tree/JCTree;Llombok/core/AST$Kind;)Llombok/javac/JavacNode; 11 0 0 lombok/javac/JavacAST $SWITCH_TABLE$lombok$core$AST$Kind ()[I 11 4 0 java/lang/Enum ordinal ()I 11 131 0 lombok/javac/JavacAST buildStatementOrExpression (Lcom/sun/tools/javac/tree/JCTree;)Llombok/javac/JavacNode; 12 70 0 java/lang/Class getName ()Ljava/lang/String; 12 76 0 java/lang/String equals (Ljava/lang/Object;)Z 12 106 0 lombok/core/AST setAndGetAsHandled (Ljava/lang/Object;)Z 13 6 0 java/util/IdentityHashMap put (Ljava/lang/Object;Ljava/lang/Object;)Ljava/lang/Object; 14 1 0 java/util/IdentityHashMap maskNull (Ljava/lang/Object;)Ljava/lang/Object; 14 19 0 java/util/IdentityHashMap hash (Ljava/lang/Object;I)I 14 65 0 java/util/IdentityHashMap nextKeyIndex (II)I 9 50 0 java/util/ArrayList add (Ljava/lang/Object;)Z 10 20 0 java/util/ArrayList add (Ljava/lang/Object;[Ljava/lang/Object;I)V 11 7 0 java/util/ArrayList grow ()[Ljava/lang/Object; 12 7 0 java/util/ArrayList grow (I)[Ljava/lang/Object; 13 27 0 jdk/internal/util/ArraysSupport newLength (III)I 13 37 0 java/util/Arrays copyOf ([Ljava/lang/Object;I)[Ljava/lang/Object; 9 106 0 lombok/core/AST buildWithCollection (Ljava/lang/Class;Ljava/lang/Object;Ljava/util/Collection;I)V 10 10 0 com/sun/tools/javac/util/List iterator ()Ljava/util/Iterator; 11 7 0 com/sun/tools/javac/util/Iterators emptyIterator ()Ljava/util/Iterator; 11 16 0 com/sun/tools/javac/util/List$2 <init> (Lcom/sun/tools/javac/util/List;)V 12 6 0 java/lang/Object <init> ()V 10 71 0 java/util/Collections$EmptyIterator hasNext ()Z 10 71 0 com/sun/tools/javac/util/List$2 hasNext ()Z 10 22 0 com/sun/tools/javac/util/List$2 next ()Ljava/lang/Object; 10 43 0 lombok/javac/JavacAST buildTree (Ljava/lang/Object;Llombok/core/AST$Kind;)Llombok/core/LombokNode; 11 6 0 lombok/javac/JavacAST buildTree (Lcom/sun/tools/javac/tree/JCTree;Llombok/core/AST$Kind;)Llombok/javac/JavacNode; 12 0 0 lombok/javac/JavacAST $SWITCH_TABLE$lombok$core$AST$Kind ()[I 12 4 0 java/lang/Enum ordinal ()I 12 131 0 lombok/javac/JavacAST buildStatementOrExpression (Lcom/sun/tools/javac/tree/JCTree;)Llombok/javac/JavacNode; 13 70 0 java/lang/Class getName ()Ljava/lang/String; 13 76 0 java/lang/String equals (Ljava/lang/Object;)Z 13 106 0 lombok/core/AST setAndGetAsHandled (Ljava/lang/Object;)Z 14 6 0 java/util/IdentityHashMap put (Ljava/lang/Object;Ljava/lang/Object;)Ljava/lang/Object; 15 1 0 java/util/IdentityHashMap maskNull (Ljava/lang/Object;)Ljava/lang/Object; 15 19 0 java/util/IdentityHashMap hash (Ljava/lang/Object;I)I 15 65 0 java/util/IdentityHashMap nextKeyIndex (II)I 10 63 0 java/util/ArrayList add (Ljava/lang/Object;)Z 11 20 0 java/util/ArrayList add (Ljava/lang/Object;[Ljava/lang/Object;I)V 12 7 0 java/util/ArrayList grow ()[Ljava/lang/Object; 13 7 0 java/util/ArrayList grow (I)[Ljava/lang/Object; 14 27 0 jdk/internal/util/ArraysSupport newLength (III)I 14 37 0 java/util/Arrays copyOf ([Ljava/lang/Object;I)[Ljava/lang/Object; 7 43 0 java/util/ArrayList addAll (Ljava/util/Collection;)Z 8 1 0 java/util/ArrayList toArray ()[Ljava/lang/Object; 9 8 0 java/util/Arrays copyOf ([Ljava/lang/Object;I)[Ljava/lang/Object; 8 51 0 java/util/ArrayList grow (I)[Ljava/lang/Object; 9 27 0 jdk/internal/util/ArraysSupport newLength (III)I 9 37 0 java/util/Arrays copyOf ([Ljava/lang/Object;I)[Ljava/lang/Object; 3 50 0 java/util/ArrayList add (Ljava/lang/Object;)Z 4 20 0 java/util/ArrayList add (Ljava/lang/Object;[Ljava/lang/Object;I)V 5 7 0 java/util/ArrayList grow ()[Ljava/lang/Object; 6 7 0 java/util/ArrayList grow (I)[Ljava/lang/Object; 7 27 0 jdk/internal/util/ArraysSupport newLength (III)I 7 37 0 java/util/Arrays copyOf ([Ljava/lang/Object;I)[Ljava/lang/Object; 3 106 0 lombok/core/AST buildWithCollection (Ljava/lang/Class;Ljava/lang/Object;Ljava/util/Collection;I)V 4 10 0 com/sun/tools/javac/util/List iterator ()Ljava/util/Iterator; 5 7 0 com/sun/tools/javac/util/Iterators emptyIterator ()Ljava/util/Iterator; 5 16 0 com/sun/tools/javac/util/List$2 <init> (Lcom/sun/tools/javac/util/List;)V 6 6 0 java/lang/Object <init> ()V 4 71 0 java/util/Collections$EmptyIterator hasNext ()Z 4 71 0 com/sun/tools/javac/util/List$2 hasNext ()Z 4 22 0 com/sun/tools/javac/util/List$2 next ()Ljava/lang/Object; 4 43 0 lombok/javac/JavacAST buildTree (Ljava/lang/Object;Llombok/core/AST$Kind;)Llombok/core/LombokNode; 5 6 0 lombok/javac/JavacAST buildTree (Lcom/sun/tools/javac/tree/JCTree;Llombok/core/AST$Kind;)Llombok/javac/JavacNode; 6 0 0 lombok/javac/JavacAST $SWITCH_TABLE$lombok$core$AST$Kind ()[I 6 4 0 java/lang/Enum ordinal ()I 6 131 0 lombok/javac/JavacAST buildStatementOrExpression (Lcom/sun/tools/javac/tree/JCTree;)Llombok/javac/JavacNode; 7 70 0 java/lang/Class getName ()Ljava/lang/String; 7 76 0 java/lang/String equals (Ljava/lang/Object;)Z 7 106 0 lombok/core/AST setAndGetAsHandled (Ljava/lang/Object;)Z 8 6 0 java/util/IdentityHashMap put (Ljava/lang/Object;Ljava/lang/Object;)Ljava/lang/Object; 9 1 0 java/util/IdentityHashMap maskNull (Ljava/lang/Object;)Ljava/lang/Object; 9 19 0 java/util/IdentityHashMap hash (Ljava/lang/Object;I)I 9 65 0 java/util/IdentityHashMap nextKeyIndex (II)I 7 116 0 lombok/javac/JavacAST drill (Lcom/sun/tools/javac/tree/JCTree;)Llombok/javac/JavacNode; 8 4 0 java/util/ArrayList <init> ()V 9 1 0 java/util/AbstractList <init> ()V 10 1 0 java/util/AbstractCollection <init> ()V 11 1 0 java/lang/Object <init> ()V 8 13 0 lombok/core/AST fieldsOf (Ljava/lang/Class;)[Llombok/core/AST$FieldAccess; 9 4 0 java/util/concurrent/ConcurrentHashMap get (Ljava/lang/Object;)Ljava/lang/Object; 10 4 0 java/util/concurrent/ConcurrentHashMap spread (I)I 10 34 0 java/util/concurrent/ConcurrentHashMap tabAt ([Ljava/util/concurrent/ConcurrentHashMap$Node;I)Ljava/util/concurrent/ConcurrentHashMap$Node; 10 73 0 java/lang/Object equals (Ljava/lang/Object;)Z 10 149 0 java/lang/Object equals (Ljava/lang/Object;)Z 9 23 0 java/util/ArrayList <init> ()V 10 1 0 java/util/AbstractList <init> ()V 11 1 0 java/util/AbstractCollection <init> ()V 12 1 0 java/lang/Object <init> ()V 8 40 0 lombok/core/AST buildWithField (Ljava/lang/Class;Ljava/lang/Object;Llombok/core/AST$FieldAccess;)Ljava/util/Collection; 9 4 0 java/util/ArrayList <init> ()V 10 1 0 java/util/AbstractList <init> ()V 11 1 0 java/util/AbstractCollection <init> ()V 12 1 0 java/lang/Object <init> ()V 9 15 0 lombok/core/AST buildWithField0 (Ljava/lang/Class;Ljava/lang/Object;Llombok/core/AST$FieldAccess;Ljava/util/Collection;)V 10 5 0 java/lang/reflect/Field get (Ljava/lang/Object;)Ljava/lang/Object; 11 29 0 java/lang/reflect/Field getOverrideFieldAccessor ()Ljdk/internal/reflect/FieldAccessor; 11 33 0 jdk/internal/reflect/MethodHandleObjectFieldAccessorImpl get (Ljava/lang/Object;)Ljava/lang/Object; 12 1 0 jdk/internal/reflect/MethodHandleFieldAccessorImpl isStatic ()Z 12 22 0 java/lang/invoke/Invokers$Holder invokeExact_MT (Ljava/lang/Object;Ljava/lang/Object;Ljava/lang/Object;)Ljava/lang/Object; 13 10 0 java/lang/invoke/Invokers checkExactType (Ljava/lang/invoke/MethodHandle;Ljava/lang/invoke/MethodType;)V 14 1 0 java/lang/invoke/MethodHandle type ()Ljava/lang/invoke/MethodType; 13 14 0 java/lang/invoke/Invokers checkCustomized (Ljava/lang/invoke/MethodHandle;)V 10 29 0 lombok/javac/JavacAST buildTree (Ljava/lang/Object;Llombok/core/AST$Kind;)Llombok/core/LombokNode; 11 6 0 lombok/javac/JavacAST buildTree (Lcom/sun/tools/javac/tree/JCTree;Llombok/core/AST$Kind;)Llombok/javac/JavacNode; 12 0 0 lombok/javac/JavacAST $SWITCH_TABLE$lombok$core$AST$Kind ()[I 12 4 0 java/lang/Enum ordinal ()I 12 131 0 lombok/javac/JavacAST buildStatementOrExpression (Lcom/sun/tools/javac/tree/JCTree;)Llombok/javac/JavacNode; 13 70 0 java/lang/Class getName ()Ljava/lang/String; 13 76 0 java/lang/String equals (Ljava/lang/Object;)Z 1 82 0 java/lang/Throwable getMessage ()Ljava/lang/String;
